Edicao;Recorte;cod_final;produto;categoria;subcategoria;qualidade;status;somado_em;n1_num;anos_ausentes;prevalencia;ucs_com_gasto;part_categoria;part_consumo;part_consumo_sem_aluguel;N_UC;prev_li;prev_ls;part_consumo_li;part_consumo_ls;gasto_medio_2018
2002-2003;Brasil;01101;Arroz integral;Cereais e leguminosas;Cereais;Alta;ok;;1;"";35.9171;19798;59.5353;0.9595;1.1472;48568;35.1259;36.7084;0.9188;1.0002;33.387
2002-2003;Brasil;01102;Milho seco;Cereais e leguminosas;Cereais;Alta;ok;;1;"";9.4451;4383;5.1594;0.0832;0.0994;48568;8.957;9.9332;0.0743;0.092;2.8933
2002-2003;Brasil;01103;Outros;Cereais e leguminosas;Cereais;Alta;ok;;1;"";3.7318;1474;1.8689;0.0301;0.036;48568;3.4231;4.0405;0.0246;0.0356;1.0481
2002-2003;Brasil;01201;Feijão-fradinho;Cereais e leguminosas;Leguminosas;Alta;ok;;1;"";3.4462;2366;3.4581;0.0557;0.0666;48568;3.1575;3.7349;0.0493;0.0621;1.9393
2002-2003;Brasil;01202;Feijão-jalo;Cereais e leguminosas;Leguminosas;Baixa;ok;;1;2008, 2017;0.7722;615;1.0266;0.0165;0.0198;48568;0.6551;0.8893;0.003;0.0301;0.5757
2002-2003;Brasil;01203;Feijão-manteiga;Cereais e leguminosas;Leguminosas;Alta;ok;;1;"";1.0432;800;0.8397;0.0135;0.0162;48568;0.8884;1.1981;0.0107;0.0164;0.4709
2002-2003;Brasil;01204;Feijão-mulatinho;Cereais e leguminosas;Leguminosas;Alta;ok;;1;"";2.3196;1392;1.8411;0.0297;0.0355;48568;2.0839;2.5552;0.0255;0.0339;1.0325
2002-2003;Brasil;01205;Feijão-preto;Cereais e leguminosas;Leguminosas;Alta;ok;;1;"";9.2532;4052;7.5443;0.1216;0.1454;48568;8.7774;9.729;0.1133;0.1299;4.2308
2002-2003;Brasil;01206;Feijão-rajado;Cereais e leguminosas;Leguminosas;Alta;ok;;1;"";12.5095;6330;14.7706;0.238;0.2846;48568;11.8577;13.1612;0.2194;0.2567;8.2833
2002-2003;Brasil;01207;Feijão-roxo;Cereais e leguminosas;Leguminosas;Alta;ok;;1;"";0.2316;173;0.2401;0.0039;0.0046;48568;0.178;0.2853;0.0026;0.0051;0.1346
2002-2003;Brasil;01208;Outros feijões;Cereais e leguminosas;Leguminosas;Alta;ok;;1;"";4.0889;2445;3.716;0.0599;0.0716;48568;3.7101;4.4676;0.0526;0.0671;2.0839
2002-2003;Brasil;01209;Outras;Cereais e leguminosas;Leguminosas;Média;ausente;;1;2002;;;;;;48568;;;;;
2002-2003;Brasil;02101;Agrião;Hortaliças;Hortaliças folhosas e florais;Alta;ok;;2;"";1.2245;288;0.5083;0.0042;0.005;48568;1.0002;1.4488;0.0032;0.0051;0.1446
2002-2003;Brasil;02102;Alface;Hortaliças;Hortaliças folhosas e florais;Alta;ok;;2;"";17.3561;6351;8.0103;0.0655;0.0783;48568;16.5752;18.1371;0.061;0.0701;2.2794
2002-2003;Brasil;02103;Cheiro-verde;Hortaliças;Hortaliças folhosas e florais;Alta;ok;;2;"";9.4058;5560;2.7405;0.0224;0.0268;48568;8.9509;9.8608;0.0208;0.024;0.7798
2002-2003;Brasil;02104;Couve;Hortaliças;Hortaliças folhosas e florais;Alta;ok;;2;"";6.4723;2485;2.6172;0.0214;0.0256;48568;6.0553;6.8893;0.0196;0.0232;0.7447
2002-2003;Brasil;02105;Couve-flor;Hortaliças;Hortaliças folhosas e florais;Alta;ok;;2;"";1.587;503;0.8798;0.0072;0.0086;48568;1.3392;1.8347;0.0059;0.0085;0.2504
2002-2003;Brasil;02106;Repolho fresco;Hortaliças;Hortaliças folhosas e florais;Alta;ok;;2;"";6.1413;2758;2.054;0.0168;0.0201;48568;5.7391;6.5434;0.0155;0.0181;0.5845
2002-2003;Brasil;02107;Outras;Hortaliças;Hortaliças folhosas e florais;Alta;ok;;2;"";8.2321;4025;2.7276;0.0223;0.0267;48568;7.7678;8.6964;0.0206;0.024;0.7762
2002-2003;Brasil;02201;Abóbora comum;Hortaliças;Hortaliças frutosas;Alta;ok;;2;"";6.0927;2751;3.095;0.0253;0.0303;48568;5.7024;6.4831;0.0232;0.0274;0.8807
2002-2003;Brasil;02202;Abobrinha;Hortaliças;Hortaliças frutosas;Alta;ok;;2;"";2.3982;665;0.8955;0.0073;0.0088;48568;2.0712;2.7252;0.0061;0.0085;0.2548
2002-2003;Brasil;02203;Berinjela;Hortaliças;Hortaliças frutosas;Alta;ok;;2;"";1.5906;379;0.5948;0.0049;0.0058;48568;1.3462;1.835;0.0038;0.0059;0.1693
2002-2003;Brasil;02204;Cebola;Hortaliças;Hortaliças frutosas;Alta;ok;;2;"";23.4864;11443;9.0899;0.0743;0.0889;48568;22.7264;24.2464;0.0709;0.0778;2.5866
2002-2003;Brasil;02205;Chuchu;Hortaliças;Hortaliças frutosas;Alta;ok;;2;"";5.7406;2404;2.1427;0.0175;0.021;48568;5.3395;6.1418;0.016;0.019;0.6097
2002-2003;Brasil;02206;Jiló;Hortaliças;Hortaliças frutosas;Alta;ok;;2;"";1.8572;678;0.5615;0.0046;0.0055;48568;1.6378;2.0767;0.004;0.0052;0.1598
2002-2003;Brasil;02207;Pepino fresco;Hortaliças;Hortaliças frutosas;Alta;ok;;2;"";3.8085;1634;1.3194;0.0108;0.0129;48568;3.5004;4.1167;0.0096;0.012;0.3755
2002-2003;Brasil;02208;Pimentão;Hortaliças;Hortaliças frutosas;Alta;ok;;2;"";9.5482;4649;2.5956;0.0212;0.0254;48568;9.048;10.0484;0.0196;0.0229;0.7386
2002-2003;Brasil;02209;Quiabo;Hortaliças;Hortaliças frutosas;Alta;ok;;2;"";3.4144;1560;1.5709;0.0128;0.0154;48568;3.1219;3.7069;0.0114;0.0143;0.447
2002-2003;Brasil;02210;Tomate;Hortaliças;Hortaliças frutosas;Alta;ok;;2;"";27.4733;13404;13.0412;0.1066;0.1275;48568;26.6994;28.2471;0.0977;0.1156;3.711
2002-2003;Brasil;02211;Vagem;Hortaliças;Hortaliças frutosas;Alta;ok;;2;"";2.4848;800;1.3597;0.0111;0.0133;48568;2.1764;2.7931;0.0089;0.0133;0.3869
2002-2003;Brasil;02212;Outras;Hortaliças;Hortaliças frutosas;Alta;ok;;2;"";5.6914;2500;5.7692;0.0472;0.0564;48568;5.2741;6.1087;0.0407;0.0537;1.6417
2002-2003;Brasil;02301;Alho;Hortaliças;Hortaliças tuberosas e outras;Alta;ok;;2;"";11.387;5387;7.0704;0.0578;0.0691;48568;10.8522;11.9218;0.0542;0.0614;2.012
2002-2003;Brasil;02302;Batata-doce;Hortaliças;Hortaliças tuberosas e outras;Alta;ok;;2;"";2.8812;1590;1.7171;0.014;0.0168;48568;2.6067;3.1556;0.0115;0.0166;0.4886
2002-2003;Brasil;02303;Batata-inglesa;Hortaliças;Hortaliças tuberosas e outras;Alta;ok;;2;"";19.0266;8259;13.971;0.1143;0.1366;48568;18.2976;19.7555;0.1074;0.1211;3.9756
2002-2003;Brasil;02304;Batata não especificada;Hortaliças;Hortaliças tuberosas e outras;Alta;ok;;2;"";5.6181;1746;4.1374;0.0338;0.0405;48568;5.0982;6.1379;0.0302;0.0375;1.1774
2002-2003;Brasil;02305;Beterraba;Hortaliças;Hortaliças tuberosas e outras;Alta;ok;;2;"";3.561;1682;1.1791;0.0096;0.0115;48568;3.254;3.868;0.0088;0.0105;0.3355
2002-2003;Brasil;02306;Cenoura;Hortaliças;Hortaliças tuberosas e outras;Alta;ok;;2;"";12.9997;5527;5.1051;0.0417;0.0499;48568;12.4098;13.5897;0.0396;0.0439;1.4527
2002-2003;Brasil;02307;Inhame;Hortaliças;Hortaliças tuberosas e outras;Alta;ok;;2;"";1.7473;1038;1.1147;0.0091;0.0109;48568;1.5553;1.9393;0.0081;0.0102;0.3172
2002-2003;Brasil;02308;Mandioca;Hortaliças;Hortaliças tuberosas e outras;Alta;ok;;2;"";5.7619;3107;3.7512;0.0307;0.0367;48568;5.3596;6.1642;0.027;0.0344;1.0675
2002-2003;Brasil;02309;Outras;Hortaliças;Hortaliças tuberosas e outras;Alta;ok;;2;"";0.754;284;0.3809;0.0031;0.0037;48568;0.6037;0.9043;0.0024;0.0038;0.1084
2002-2003;Brasil;03101;Abacate;Frutas;Frutas de clima tropical;Alta;ok;;3;"";1.5023;687;0.9748;0.0065;0.0078;48568;1.2855;1.7191;0.0055;0.0076;0.2271
2002-2003;Brasil;03102;Abacaxi;Frutas;Frutas de clima tropical;Alta;ok;;3;"";4.0701;1908;3.3897;0.0227;0.0271;48568;3.7296;4.4106;0.0204;0.025;0.7896
2002-2003;Brasil;03103;Banana-d'água;Frutas;Frutas de clima tropical;Alta;ok;;3;"";6.8341;1988;4.5669;0.0306;0.0366;48568;6.2621;7.4061;0.0277;0.0335;1.0638
2002-2003;Brasil;03104;Banana-maçã;Frutas;Frutas de clima tropical;Alta;ok;;3;"";2.0072;1213;1.8522;0.0124;0.0148;48568;1.7989;2.2155;0.011;0.0138;0.4314
2002-2003;Brasil;03105;Banana-prata;Frutas;Frutas de clima tropical;Alta;ok;;3;"";11.9345;5805;9.3286;0.0624;0.0747;48568;11.3893;12.4797;0.0585;0.0663;2.1729
2002-2003;Brasil;03106;Outras bananas;Frutas;Frutas de clima tropical;Alta;ok;;3;"";8.699;4517;6.7788;0.0454;0.0543;48568;8.1708;9.2272;0.0425;0.0483;1.579
2002-2003;Brasil;03107;Laranja-baía;Frutas;Frutas de clima tropical;Baixa;ok;;3;1987, 1995;0.3846;160;0.3864;0.0026;0.0031;48568;0.2985;0.4707;0.0019;0.0032;0.09
2002-2003;Brasil;03108;Laranja-lima;Frutas;Frutas de clima tropical;Alta;ok;;3;"";1.2341;454;1.0439;0.007;0.0084;48568;1.034;1.4342;0.0054;0.0085;0.2432
2002-2003;Brasil;03109;Laranja-pêra;Frutas;Frutas de clima tropical;Alta;ok;;3;"";6.9601;2657;6.2344;0.0417;0.0499;48568;6.4857;7.4345;0.0381;0.0454;1.4522
2002-2003;Brasil;03110;Laranja-seleta;Frutas;Frutas de clima tropical;Alta;ok;;3;"";0.3497;119;0.3725;0.0025;0.003;48568;0.2274;0.472;0.0014;0.0035;0.0868
2002-2003;Brasil;03111;Limão comum;Frutas;Frutas de clima tropical;Alta;ok;;3;"";4.7574;1907;2.0554;0.0138;0.0165;48568;4.3943;5.1205;0.012;0.0155;0.4788
2002-2003;Brasil;03112;Mamão;Frutas;Frutas de clima tropical;Alta;ok;;3;"";8.3822;3214;6.6095;0.0442;0.0529;48568;7.9426;8.8219;0.0413;0.0472;1.5396
2002-2003;Brasil;03113;Manga;Frutas;Frutas de clima tropical;Alta;ok;;3;"";4.2281;1833;3.921;0.0262;0.0314;48568;3.8308;4.6255;0.023;0.0295;0.9133
2002-2003;Brasil;03114;Maracujá;Frutas;Frutas de clima tropical;Alta;ok;;3;"";2.8472;1558;1.8159;0.0122;0.0145;48568;2.5796;3.1147;0.0109;0.0134;0.423
2002-2003;Brasil;03115;Melancia;Frutas;Frutas de clima tropical;Alta;ok;;3;"";3.9895;2129;5.7882;0.0387;0.0463;48568;3.6529;4.326;0.0332;0.0443;1.3482
2002-2003;Brasil;03116;Melão;Frutas;Frutas de clima tropical;Alta;ok;;3;"";1.5533;721;1.676;0.0112;0.0134;48568;1.353;1.7535;0.0094;0.0131;0.3904
2002-2003;Brasil;03117;Tangerina;Frutas;Frutas de clima tropical;Alta;ok;;3;"";3.9472;1372;5.7207;0.0383;0.0458;48568;3.4799;4.4145;0.0316;0.045;1.3325
2002-2003;Brasil;03118;Outras;Frutas;Frutas de clima tropical;Alta;ok;;3;"";18.7953;8539;22.4158;0.1501;0.1794;48568;18.1167;19.474;0.1419;0.1582;5.2213
2002-2003;Brasil;03201;Caqui;Frutas;Frutas de clima temperado;Baixa;ausente;;3;2002, 2008, 2017;;;;;;48568;;;;;
2002-2003;Brasil;03202;Maçã;Frutas;Frutas de clima temperado;Média;ausente;;3;2002;;;;;;48568;;;;;
2002-2003;Brasil;03203;Pêra;Frutas;Frutas de clima temperado;Alta;ok;;3;"";1.7505;493;2.5778;0.0173;0.0206;48568;1.4882;2.0128;0.0144;0.0201;0.6004
2002-2003;Brasil;03204;Uva;Frutas;Frutas de clima temperado;Alta;ok;;3;"";3.4348;1598;5.0746;0.034;0.0406;48568;3.0919;3.7778;0.0298;0.0381;1.182
2002-2003;Brasil;03205;Outras;Frutas;Frutas de clima temperado;Alta;ok;;3;"";4.6348;1609;7.417;0.0497;0.0594;48568;4.241;5.0287;0.0426;0.0567;1.7277
2002-2003;Brasil;04101;Coco-açaí em pasta;Cocos, castanhas e nozes;Cocos;Alta;ok;;4;"";0.991;794;38.3421;0.023;0.0275;48568;0.8162;1.1658;0.017;0.0291;0.8012
2002-2003;Brasil;04103;Coco-da-baía;Cocos, castanhas e nozes;Cocos;Alta;ok;;4;"";3.9992;1896;44.7341;0.0269;0.0321;48568;3.6827;4.3156;0.0236;0.0301;0.9348
2002-2003;Brasil;04104;Outros;Cocos, castanhas e nozes;Cocos;Alta;ok;;4;"";0.9621;489;16.9238;0.0102;0.0122;48568;0.8153;1.109;0.0074;0.013;0.3537
2002-2003;Brasil;05101;Farinha de mandioca;Farinhas, féculas e massas;Farinhas;Alta;ok;;5;"";15.4519;9871;18.4259;0.1657;0.1981;48568;14.9535;15.9504;0.1548;0.1766;5.7656
2002-2003;Brasil;05102;Farinha de rosca;Farinhas, féculas e massas;Farinhas;Alta;ok;;5;"";0.6409;194;0.3409;0.0031;0.0037;48568;0.496;0.7857;0.0024;0.0037;0.1067
2002-2003;Brasil;05103;Farinha de trigo;Farinhas, féculas e massas;Farinhas;Alta;ok;;5;"";10.5307;4871;19.1924;0.1726;0.2064;48568;9.994;11.0674;0.1567;0.1884;6.0055
2002-2003;Brasil;05104;Farinha vitaminada;Farinhas, féculas e massas;Farinhas;Alta;ok;;5;"";3.3357;1777;5.0494;0.0454;0.0543;48568;3.0804;3.5909;0.0399;0.0509;1.58
2002-2003;Brasil;05105;Outras;Farinhas, féculas e massas;Farinhas;Alta;ok;;5;"";0.4448;202;0.4214;0.0038;0.0045;48568;0.343;0.5466;0.0028;0.0048;0.1319
2002-2003;Brasil;05201;Amido de milho;Farinhas, féculas e massas;Féculas;Alta;ok;;5;"";1.9358;973;1.1684;0.0105;0.0126;48568;1.7226;2.149;0.009;0.012;0.3656
2002-2003;Brasil;05202;Fubá de milho;Farinhas, féculas e massas;Féculas;Alta;ok;;5;"";10.7313;6398;9.3896;0.0844;0.101;48568;10.2446;11.2181;0.0783;0.0905;2.9381
2002-2003;Brasil;05203;Fécula de mandioca;Farinhas, féculas e massas;Féculas;Baixa;ok;;5;2008, 2017;2.9859;1996;2.3047;0.0207;0.0248;48568;2.7536;3.2182;0.0185;0.0229;0.7212
2002-2003;Brasil;05204;Flocos de milho;Farinhas, féculas e massas;Féculas;Alta;ok;;5;"";1.655;1072;1.7109;0.0154;0.0184;48568;1.4753;1.8346;0.0126;0.0182;0.5354
2002-2003;Brasil;05206;Flocos de cereal;Farinhas, féculas e massas;Féculas;Alta;ok;;5;"";2.3255;1425;2.917;0.0262;0.0314;48568;2.1175;2.5335;0.0235;0.0289;0.9128
2002-2003;Brasil;05301;Macarrão com ovos;Farinhas, féculas e massas;Massas;Alta;ok;;5;"";26.7884;13167;30.7314;0.2764;0.3304;48568;26.057;27.5198;0.2646;0.2881;9.6162
2002-2003;Brasil;05302;Massa de pastel;Farinhas, féculas e massas;Massas;Alta;ok;;5;"";1.1622;361;1.0066;0.0091;0.0108;48568;0.9765;1.3479;0.0077;0.0104;0.315
2002-2003;Brasil;05303;Massa de pizza;Farinhas, féculas e massas;Massas;Alta;ok;;5;"";3.4575;1078;7.3414;0.066;0.0789;48568;3.0983;3.8168;0.057;0.075;2.2972
2002-2003;Brasil;06101;Pão de forma industrializado;Panificados;Pães;Alta;ok;;6;"";7.5697;2210;4.3627;0.076;0.0909;48568;7.036;8.1035;0.0694;0.0827;2.6454
2002-2003;Brasil;06102;Pão doce;Panificados;Pães;Alta;ok;;6;"";7.3403;3065;3.9788;0.0693;0.0829;48568;6.8819;7.7987;0.0554;0.0833;2.4127
2002-2003;Brasil;06103;Pão francês;Panificados;Pães;Alta;ok;;6;"";64.5829;28109;51.4868;0.8972;1.0727;48568;63.6938;65.4719;0.8687;0.9257;31.2204
2002-2003;Brasil;06104;Pão caseiro;Panificados;Pães;Alta;ok;;6;"";9.0827;3916;5.4579;0.0951;0.1137;48568;8.5623;9.603;0.0867;0.1036;3.3096
2002-2003;Brasil;06201;Bolo de trigo;Panificados;Bolos;Alta;ok;;6;"";6.6115;3027;5.9996;0.1046;0.125;48568;6.2222;7.0008;0.0877;0.1214;3.638
2002-2003;Brasil;06301;Biscoito doce;Panificados;Biscoitos, roscas, etc.;Alta;ok;;6;"";25.4285;11455;13.7711;0.24;0.2869;48568;24.6697;26.1874;0.2278;0.2522;8.3505
2002-2003;Brasil;06302;Biscoito salgado;Panificados;Biscoitos, roscas, etc.;Alta;ok;;6;"";24.3593;12247;11.1112;0.1936;0.2315;48568;23.6583;25.0603;0.1852;0.202;6.7376
2002-2003;Brasil;06303;Biscoito não especificado;Panificados;Biscoitos, roscas, etc.;Alta;ok;;6;"";9.8557;4535;3.8318;0.0668;0.0798;48568;9.3209;10.3904;0.0613;0.0722;2.3235
2002-2003;Brasil;07101;Alcatra;Carnes;Carnes bovinas de primeira;Alta;ok;;7;"";4.4944;1673;6.424;0.1565;0.1871;48568;4.0688;4.9199;0.139;0.1739;5.4442
2002-2003;Brasil;07102;Carne moída;Carnes;Carnes bovinas de primeira;Alta;ok;;7;"";8.3719;3073;4.6601;0.1135;0.1357;48568;7.8599;8.8838;0.1053;0.1217;3.9492
2002-2003;Brasil;07103;Carne não especificada;Carnes;Carnes bovinas de primeira;Alta;ok;;7;"";13.4814;7846;19.4949;0.4748;0.5677;48568;12.8765;14.0863;0.447;0.5026;16.5213
2002-2003;Brasil;07104;Chã-de-dentro;Carnes;Carnes bovinas de primeira;Alta;ok;;7;"";2.9785;1100;3.4299;0.0835;0.0999;48568;2.6453;3.3118;0.0735;0.0936;2.9067
2002-2003;Brasil;07105;Contrafilé;Carnes;Carnes bovinas de primeira;Alta;ok;;7;"";3.3824;1288;4.2622;0.1038;0.1241;48568;3.047;3.7178;0.0893;0.1183;3.6121
2002-2003;Brasil;07106;Filé e filé mignon;Carnes;Carnes bovinas de primeira;Alta;ok;;7;"";0.4941;182;0.9772;0.0238;0.0285;48568;0.3745;0.6137;0.0165;0.0311;0.8282
2002-2003;Brasil;07107;Lagarto comum;Carnes;Carnes bovinas de primeira;Alta;ok;;7;"";1.0993;391;1.168;0.0284;0.034;48568;0.8948;1.3038;0.0226;0.0343;0.9898
2002-2003;Brasil;07108;Lagarto redondo;Carnes;Carnes bovinas de primeira;Média;ausente;;7;2002;;;;;;48568;;;;;
2002-2003;Brasil;07109;Patinho;Carnes;Carnes bovinas de primeira;Alta;ok;;7;"";2.7456;1003;2.9372;0.0715;0.0855;48568;2.4621;3.0291;0.0628;0.0803;2.4892
2002-2003;Brasil;07201;Acém;Carnes;Carnes bovinas de segunda;Alta;ok;;7;"";3.0643;1017;2.7241;0.0663;0.0793;48568;2.696;3.4327;0.0565;0.0762;2.3086
2002-2003;Brasil;07203;Carne moída;Carnes;Carnes bovinas de segunda;Média;ausente;;7;2002;;;;;;48568;;;;;
2002-2003;Brasil;07204;Costela;Carnes;Carnes bovinas de segunda;Alta;ok;;7;"";5.2387;2904;4.7017;0.1145;0.1369;48568;4.8572;5.6202;0.1038;0.1252;3.9846
2002-2003;Brasil;07205;Músculo;Carnes;Carnes bovinas de segunda;Alta;ok;;7;"";1.9371;780;1.592;0.0388;0.0464;48568;1.6977;2.1765;0.0332;0.0443;1.3492
2002-2003;Brasil;07206;Pá;Carnes;Carnes bovinas de segunda;Alta;ok;;7;"";1.4462;583;1.4361;0.035;0.0418;48568;1.2504;1.6421;0.0289;0.0411;1.217
2002-2003;Brasil;07207;Peito;Carnes;Carnes bovinas de segunda;Alta;ok;;7;"";0.6802;282;0.5528;0.0135;0.0161;48568;0.5572;0.8032;0.0108;0.0162;0.4685
2002-2003;Brasil;07208;Outros  Capa de filé;Carnes;Carnes bovinas de segunda;Alta;ok;;7;"";16.6943;9660;17.1104;0.4167;0.4982;48568;16.0502;17.3384;0.389;0.4444;14.5006
2002-2003;Brasil;07401;Carré;Carnes;Carnes suínas com osso e sem osso;Alta;ok;;7;"";1.4287;315;1.0501;0.0256;0.0306;48568;1.1797;1.6776;0.0205;0.0306;0.8899
2002-2003;Brasil;07402;Costela;Carnes;Carnes suínas com osso e sem osso;Alta;ok;;7;"";1.6111;632;1.2326;0.03;0.0359;48568;1.4206;1.8016;0.0258;0.0342;1.0446
2002-2003;Brasil;07403;Lombo;Carnes;Carnes suínas com osso e sem osso;Alta;ok;;7;"";1.8294;800;1.8644;0.0454;0.0543;48568;1.6062;2.0527;0.0383;0.0525;1.58
2002-2003;Brasil;07404;Pernil;Carnes;Carnes suínas com osso e sem osso;Alta;ok;;7;"";1.2107;341;1.3082;0.0319;0.0381;48568;1.0019;1.4195;0.0253;0.0384;1.1087
2002-2003;Brasil;07405;Porco eviscerado;Carnes;Carnes suínas com osso e sem osso;Alta;ok;;7;"";0.0531;32;0.6248;0.0152;0.0182;48568;0.0241;0.082;0.001;0.0295;0.5295
2002-2003;Brasil;07501;Mortadela;Carnes;Carnes suínas outras;Alta;ok;;7;"";8.7998;3196;2.3785;0.0579;0.0693;48568;8.3088;9.2907;0.0537;0.0622;2.0157
2002-2003;Brasil;07502;Presunto;Carnes;Carnes suínas outras;Alta;ok;;7;"";8.062;2578;2.9166;0.071;0.0849;48568;7.544;8.58;0.0651;0.077;2.4717
2002-2003;Brasil;07503;Salsicha;Carnes;Carnes suínas outras;Alta;ok;;7;"";7.7847;2920;2.5568;0.0623;0.0745;48568;7.3152;8.2542;0.0572;0.0673;2.1668
2002-2003;Brasil;07504;Toucinho fresco;Carnes;Carnes suínas outras;Alta;ok;;7;"";3.176;1012;1.2655;0.0308;0.0368;48568;2.8444;3.5076;0.0271;0.0346;1.0724
2002-2003;Brasil;07506;Outras;Carnes;Carnes suínas outras;Alta;ok;;7;"";4.5144;1993;3.3721;0.0821;0.0982;48568;4.1473;4.8815;0.0726;0.0916;2.8578
2002-2003;Brasil;07601;Linguiça;Carnes;Carnes de outros animais;Alta;ok;;7;"";13.727;5065;7.9766;0.1943;0.2323;48568;13.0633;14.3908;0.1821;0.2064;6.7599
2002-2003;Brasil;07602;Outras;Carnes;Carnes de outros animais;Alta;ok;;7;"";1.3716;1024;1.9832;0.0483;0.0578;48568;1.2243;1.5189;0.0397;0.0569;1.6807
2002-2003;Brasil;08101;Bovina Fígado;Vísceras;Vísceras;Alta;ok;;8;"";3.2491;1529;27.9066;0.0363;0.0434;48568;2.9535;3.5447;0.0328;0.0398;1.2632
2002-2003;Brasil;08102;Bovina Outras;Vísceras;Vísceras;Alta;ok;;8;"";2.47;1369;23.4238;0.0305;0.0364;48568;2.2456;2.6943;0.0268;0.0341;1.0602
2002-2003;Brasil;08103;Vísceras suínas;Vísceras;Vísceras;Alta;ok;;8;"";1.8905;1014;35.9751;0.0468;0.056;48568;1.6808;2.1003;0.0379;0.0557;1.6284
2002-2003;Brasil;08104;Outras vísceras;Vísceras;Vísceras;Alta;ok;;8;"";1.1756;520;12.6945;0.0165;0.0197;48568;1.0033;1.3478;0.0133;0.0197;0.5746
2002-2003;Brasil;09101;Bacalhau;Pescados;Peixes de água salgada (marinhos);Alta;ok;;9;"";0.2794;115;7.3308;0.0262;0.0313;48568;0.1926;0.3662;0.0106;0.0418;0.9114
2002-2003;Brasil;09102;Sardinha fresca;Pescados;Peixes de água salgada (marinhos);Alta;ok;;9;"";0.2652;118;0.7869;0.0028;0.0034;48568;0.183;0.3474;0.0019;0.0037;0.0978
2002-2003;Brasil;09103;Sardinha em conserva;Pescados;Peixes de água salgada (marinhos);Alta;ok;;9;"";3.2348;1695;7.1867;0.0257;0.0307;48568;2.9752;3.4943;0.0226;0.0288;0.8935
2002-2003;Brasil;09104;Atum e bonito;Pescados;Peixes de água salgada (marinhos);Alta;ok;;9;"";0.9234;253;3.0395;0.0109;0.013;48568;0.7378;1.109;0.0086;0.0131;0.3779
2002-2003;Brasil;09105;Pescada;Pescados;Peixes de água salgada (marinhos);Alta;ok;;9;"";1.2952;774;7.0453;0.0252;0.0301;48568;1.1131;1.4773;0.0208;0.0295;0.8759
2002-2003;Brasil;09106;Corvina;Pescados;Peixes de água salgada (marinhos);Alta;ok;;9;"";0.762;266;4.6111;0.0165;0.0197;48568;0.6198;0.9043;0.0129;0.02;0.5733
2002-2003;Brasil;09107;Cação e tubarão;Pescados;Peixes de água salgada (marinhos);Alta;ok;;9;"";0.2114;69;1.4499;0.0052;0.0062;48568;0.121;0.3018;0.0028;0.0076;0.1803
2002-2003;Brasil;09108;Outros peixes marinhos - fresco/inteiro;Pescados;Peixes de água salgada (marinhos);Baixa;ok;;9;"";2.6798;1404;13.5376;0.0484;0.0578;48568;2.3982;2.9614;0.0415;0.0553;1.6831
2002-2003;Brasil;09109;Outros peixes marinhos - em filé;Pescados;Peixes de água salgada (marinhos);Média;ok;;9;"";1.0068;322;6.3625;0.0227;0.0272;48568;0.8343;1.1793;0.0176;0.0279;0.7911
2002-2003;Brasil;09110;Outros peixes marinhos - em postas;Pescados;Peixes de água salgada (marinhos);Baixa;ok;;9;"";0.2567;112;2.0722;0.0074;0.0089;48568;0.1704;0.3429;0.0043;0.0105;0.2576
2002-2003;Brasil;09111;Outros peixes marinhos - salgado/seco;Pescados;Peixes de água salgada (marinhos);Média;compartilhado;09108, 09105;9;1995;;;;;;48568;;;;;
2002-2003;Brasil;09112;Outros peixes marinhos - em conserva;Pescados;Peixes de água salgada (marinhos);Média;ok;;9;"";0.0236;13;0.1197;4e-04;5e-04;48568;0.0074;0.0398;1e-04;8e-04;0.0149
2002-2003;Brasil;09201;Tilápia;Pescados;Peixes de água doce;Alta;ok;;9;"";0.3872;230;1.9583;0.007;0.0084;48568;0.3049;0.4695;0.0054;0.0086;0.2435
2002-2003;Brasil;09202;Outros peixes de água doce (nominados);Pescados;Peixes de água doce;Média;ok;;9;"";1.6338;1319;9.9183;0.0354;0.0424;48568;1.4849;1.7828;0.0311;0.0398;1.2331
2002-2003;Brasil;09203;Peixes de água doce - fresco/inteiro;Pescados;Peixes de água doce;Média;ok;;9;"";4.5343;3280;27.5954;0.0986;0.1179;48568;4.2507;4.8178;0.0904;0.1068;3.431
2002-2003;Brasil;09204;Peixes de água doce - filé/postas;Pescados;Peixes de água doce;Média;ok;;9;"";0.2689;177;1.5872;0.0057;0.0068;48568;0.2026;0.3351;0.0042;0.0071;0.1973
2002-2003;Brasil;09205;Peixes de água doce - salgado/conserva;Pescados;Peixes de água doce;Média;compartilhado;09203;9;1995;;;;;;48568;;;;;
2002-2003;Brasil;09401;Camarão;Pescados;Crustáceos;Alta;ok;;9;"";0.8412;468;4.9652;0.0177;0.0212;48568;0.6923;0.9902;0.0132;0.0223;0.6173
2002-2003;Brasil;09402;Camarão processado;Pescados;Crustáceos;Média;compartilhado;09401;9;1987, 1995;;;;;;48568;;;;;
2002-2003;Brasil;09403;Lagosta;Pescados;Crustáceos;Alta;ok;;9;"";0.0073;3;0.0635;2e-04;3e-04;48568;0;0.0162;0;5e-04;0.0079
2002-2003;Brasil;09404;Caranguejo e siri;Pescados;Crustáceos;Alta;ok;;9;"";0.0291;20;0.1357;5e-04;6e-04;48568;0.0114;0.0469;0;9e-04;0.0169
2002-2003;Brasil;09501;Ostras, mariscos e mexilhões;Pescados;Moluscos;Alta;ok;;9;"";0.0644;41;0.219;8e-04;9e-04;48568;0.0314;0.0975;4e-04;0.0012;0.0272
2002-2003;Brasil;09502;Lula e polvo;Pescados;Moluscos;Alta;sem_registro;;9;"";0;0;0;0;0;48568;0;0;0;0;0
2002-2003;Brasil;09601;Rã;Pescados;Outros pescados e preparações;Alta;ok;;9;"";0.0029;3;0.0154;1e-04;1e-04;48568;0;0.0062;0;1e-04;0.0019
2002-2003;Brasil;10101;Asa de frango;Aves e ovos;Aves;Alta;ok;;10;"";1.9842;474;2.1907;0.0246;0.0294;48568;1.6778;2.2906;0.0205;0.0287;0.8558
2002-2003;Brasil;10102;Carne de frango não especificada;Aves e ovos;Aves;Alta;ok;;10;"";0.4404;159;0.3896;0.0044;0.0052;48568;0.3289;0.5519;0.003;0.0058;0.1522
2002-2003;Brasil;10103;Coxa de frango;Aves e ovos;Aves;Alta;ok;;10;"";4.3286;1283;6.4398;0.0723;0.0864;48568;3.9252;4.732;0.0648;0.0798;2.5157
2002-2003;Brasil;10104;Frango abatido (inteiro);Aves e ovos;Aves;Alta;ok;;10;"";25.1779;13682;51.1513;0.5743;0.6866;48568;24.4709;25.8848;0.551;0.5975;19.9825
2002-2003;Brasil;10105;Frango vivo;Aves e ovos;Aves;Alta;ok;;10;"";2.0834;1506;4.9642;0.0557;0.0666;48568;1.856;2.3107;0.0492;0.0623;1.9393
2002-2003;Brasil;10106;Peito de frango;Aves e ovos;Aves;Alta;ok;;10;"";4.4733;1308;8.3489;0.0937;0.1121;48568;4.1046;4.8419;0.0841;0.1034;3.2616
2002-2003;Brasil;10107;Outras;Aves e ovos;Aves;Alta;ok;;10;"";3.6702;1433;6.157;0.0691;0.0826;48568;3.3066;4.0337;0.0588;0.0794;2.4053
2002-2003;Brasil;10201;Ovo de galinha;Aves e ovos;Ovos;Alta;ok;;10;"";28.7411;13947;20.1947;0.2267;0.2711;48568;27.9705;29.5117;0.2179;0.2355;7.8892
2002-2003;Brasil;10202;Outros;Aves e ovos;Ovos;Alta;ok;;10;"";0.2637;86;0.1639;0.0018;0.0022;48568;0.1615;0.366;0.0011;0.0026;0.064
2002-2003;Brasil;11101;Creme de leite;Laticínios;Leite e creme de leite;Alta;ok;;11;"";4.2743;1745;1.8643;0.0321;0.0384;48568;3.932;4.6166;0.0284;0.0358;1.1164
2002-2003;Brasil;11102;Leite condensado;Laticínios;Leite e creme de leite;Alta;ok;;11;"";5.2933;2121;2.7149;0.0467;0.0559;48568;4.9185;5.6681;0.0424;0.051;1.6258
2002-2003;Brasil;11103;Leite de vaca fresco;Laticínios;Leite e creme de leite;Alta;ok;;11;"";14.4816;8763;12.4529;0.2143;0.2562;48568;13.7688;15.1944;0.1955;0.2331;7.4571
2002-2003;Brasil;11104;Leite de vaca pasteurizado;Laticínios;Leite e creme de leite;Alta;ok;;11;"";35.012;12849;37.3205;0.6423;0.7679;48568;34.0507;35.9732;0.6109;0.6736;22.3483
2002-2003;Brasil;11105;Leite em pó integral;Laticínios;Leite e creme de leite;Alta;ok;;11;"";12.01;7680;12.7427;0.2193;0.2622;48568;11.5542;12.4658;0.2054;0.2331;7.6306
2002-2003;Brasil;11106;Outros;Laticínios;Leite e creme de leite;Alta;ok;;11;"";2.9679;1165;1.8537;0.0319;0.0381;48568;2.6769;3.2589;0.0275;0.0363;1.11
2002-2003;Brasil;11201;Queijo minas;Laticínios;Queijos e requeijão;Alta;ok;;11;"";5.0238;2004;4.1118;0.0708;0.0846;48568;4.6432;5.4044;0.0643;0.0772;2.4623
2002-2003;Brasil;11202;Queijo mozarela;Laticínios;Queijos e requeijão;Alta;ok;;11;"";7.268;2510;4.6844;0.0806;0.0964;48568;6.7628;7.7733;0.0732;0.088;2.8051
2002-2003;Brasil;11203;Queijo prato;Laticínios;Queijos e requeijão;Alta;ok;;11;"";4.9975;1549;3.6259;0.0624;0.0746;48568;4.5892;5.4058;0.0561;0.0687;2.1713
2002-2003;Brasil;11204;Outros queijos;Laticínios;Queijos e requeijão;Alta;ok;;11;"";5.9356;2163;3.906;0.0672;0.0804;48568;5.5165;6.3548;0.0603;0.0742;2.339
2002-2003;Brasil;11205;Requeijão;Laticínios;Queijos e requeijão;Alta;ok;;11;"";4.0471;1201;2.6573;0.0457;0.0547;48568;3.6459;4.4484;0.0403;0.0512;1.5912
2002-2003;Brasil;11301;Iogurte;Laticínios;Outros laticínios;Alta;ok;;11;"";13.5654;5408;7.8839;0.1357;0.1622;48568;12.9652;14.1656;0.1269;0.1444;4.721
2002-2003;Brasil;11302;Leite fermentado;Laticínios;Outros laticínios;Alta;ok;;11;"";1.6561;463;1.2273;0.0211;0.0253;48568;1.4225;1.8898;0.0168;0.0255;0.7349
2002-2003;Brasil;11303;Manteiga;Laticínios;Outros laticínios;Alta;ok;;11;"";4.929;2417;2.6603;0.0458;0.0547;48568;4.5978;5.2602;0.0421;0.0495;1.5931
2002-2003;Brasil;11304;Outros;Laticínios;Outros laticínios;Alta;ok;;11;"";0.8061;352;0.2942;0.0051;0.0061;48568;0.6739;0.9383;0.0042;0.006;0.1762
2002-2003;Brasil;12101;Açúcar cristal;Açúcares e produtos de confeitaria;Açúcares, doces e produtos de confeitaria;Alta;ok;;12;"";22.2013;13517;29.2464;0.3391;0.4055;48568;21.5507;22.8519;0.3221;0.3562;11.8012
2002-2003;Brasil;12102;Açúcar refinado;Açúcares e produtos de confeitaria;Açúcares, doces e produtos de confeitaria;Alta;ok;;12;"";12.7008;5191;14.4633;0.1677;0.2005;48568;12.005;13.3967;0.155;0.1804;5.836
2002-2003;Brasil;12103;Outros;Açúcares e produtos de confeitaria;Açúcares, doces e produtos de confeitaria;Alta;ok;;12;"";2.0791;816;1.5796;0.0183;0.0219;48568;1.8373;2.321;0.0156;0.0211;0.6374
2002-2003;Brasil;12201;Doce a base de leite;Açúcares e produtos de confeitaria;Doces e derivados;Alta;ok;;12;"";3.533;1250;4.4052;0.0511;0.0611;48568;3.1967;3.8693;0.0417;0.0605;1.7775
2002-2003;Brasil;12202;Doce de fruta;Açúcares e produtos de confeitaria;Doces e derivados;Alta;ok;;12;"";5.7065;2707;4.3007;0.0499;0.0596;48568;5.3471;6.0659;0.042;0.0578;1.7354
2002-2003;Brasil;12203;Sorvete;Açúcares e produtos de confeitaria;Doces e derivados;Alta;ok;;12;"";3.2426;1183;4.7271;0.0548;0.0655;48568;2.9117;3.5736;0.0469;0.0627;1.9074
2002-2003;Brasil;12204;Outros;Açúcares e produtos de confeitaria;Doces e derivados;Alta;ok;;12;"";30.8043;13280;31.0369;0.3599;0.4303;48568;29.8971;31.7114;0.3338;0.386;12.5236
2002-2003;Brasil;12301;Chocolate em pó;Açúcares e produtos de confeitaria;Outros açucares e produtos de confeitaria;Alta;ok;;12;"";7.8169;3107;7.1964;0.0835;0.0998;48568;7.3432;8.2906;0.0769;0.09;2.9038
2002-2003;Brasil;12302;Outros;Açúcares e produtos de confeitaria;Outros açucares e produtos de confeitaria;Alta;ok;;12;"";3.7268;1390;3.0445;0.0353;0.0422;48568;3.4282;4.0254;0.0304;0.0403;1.2285
2002-2003;Brasil;13101;Sal grosso;Sais e condimentos;Sais;Alta;ok;;13;"";0.7228;470;0.749;0.0023;0.0028;48568;0.6117;0.8339;0.0013;0.0034;0.0814
2002-2003;Brasil;13102;Sal refinado;Sais e condimentos;Sais;Alta;ok;;13;"";12.8847;6732;9.0208;0.0282;0.0337;48568;12.3407;13.4287;0.0261;0.0302;0.9799
2002-2003;Brasil;13103;Outros;Sais e condimentos;Sais;Alta;ok;;13;"";0.3329;122;0.3638;0.0011;0.0014;48568;0.2301;0.4356;6e-04;0.0017;0.0395
2002-2003;Brasil;13201;Caldo de carne em tablete;Sais e condimentos;Condimentos;Alta;ok;;13;"";1.6004;604;2.1088;0.0066;0.0079;48568;1.4021;1.7986;0.0056;0.0076;0.2291
2002-2003;Brasil;13202;Caldo de galinha em tablete;Sais e condimentos;Condimentos;Alta;ok;;13;"";3.4358;1382;4.5016;0.0141;0.0168;48568;3.1489;3.7226;0.0124;0.0157;0.489
2002-2003;Brasil;13203;Fermento;Sais e condimentos;Condimentos;Alta;ok;;13;"";3.496;1468;7.5245;0.0235;0.0281;48568;3.2037;3.7883;0.0214;0.0256;0.8174
2002-2003;Brasil;13204;Maionese;Sais e condimentos;Condimentos;Alta;ok;;13;"";6.0007;2277;15.3322;0.0479;0.0572;48568;5.5896;6.4118;0.044;0.0517;1.6656
2002-2003;Brasil;13205;Massa de tomate;Sais e condimentos;Condimentos;Alta;ok;;13;"";11.3511;4420;21.6935;0.0677;0.081;48568;10.7283;11.9738;0.062;0.0735;2.3566
2002-2003;Brasil;13206;Molho de tomate;Sais e condimentos;Condimentos;Alta;ok;;13;"";4.4802;1422;9.9864;0.0312;0.0373;48568;4.0869;4.8735;0.0277;0.0347;1.0848
2002-2003;Brasil;13207;Tempero misto;Sais e condimentos;Condimentos;Alta;ok;;13;"";4.421;2063;7.4561;0.0233;0.0278;48568;4.061;4.781;0.021;0.0255;0.81
2002-2003;Brasil;13208;Vinagre de álcool;Sais e condimentos;Condimentos;Alta;ok;;13;"";1.8732;1058;1.8557;0.0058;0.0069;48568;1.6943;2.0521;0.0051;0.0065;0.2016
2002-2003;Brasil;13209;Vinagre de vinho;Sais e condimentos;Condimentos;Alta;ok;;13;"";1.8433;759;1.9513;0.0061;0.0073;48568;1.5687;2.1178;0.0051;0.0071;0.212
2002-2003;Brasil;13210;Outros;Sais e condimentos;Condimentos;Alta;ok;;13;"";11.1618;5870;17.4565;0.0545;0.0652;48568;10.6593;11.6643;0.0502;0.0588;1.8963
2002-2003;Brasil;14101;Azeite de oliva;Óleos e gorduras;Óleos;Alta;ok;;14;"";2.0611;710;5.4693;0.0372;0.0445;48568;1.8102;2.312;0.0313;0.0432;1.2953
2002-2003;Brasil;14102;Óleo de milho;Óleos e gorduras;Óleos;Alta;ok;;14;"";0.6887;298;1.6881;0.0115;0.0137;48568;0.5491;0.8282;0.0081;0.0149;0.3998
2002-2003;Brasil;14103;Óleo de soja;Óleos e gorduras;Óleos;Alta;ok;;14;"";24.763;13123;62.7447;0.4271;0.5106;48568;24.0312;25.4949;0.4069;0.4472;14.8602
2002-2003;Brasil;14104;Óleo não especificado;Óleos e gorduras;Óleos;Alta;ok;;14;"";2.1114;930;5.2873;0.036;0.043;48568;1.8678;2.3549;0.0306;0.0413;1.2522
2002-2003;Brasil;14201;Margarina vegetal;Óleos e gorduras;Gorduras;Alta;ok;;14;"";19.2334;9195;22.1054;0.1505;0.1799;48568;18.6015;19.8652;0.1435;0.1574;5.2353
2002-2003;Brasil;14202;Outras;Óleos e gorduras;Gorduras;Alta;ok;;14;"";1.2328;499;2.7053;0.0184;0.022;48568;1.0067;1.459;0.0147;0.0222;0.6407
2002-2003;Brasil;15101;Outras aguardentes;Bebidas e infusões;Bebidas alcoólicas;Alta;ok;;15;"";3.879;1999;2.3435;0.0582;0.0696;48568;3.5342;4.2238;0.0494;0.0671;2.0266
2002-2003;Brasil;15102;Cerveja;Bebidas e infusões;Bebidas alcoólicas;Alta;ok;;15;"";18.5769;7696;33.3522;0.8289;0.991;48568;17.8836;19.2701;0.7787;0.879;28.8422
2002-2003;Brasil;15103;Vinho;Bebidas e infusões;Bebidas alcoólicas;Média;ok;;15;1995;2.0493;792;1.9325;0.048;0.0574;48568;1.7969;2.3018;0.0408;0.0552;1.6712
2002-2003;Brasil;15104;Outras;Bebidas e infusões;Bebidas alcoólicas;Alta;ok;;15;"";3.3312;1430;3.9368;0.0978;0.117;48568;3.0313;3.6312;0.0801;0.1156;3.4045
2002-2003;Brasil;15201;Água mineral;Bebidas e infusões;Bebidas não alcoólicas;Alta;ok;;15;"";20.9487;8546;10.4749;0.2603;0.3113;48568;20.1577;21.7398;0.2458;0.2749;9.0585
2002-2003;Brasil;15202;Refrigerante de cola;Bebidas e infusões;Bebidas não alcoólicas;Alta;ok;;15;"";16.8164;7054;7.8156;0.1942;0.2322;48568;16.1274;17.5054;0.1827;0.2057;6.7588
2002-2003;Brasil;15203;Refrigerante de guaraná;Bebidas e infusões;Bebidas não alcoólicas;Alta;ok;;15;"";20.3268;8306;7.1055;0.1766;0.2111;48568;19.5029;21.1506;0.1661;0.187;6.1446
2002-2003;Brasil;15204;Refrigerante de laranja;Bebidas e infusões;Bebidas não alcoólicas;Alta;ok;;15;"";4.3366;1902;1.1394;0.0283;0.0339;48568;3.9724;4.7009;0.0256;0.031;0.9853
2002-2003;Brasil;15205;Refrigerante de limão;Bebidas e infusões;Bebidas não alcoólicas;Alta;ok;;15;"";1.2876;450;0.3315;0.0082;0.0099;48568;1.082;1.4931;0.0059;0.0106;0.2867
2002-2003;Brasil;15206;Outros refrigerantes;Bebidas e infusões;Bebidas não alcoólicas;Alta;ok;;15;"";15.8005;6521;6.8554;0.1704;0.2037;48568;15.0971;16.5038;0.1595;0.1813;5.9284
2002-2003;Brasil;15207;Suco de fruta em pó;Bebidas e infusões;Bebidas não alcoólicas;Alta;ok;;15;"";9.2594;3973;2.1574;0.0536;0.0641;48568;8.7172;9.8016;0.0485;0.0587;1.8657
2002-2003;Brasil;15208;Suco de fruta envasado;Bebidas e infusões;Bebidas não alcoólicas;Alta;ok;;15;"";13.0699;5819;5.2767;0.1311;0.1568;48568;12.463;13.6769;0.1215;0.1408;4.5632
2002-2003;Brasil;15209;Outras;Bebidas e infusões;Bebidas não alcoólicas;Alta;ok;;15;"";4.3894;1555;1.7226;0.0428;0.0512;48568;4.0257;4.7531;0.0374;0.0482;1.4897
2002-2003;Brasil;15301;Café moído;Bebidas e infusões;Cafés;Alta;ok;;15;"";31.5011;15565;12.3812;0.3077;0.3679;48568;30.6592;32.3431;0.294;0.3214;10.707
2002-2003;Brasil;15302;Café solúvel;Bebidas e infusões;Cafés;Alta;ok;;15;"";3.5089;1880;1.365;0.0339;0.0406;48568;3.225;3.7929;0.03;0.0378;1.1804
2002-2003;Brasil;15303;Outros;Bebidas e infusões;Cafés;Alta;ok;;15;"";0.2234;139;0.1157;0.0029;0.0034;48568;0.1598;0.287;0.002;0.0038;0.1
2002-2003;Brasil;15401;Chá-mate;Bebidas e infusões;Chás;Alta;ok;;15;"";3.2471;1324;1.0753;0.0267;0.032;48568;3.0005;3.4937;0.024;0.0294;0.9299
2002-2003;Brasil;15402;Outros;Bebidas e infusões;Chás;Alta;ok;;15;"";1.6843;666;0.6189;0.0154;0.0184;48568;1.4863;1.8823;0.012;0.0187;0.5352
2002-2003;Brasil;16101;Frango assado ou defumado;Outros produtos;Outros produtos;Baixa;ausente;;16;2002, 2008, 2017;;;;;;48568;;;;;
2002-2003;Brasil;16102;Massa;Outros produtos;Outros produtos;Média;ok;;16;2017;0.3075;106;0.1019;0.0045;0.0054;48568;0.2036;0.4114;0.0028;0.0063;0.1579
2002-2003;Brasil;16103;Outros produtos;Outros produtos;Outros produtos;Alta;ok;;16;"";8.9551;4053;13.1869;0.5876;0.7025;48568;8.4122;9.4979;0.5128;0.6623;20.4459
2002-2003;Brasil;16104;Refeição;Outros produtos;Outros produtos;Alta;ok;;16;"";50.3198;22135;71.6273;3.1916;3.8159;48568;49.37;51.2696;3.0562;3.3269;111.0561
2002-2003;Brasil;16105;Salgadinho;Outros produtos;Outros produtos;Alta;ok;;16;"";32.8343;14095;14.8041;0.6596;0.7887;48568;31.9259;33.7427;0.6259;0.6934;22.9533
2002-2003;Brasil;16106;Mistura para bolo;Outros produtos;Outros produtos;Alta;ok;;16;"";1.5425;594;0.2798;0.0125;0.0149;48568;1.3266;1.7584;0.0106;0.0143;0.4339
2002-2003;Brasil;17101;Aluguel;Serviços e taxas de habitação;Habitação e utilidades;Alta;ok;;17;"";99.527;48412;63.076;16.3618;;48568;99.334;99.72;16.0725;16.6511;569.3331
2002-2003;Brasil;17102;Energia elétrica;Serviços e taxas de habitação;Habitação e utilidades;Alta;ok;;17;"";87.5933;41070;10.2852;2.668;3.1899;48568;86.8766;88.31;2.6065;2.7295;92.836
2002-2003;Brasil;17103;Gás doméstico;Serviços e taxas de habitação;Habitação e utilidades;Alta;ok;;17;"";89.5975;42867;5.245;1.3605;1.6267;48568;89.03;90.165;1.3241;1.397;47.3418
2002-2003;Brasil;17104;Água e esgoto;Serviços e taxas de habitação;Habitação e utilidades;Alta;ok;;17;"";63.9528;29120;3.6285;0.9412;1.1253;48568;62.6572;65.2483;0.9027;0.9797;32.7511
2002-2003;Brasil;17201;Telefone fixo;Serviços e taxas de habitação;Telefonia e comunicações;Alta;ok;;17;"";46.581;18440;9.8619;2.5581;3.0586;48568;45.6757;47.4863;2.4797;2.6366;89.0145
2002-2003;Brasil;17202;Telefone celular (plano/serviço);Serviços e taxas de habitação;Telefonia e comunicações;Média (ausência histórica esperada);ok;;17;1987;17.5145;7612;2.9561;0.7668;0.9168;48568;16.7928;18.2363;0.7189;0.8147;26.6825
2002-2003;Brasil;17301;Outros serviços e taxas de habitação;Serviços e taxas de habitação;Outros serviços de habitação;Alta;ok;;17;"";18.6355;6155;4.9473;1.2833;1.5344;48568;17.6417;19.6293;1.1855;1.3811;44.6551
2002-2003;Brasil;18101;Manutenção do lar;Habitação;Manutenção e limpeza;Alta;ok;;18;"";53.0553;27376;42.1507;4.1412;4.9514;48568;52.069;54.0416;3.895;4.3874;144.1006
2002-2003;Brasil;18102;Artigos de limpeza doméstica;Habitação;Manutenção e limpeza;Alta;ok;;18;"";40.3896;19886;8.3441;0.8198;0.9802;48568;39.5728;41.2065;0.7875;0.8521;28.526
2002-2003;Brasil;18103;Consertos de artigos do lar;Habitação;Manutenção e limpeza;Alta;ok;;18;"";16.885;7948;3.7686;0.3703;0.4427;48568;16.231;17.5389;0.346;0.3946;12.8836
2002-2003;Brasil;18201;Mobiliários e artigos do lar;Habitação;Mobiliário e eletrodomésticos;Alta;ok;;18;"";71.7559;34601;22.5258;2.2131;2.6461;48568;70.83;72.6817;2.1304;2.2959;77.0089
2002-2003;Brasil;18202;Eletrodomésticos;Habitação;Mobiliário e eletrodomésticos;Alta;ok;;18;"";62.8163;29431;23.2108;2.2804;2.7265;48568;61.8904;63.7422;2.1907;2.3701;79.3507
2002-2003;Brasil;19101;Roupa de homem;Vestuário;Roupas;Alta;ok;;19;"";57.6039;27266;25.3671;1.4349;1.7156;48568;56.6727;58.5352;1.3825;1.4873;49.9288
2002-2003;Brasil;19102;Roupa de mulher;Vestuário;Roupas;Alta;ok;;19;"";59.4892;27782;27.8415;1.5748;1.8829;48568;58.5785;60.3998;1.503;1.6467;54.799
2002-2003;Brasil;19103;Roupa de criança;Vestuário;Roupas;Alta;ok;;19;"";47.9817;22452;14.6048;0.8261;0.9877;48568;47.0811;48.8823;0.7926;0.8596;28.7459
2002-2003;Brasil;19104;Tecidos e armarinhos;Vestuário;Roupas;Alta;ok;;19;"";13.8357;7204;1.7117;0.0968;0.1158;48568;13.2549;14.4165;0.0874;0.1062;3.369
2002-2003;Brasil;19201;Calçados e apetrechos;Vestuário;Calçados e acessórios;Alta;ok;;19;"";71.0002;33925;25.1582;1.4231;1.7015;48568;70.0952;71.9052;1.3831;1.463;49.5176
2002-2003;Brasil;19202;Joias e bijuterias;Vestuário;Calçados e acessórios;Alta;ok;;19;"";35.1391;17217;5.3167;0.3007;0.3596;48568;34.2915;35.9867;0.2853;0.3162;10.4645
2002-2003;Brasil;20101;Transporte urbano e coletivo;Transporte;Transporte coletivo;Alta;ok;;20;"";46.7727;20316;15.6605;2.8744;3.4367;48568;45.6576;47.8879;2.7454;3.0035;100.0201
2002-2003;Brasil;20201;Gasolina para veículo próprio;Transporte;Veículo próprio;Alta;ok;;20;"";23.1666;10102;19.4416;3.5684;4.2665;48568;22.3602;23.973;3.4256;3.7113;124.1693
2002-2003;Brasil;20202;Álcool para veículo próprio;Transporte;Veículo próprio;Alta;ok;;20;"";2.7145;877;2.0561;0.3774;0.4512;48568;2.3718;3.0572;0.2715;0.4833;13.1318
2002-2003;Brasil;20203;Manutenção de veículo próprio;Transporte;Veículo próprio;Alta;ok;;20;"";30.16;13922;9.2163;1.6916;2.0225;48568;29.2614;31.0586;1.6038;1.7794;58.8624
2002-2003;Brasil;20301;Aquisição de veículos;Transporte;Aquisição e outros;Alta;ok;;20;"";26.8467;12860;39.012;7.1605;8.5613;48568;26.0627;27.6306;6.7794;7.5416;249.1614
2002-2003;Brasil;20302;Viagens esporádicas;Transporte;Aquisição e outros;Alta;ok;;20;"";33.8241;16598;8.499;1.56;1.8651;48568;32.8818;34.7665;1.4632;1.6567;54.2815
2002-2003;Brasil;20303;Outros transportes;Transporte;Aquisição e outros;Alta;ok;;20;"";26.0692;9783;6.1145;1.1223;1.3419;48568;25.2036;26.9347;1.0275;1.2171;39.0521
2002-2003;Brasil;21101;Perfume e colônia;Higiene e cuidados pessoais;Higiene e cuidados pessoais;Alta;ok;;21;"";35.0077;18631;36.2982;0.7842;0.9376;48568;34.0964;35.9191;0.7536;0.8147;27.2866
2002-2003;Brasil;21102;Produtos para cabelo;Higiene e cuidados pessoais;Higiene e cuidados pessoais;Alta;ok;;21;"";14.9324;6362;10.4678;0.2261;0.2704;48568;14.2422;15.6226;0.2108;0.2415;7.869
2002-2003;Brasil;21103;Sabonete e produtos de banho;Higiene e cuidados pessoais;Higiene e cuidados pessoais;Alta;ok;;21;"";21.2912;9929;6.7799;0.1465;0.1751;48568;20.6094;21.973;0.1389;0.1541;5.0967
2002-2003;Brasil;21104;Outros produtos de higiene pessoal;Higiene e cuidados pessoais;Higiene e cuidados pessoais;Alta;ok;;21;"";58.863;27584;46.4541;1.0036;1.1999;48568;57.9436;59.7823;0.9728;1.0344;34.9211
2002-2003;Brasil;22101;Remédios e produtos farmacêuticos;Assistência à saúde;Medicamentos e materiais;Alta;ok;;22;"";75.1948;35528;40.5685;2.6224;3.1354;48568;74.4555;75.9341;2.5478;2.6969;91.2497
2002-2003;Brasil;22102;Material de tratamento médico;Assistência à saúde;Medicamentos e materiais;Alta;ok;;22;"";13.5476;5308;5.1958;0.3359;0.4016;48568;12.927;14.1683;0.2804;0.3913;11.6867
2002-2003;Brasil;22201;Consulta e tratamento dentário;Assistência à saúde;Serviços médicos;Alta;ok;;22;"";9.6836;3493;10.0831;0.6518;0.7793;48568;9.1402;10.2271;0.5854;0.7182;22.6797
2002-2003;Brasil;22202;Consulta médica;Assistência à saúde;Serviços médicos;Alta;ok;;22;"";16.1502;7835;5.3608;0.3465;0.4143;48568;15.4925;16.8079;0.3231;0.37;12.058
2002-2003;Brasil;22203;Tratamento ambulatorial;Assistência à saúde;Serviços médicos;Alta;ok;;22;"";1.2926;515;1.108;0.0716;0.0856;48568;1.1151;1.4701;0.0438;0.0995;2.4921
2002-2003;Brasil;22204;Serviços de cirurgia;Assistência à saúde;Serviços médicos;Média;ok;;22;2017;0.6723;343;4.4378;0.2869;0.343;48568;0.561;0.7837;0.0225;0.5512;9.9817
2002-2003;Brasil;22205;Hospitalização;Assistência à saúde;Serviços médicos;Alta;ok;;22;"";0.5838;319;1.1045;0.0714;0.0854;48568;0.4642;0.7034;0.0429;0.0999;2.4844
2002-2003;Brasil;22206;Exames médicos;Assistência à saúde;Serviços médicos;Alta;ok;;22;"";9.0937;4917;3.0279;0.1957;0.234;48568;8.6292;9.5583;0.1778;0.2137;6.8106
2002-2003;Brasil;22301;Plano e seguro de saúde;Assistência à saúde;Plano e outros;Alta;ok;;22;"";24.1228;8681;28.2147;1.8238;2.1806;48568;23.2189;25.0267;1.7229;1.9248;63.4626
2002-2003;Brasil;22302;Outros serviços de saúde;Assistência à saúde;Plano e outros;Alta;ok;;22;"";4.3166;1847;0.8988;0.0581;0.0695;48568;3.9625;4.6707;0.0456;0.0706;2.0217
2002-2003;Brasil;23101;Cursos regulares (ensino fundamental/médio);Educação;Cursos;Média;ok;;23;1987;10.3024;4919;29.6966;1.2079;1.4442;48568;9.7921;10.8126;1.0986;1.3172;42.0305
2002-2003;Brasil;23102;Curso superior;Educação;Cursos;Alta;ok;;23;"";5.4369;2134;33.3565;1.3568;1.6222;48568;5.0168;5.857;1.2113;1.5022;47.2106
2002-2003;Brasil;23103;Outros cursos e formação;Educação;Cursos;Média;ok;;23;1987;17.6655;7093;18.8305;0.7659;0.9158;48568;16.9566;18.3744;0.6914;0.8404;26.6514
2002-2003;Brasil;23201;Livros e revistas técnicas;Educação;Material e outros;Média;ok;;23;2017;16.2201;6975;4.5134;0.1836;0.2195;48568;15.5294;16.9109;0.1714;0.1957;6.388
2002-2003;Brasil;23202;Artigos escolares;Educação;Material e outros;Alta;ok;;23;"";44.9163;22272;6.9481;0.2826;0.3379;48568;43.9443;45.8883;0.2672;0.2981;9.8338
2002-2003;Brasil;23203;Outros gastos com educação;Educação;Material e outros;Alta;ok;;23;"";25.9485;12053;6.6549;0.2707;0.3236;48568;25.0642;26.8328;0.2466;0.2948;9.4189
2002-2003;Brasil;24101;Brinquedos e jogos;Recreação e cultura;Diversões e esportes;Alta;ok;;24;"";32.4969;14256;13.364;0.3174;0.3794;48568;31.5526;33.4413;0.2981;0.3366;11.0429
2002-2003;Brasil;24102;Diversões e esportes;Recreação e cultura;Diversões e esportes;Alta;ok;;24;"";36.6972;14874;53.635;1.2737;1.5228;48568;35.7133;37.6811;1.2149;1.3325;44.3196
2002-2003;Brasil;24201;Telefone celular e acessórios (aquisição);Recreação e cultura;Dispositivos e mídia;Média (ausência histórica esperada);ok;;24;1987, 2017;13.4092;5783;11.0066;0.2614;0.3125;48568;12.8027;14.0158;0.2471;0.2757;9.095
2002-2003;Brasil;24202;Periódicos, livros e revistas não técnicas;Recreação e cultura;Dispositivos e mídia;Alta;ok;;24;"";17.2803;6136;16.6348;0.395;0.4723;48568;16.4751;18.0856;0.3607;0.4293;13.7457
2002-2003;Brasil;24301;Outras recreações e cultura;Recreação e cultura;Outras recreações;Alta;ok;;24;"";5.6996;2323;5.3596;0.1273;0.1522;48568;5.3098;6.0893;0.1056;0.149;4.4287
2002-2003;Brasil;25101;Fumo;Serviços pessoais;Serviços pessoais;Alta;ok;;25;"";30.7552;14784;40.7237;0.693;0.8286;48568;29.8485;31.6619;0.6588;0.7272;24.1151
2002-2003;Brasil;25102;Cabeleireiro;Serviços pessoais;Serviços pessoais;Alta;ok;;25;"";77.1988;35935;36.7562;0.6255;0.7479;48568;76.4618;77.9359;0.6065;0.6446;21.7657
2002-2003;Brasil;25103;Manicure e pedicure;Serviços pessoais;Serviços pessoais;Alta;ok;;25;"";18.7329;7854;11.2774;0.1919;0.2295;48568;17.9985;19.4673;0.1814;0.2025;6.678
2002-2003;Brasil;25104;Consertos de artigos pessoais;Serviços pessoais;Serviços pessoais;Alta;ok;;25;"";7.5773;3295;1.9897;0.0339;0.0405;48568;7.127;8.0276;0.0274;0.0403;1.1783
2002-2003;Brasil;25105;Outros serviços pessoais;Serviços pessoais;Serviços pessoais;Alta;ok;;25;"";14.9184;7003;9.2529;0.1575;0.1883;48568;14.2654;15.5714;0.1405;0.1744;5.4792
2002-2003;Brasil;26101;Jogos e apostas;Despesas diversas;Despesas diversas;Alta;ok;;26;"";12.964;5835;10.5369;0.2945;0.3521;48568;12.3203;13.6076;0.2571;0.332;10.248
2002-2003;Brasil;26102;Comunicação (outros);Despesas diversas;Despesas diversas;Média;ok;;26;1995;13.5296;6653;9.6881;0.2708;0.3238;48568;12.8048;14.2545;0.2482;0.2934;9.4225
2002-2003;Brasil;26103;Cerimônias e festas;Despesas diversas;Despesas diversas;Alta;ok;;26;"";24.0005;11349;20.4621;0.5719;0.6838;48568;23.1573;24.8438;0.5208;0.6231;19.9012
2002-2003;Brasil;26104;Serviços profissionais e cartório;Despesas diversas;Despesas diversas;Média;ok;;26;2017;10.0438;3603;27.0068;0.7549;0.9025;48568;9.3562;10.7315;0.5281;0.9816;26.2665
2002-2003;Brasil;26105;Imóveis de uso ocasional;Despesas diversas;Despesas diversas;Alta;ok;;26;"";14.0377;5454;22.6501;0.6331;0.7569;48568;13.3031;14.7724;0.5687;0.6975;22.0292
2002-2003;Brasil;26106;Outras despesas diversas;Despesas diversas;Despesas diversas;Alta;ok;;26;"";36.3971;16408;9.656;0.2699;0.3227;48568;35.3628;37.4315;0.2532;0.2865;9.3913
2008-2009;Brasil;01101;Arroz integral;Cereais e leguminosas;Cereais;Alta;ok;;1;"";29.5546;18362;58.5224;0.6428;0.7625;56091;28.8847;30.2245;0.6139;0.6718;23.2676
2008-2009;Brasil;01102;Milho seco;Cereais e leguminosas;Cereais;Alta;ok;;1;"";9.6431;5370;6.775;0.0744;0.0883;56091;9.2462;10.04;0.069;0.0798;2.6936
2008-2009;Brasil;01103;Outros;Cereais e leguminosas;Cereais;Alta;ok;;1;"";1.8195;837;1.3169;0.0145;0.0172;56091;1.6372;2.0019;0.0123;0.0166;0.5236
2008-2009;Brasil;01201;Feijão-fradinho;Cereais e leguminosas;Leguminosas;Alta;ok;;1;"";3.1024;2081;3.5213;0.0387;0.0459;56091;2.8934;3.3113;0.0342;0.0431;1.4
2008-2009;Brasil;01202;Feijão-jalo;Cereais e leguminosas;Leguminosas;Baixa;ausente;;1;2008, 2017;;;;;;56091;;;;;
2008-2009;Brasil;01203;Feijão-manteiga;Cereais e leguminosas;Leguminosas;Alta;ok;;1;"";0.7641;515;0.8897;0.0098;0.0116;56091;0.6471;0.8812;0.0077;0.0119;0.3537
2008-2009;Brasil;01204;Feijão-mulatinho;Cereais e leguminosas;Leguminosas;Alta;ok;;1;"";1.722;1058;2.01;0.0221;0.0262;56091;1.5508;1.8932;0.0184;0.0258;0.7991
2008-2009;Brasil;01205;Feijão-preto;Cereais e leguminosas;Leguminosas;Alta;ok;;1;"";5.6682;2599;8.0318;0.0882;0.1047;56091;5.3153;6.0211;0.0766;0.0999;3.1933
2008-2009;Brasil;01206;Feijão-rajado;Cereais e leguminosas;Leguminosas;Alta;ok;;1;"";10.6812;6137;14.3998;0.1582;0.1876;56091;10.2084;11.154;0.1477;0.1687;5.7251
2008-2009;Brasil;01207;Feijão-roxo;Cereais e leguminosas;Leguminosas;Alta;ok;;1;"";0.1069;96;0.1272;0.0014;0.0017;56091;0.0776;0.1362;9e-04;0.0019;0.0506
2008-2009;Brasil;01208;Outros feijões;Cereais e leguminosas;Leguminosas;Alta;ok;;1;"";2.7756;2542;3.9741;0.0437;0.0518;56091;2.5633;2.9879;0.0389;0.0484;1.58
2008-2009;Brasil;01209;Outras;Cereais e leguminosas;Leguminosas;Média;ok;;1;2002;0.8524;367;0.4319;0.0047;0.0056;56091;0.703;1.0018;0.0038;0.0057;0.1717
2008-2009;Brasil;02101;Agrião;Hortaliças;Hortaliças folhosas e florais;Alta;ok;;2;"";1.0995;374;0.4484;0.0033;0.0039;56091;0.9173;1.2817;0.0027;0.0039;0.1192
2008-2009;Brasil;02102;Alface;Hortaliças;Hortaliças folhosas e florais;Alta;ok;;2;"";16.5603;7482;7.0639;0.0519;0.0616;56091;15.938;17.1825;0.0495;0.0543;1.8783
2008-2009;Brasil;02103;Cheiro-verde;Hortaliças;Hortaliças folhosas e florais;Alta;ok;;2;"";9.5341;5755;3.1466;0.0231;0.0274;56091;9.0754;9.9928;0.0215;0.0248;0.8367
2008-2009;Brasil;02104;Couve;Hortaliças;Hortaliças folhosas e florais;Alta;ok;;2;"";5.8567;2568;2.7219;0.02;0.0237;56091;5.4875;6.226;0.0183;0.0217;0.7238
2008-2009;Brasil;02105;Couve-flor;Hortaliças;Hortaliças folhosas e florais;Alta;ok;;2;"";1.3595;549;0.8602;0.0063;0.0075;56091;1.1891;1.5299;0.0055;0.0072;0.2287
2008-2009;Brasil;02106;Repolho fresco;Hortaliças;Hortaliças folhosas e florais;Alta;ok;;2;"";5.2036;2749;2.2271;0.0164;0.0194;56091;4.8946;5.5126;0.0152;0.0176;0.5922
2008-2009;Brasil;02107;Outras;Hortaliças;Hortaliças folhosas e florais;Alta;ok;;2;"";7.8523;4068;2.9703;0.0218;0.0259;56091;7.455;8.2495;0.0202;0.0235;0.7898
2008-2009;Brasil;02201;Abóbora comum;Hortaliças;Hortaliças frutosas;Alta;ok;;2;"";5.0177;2717;2.8867;0.0212;0.0252;56091;4.7241;5.3114;0.0196;0.0229;0.7676
2008-2009;Brasil;02202;Abobrinha;Hortaliças;Hortaliças frutosas;Alta;ok;;2;"";2.4418;921;1.0573;0.0078;0.0092;56091;2.195;2.6885;0.0069;0.0086;0.2812
2008-2009;Brasil;02203;Berinjela;Hortaliças;Hortaliças frutosas;Alta;ok;;2;"";1.3351;462;0.5461;0.004;0.0048;56091;1.1539;1.5162;0.0034;0.0047;0.1452
2008-2009;Brasil;02204;Cebola;Hortaliças;Hortaliças frutosas;Alta;ok;;2;"";20.7392;11556;9.6181;0.0707;0.0838;56091;20.1244;21.3539;0.0679;0.0735;2.5575
2008-2009;Brasil;02205;Chuchu;Hortaliças;Hortaliças frutosas;Alta;ok;;2;"";4.3007;2173;1.5153;0.0111;0.0132;56091;4.0319;4.5694;0.0103;0.012;0.4029
2008-2009;Brasil;02206;Jiló;Hortaliças;Hortaliças frutosas;Alta;ok;;2;"";1.4031;713;0.5303;0.0039;0.0046;56091;1.2433;1.5628;0.0034;0.0044;0.141
2008-2009;Brasil;02207;Pepino fresco;Hortaliças;Hortaliças frutosas;Alta;ok;;2;"";3.4175;1720;1.2128;0.0089;0.0106;56091;3.142;3.693;0.0081;0.0097;0.3225
2008-2009;Brasil;02208;Pimentão;Hortaliças;Hortaliças frutosas;Alta;ok;;2;"";8.1852;4542;2.3206;0.017;0.0202;56091;7.8039;8.5665;0.0159;0.0182;0.6171
2008-2009;Brasil;02209;Quiabo;Hortaliças;Hortaliças frutosas;Alta;ok;;2;"";2.2669;1300;1.2013;0.0088;0.0105;56091;2.073;2.4608;0.0079;0.0098;0.3194
2008-2009;Brasil;02210;Tomate;Hortaliças;Hortaliças frutosas;Alta;ok;;2;"";26.2859;14425;19.571;0.1438;0.1706;56091;25.6281;26.9438;0.1388;0.1487;5.204
2008-2009;Brasil;02211;Vagem;Hortaliças;Hortaliças frutosas;Alta;ok;;2;"";1.8914;728;1.0332;0.0076;0.009;56091;1.6564;2.1264;0.0066;0.0086;0.2747
2008-2009;Brasil;02212;Outras;Hortaliças;Hortaliças frutosas;Alta;ok;;2;"";5.6467;2937;4.5418;0.0334;0.0396;56091;5.3276;5.9658;0.0305;0.0362;1.2077
2008-2009;Brasil;02301;Alho;Hortaliças;Hortaliças tuberosas e outras;Alta;ok;;2;"";9.7304;5329;5.7356;0.0421;0.05;56091;9.3154;10.1455;0.0396;0.0446;1.5251
2008-2009;Brasil;02302;Batata-doce;Hortaliças;Hortaliças tuberosas e outras;Alta;ok;;2;"";2.4322;1490;1.3667;0.01;0.0119;56091;2.2357;2.6287;0.009;0.011;0.3634
2008-2009;Brasil;02303;Batata-inglesa;Hortaliças;Hortaliças tuberosas e outras;Alta;ok;;2;"";15.3568;7851;10.5524;0.0775;0.092;56091;14.7882;15.9254;0.0738;0.0813;2.8059
2008-2009;Brasil;02304;Batata não especificada;Hortaliças;Hortaliças tuberosas e outras;Alta;ok;;2;"";6.395;2589;4.6418;0.0341;0.0405;56091;5.9746;6.8154;0.0314;0.0368;1.2343
2008-2009;Brasil;02305;Beterraba;Hortaliças;Hortaliças tuberosas e outras;Alta;ok;;2;"";3.4955;1837;1.6071;0.0118;0.014;56091;3.2613;3.7296;0.0108;0.0128;0.4273
2008-2009;Brasil;02306;Cenoura;Hortaliças;Hortaliças tuberosas e outras;Alta;ok;;2;"";11.1567;5510;4.7404;0.0348;0.0413;56091;10.6525;11.6609;0.033;0.0366;1.2605
2008-2009;Brasil;02307;Inhame;Hortaliças;Hortaliças tuberosas e outras;Alta;ok;;2;"";1.6497;971;1.2176;0.0089;0.0106;56091;1.4802;1.8193;0.0079;0.01;0.3238
2008-2009;Brasil;02308;Mandioca;Hortaliças;Hortaliças tuberosas e outras;Alta;ok;;2;"";4.6044;3040;3.9385;0.0289;0.0343;56091;4.322;4.8868;0.0262;0.0317;1.0473
2008-2009;Brasil;02309;Outras;Hortaliças;Hortaliças tuberosas e outras;Alta;ok;;2;"";1.0935;519;0.727;0.0053;0.0063;56091;0.9588;1.2282;0.0045;0.0062;0.1933
2008-2009;Brasil;03101;Abacate;Frutas;Frutas de clima tropical;Alta;ok;;3;"";1.7116;851;1.0656;0.0069;0.0082;56091;1.5033;1.9199;0.0061;0.0078;0.2507
2008-2009;Brasil;03102;Abacaxi;Frutas;Frutas de clima tropical;Alta;ok;;3;"";3.8866;1975;3.6633;0.0238;0.0282;56091;3.6123;4.1609;0.0218;0.0258;0.862
2008-2009;Brasil;03103;Banana-d'água;Frutas;Frutas de clima tropical;Alta;ok;;3;"";7.5233;2606;5.3147;0.0346;0.041;56091;7.056;7.9905;0.0321;0.037;1.2506
2008-2009;Brasil;03104;Banana-maçã;Frutas;Frutas de clima tropical;Alta;ok;;3;"";1.4732;932;1.4216;0.0092;0.011;56091;1.305;1.6413;0.008;0.0105;0.3345
2008-2009;Brasil;03105;Banana-prata;Frutas;Frutas de clima tropical;Alta;ok;;3;"";11.5306;5911;9.9816;0.0649;0.077;56091;11.0192;12.0419;0.0617;0.0681;2.3487
2008-2009;Brasil;03106;Outras bananas;Frutas;Frutas de clima tropical;Alta;ok;;3;"";8.2251;5112;6.7935;0.0442;0.0524;56091;7.825;8.6253;0.0414;0.0469;1.5985
2008-2009;Brasil;03107;Laranja-baía;Frutas;Frutas de clima tropical;Baixa;ok;;3;1987, 1995;0.5881;278;0.4743;0.0031;0.0037;56091;0.4934;0.6828;0.0025;0.0037;0.1116
2008-2009;Brasil;03108;Laranja-lima;Frutas;Frutas de clima tropical;Alta;ok;;3;"";1.4005;562;1.0707;0.007;0.0083;56091;1.22;1.5811;0.0059;0.008;0.2519
2008-2009;Brasil;03109;Laranja-pêra;Frutas;Frutas de clima tropical;Alta;ok;;3;"";7.5507;3428;5.6778;0.0369;0.0438;56091;7.0929;8.0086;0.0341;0.0398;1.336
2008-2009;Brasil;03110;Laranja-seleta;Frutas;Frutas de clima tropical;Alta;ok;;3;"";0.2144;102;0.1723;0.0011;0.0013;56091;0.1476;0.2811;7e-04;0.0015;0.0405
2008-2009;Brasil;03111;Limão comum;Frutas;Frutas de clima tropical;Alta;ok;;3;"";4.6714;2042;1.9495;0.0127;0.015;56091;4.2805;5.0623;0.0114;0.0139;0.4587
2008-2009;Brasil;03112;Mamão;Frutas;Frutas de clima tropical;Alta;ok;;3;"";7.9071;3497;6.9818;0.0454;0.0538;56091;7.4844;8.3298;0.0425;0.0483;1.6428
2008-2009;Brasil;03113;Manga;Frutas;Frutas de clima tropical;Alta;ok;;3;"";4.3931;2057;3.566;0.0232;0.0275;56091;4.0824;4.7039;0.0212;0.0252;0.8391
2008-2009;Brasil;03114;Maracujá;Frutas;Frutas de clima tropical;Alta;ok;;3;"";2.2062;1444;1.8224;0.0118;0.0141;56091;2.0282;2.3842;0.0107;0.013;0.4288
2008-2009;Brasil;03115;Melancia;Frutas;Frutas de clima tropical;Alta;ok;;3;"";4.4157;2676;5.6722;0.0369;0.0437;56091;4.1289;4.7026;0.0339;0.0398;1.3347
2008-2009;Brasil;03116;Melão;Frutas;Frutas de clima tropical;Alta;ok;;3;"";1.6972;834;1.9489;0.0127;0.015;56091;1.5011;1.8933;0.0109;0.0145;0.4586
2008-2009;Brasil;03117;Tangerina;Frutas;Frutas de clima tropical;Alta;ok;;3;"";4.3263;1874;3.2573;0.0212;0.0251;56091;3.9524;4.7002;0.0189;0.0234;0.7664
2008-2009;Brasil;03118;Outras;Frutas;Frutas de clima tropical;Alta;ok;;3;"";19.7744;10241;21.4602;0.1395;0.1655;56091;19.1472;20.4015;0.1334;0.1456;5.0496
2008-2009;Brasil;03201;Caqui;Frutas;Frutas de clima temperado;Baixa;ausente;;3;2002, 2008, 2017;;;;;;56091;;;;;
2008-2009;Brasil;03202;Maçã;Frutas;Frutas de clima temperado;Média;ok;;3;2002;0.0435;16;0.053;3e-04;4e-04;56091;0.0126;0.0744;1e-04;6e-04;0.0125
2008-2009;Brasil;03203;Pêra;Frutas;Frutas de clima temperado;Alta;ok;;3;"";2.8248;1067;3.2569;0.0212;0.0251;56091;2.5472;3.1023;0.0189;0.0235;0.7663
2008-2009;Brasil;03204;Uva;Frutas;Frutas de clima temperado;Alta;ok;;3;"";4.1605;2097;5.6179;0.0365;0.0433;56091;3.8689;4.4522;0.0332;0.0399;1.3219
2008-2009;Brasil;03205;Outras;Frutas;Frutas de clima temperado;Alta;ok;;3;"";6.4694;2900;8.7784;0.0571;0.0677;56091;6.0752;6.8636;0.0516;0.0625;2.0656
2008-2009;Brasil;04101;Coco-açaí em pasta;Cocos, castanhas e nozes;Cocos;Alta;ok;;4;"";1.2188;913;49.5182;0.0272;0.0323;56091;1.0374;1.4001;0.0207;0.0337;0.9847
2008-2009;Brasil;04103;Coco-da-baía;Cocos, castanhas e nozes;Cocos;Alta;ok;;4;"";2.5889;1498;25.9111;0.0142;0.0169;56091;2.376;2.8018;0.0127;0.0158;0.5153
2008-2009;Brasil;04104;Outros;Cocos, castanhas e nozes;Cocos;Alta;ok;;4;"";1.1562;659;24.5707;0.0135;0.016;56091;1.0191;1.2934;0.0108;0.0162;0.4886
2008-2009;Brasil;05101;Farinha de mandioca;Farinhas, féculas e massas;Farinhas;Alta;ok;;5;"";13.2024;9384;20.697;0.125;0.1483;56091;12.7791;13.6257;0.1172;0.1329;4.5259
2008-2009;Brasil;05102;Farinha de rosca;Farinhas, féculas e massas;Farinhas;Alta;ok;;5;"";0.6148;225;0.4171;0.0025;0.003;56091;0.4806;0.749;0.002;0.0031;0.0912
2008-2009;Brasil;05103;Farinha de trigo;Farinhas, féculas e massas;Farinhas;Alta;ok;;5;"";8.4469;4390;12.7085;0.0768;0.0911;56091;8.0321;8.8617;0.0712;0.0823;2.779
2008-2009;Brasil;05104;Farinha vitaminada;Farinhas, féculas e massas;Farinhas;Alta;ok;;5;"";2.2932;1450;3.7642;0.0227;0.027;56091;2.1201;2.4663;0.0204;0.0251;0.8231
2008-2009;Brasil;05105;Outras;Farinhas, féculas e massas;Farinhas;Alta;ok;;5;"";1.0819;624;1.5195;0.0092;0.0109;56091;0.9499;1.214;0.0071;0.0112;0.3323
2008-2009;Brasil;05201;Amido de milho;Farinhas, féculas e massas;Féculas;Alta;ok;;5;"";1.4573;813;1.2114;0.0073;0.0087;56091;1.302;1.6126;0.0065;0.0082;0.2649
2008-2009;Brasil;05202;Fubá de milho;Farinhas, féculas e massas;Féculas;Alta;ok;;5;"";7.6833;5137;7.7011;0.0465;0.0552;56091;7.3308;8.0358;0.0434;0.0497;1.684
2008-2009;Brasil;05203;Fécula de mandioca;Farinhas, féculas e massas;Féculas;Baixa;ausente;;5;2008, 2017;;;;;;56091;;;;;
2008-2009;Brasil;05204;Flocos de milho;Farinhas, féculas e massas;Féculas;Alta;ok;;5;"";2.7371;1740;3.9183;0.0237;0.0281;56091;2.5116;2.9626;0.0211;0.0263;0.8568
2008-2009;Brasil;05206;Flocos de cereal;Farinhas, féculas e massas;Féculas;Alta;ok;;5;"";2.0154;930;3.3982;0.0205;0.0244;56091;1.8207;2.21;0.0177;0.0233;0.7431
2008-2009;Brasil;05301;Macarrão com ovos;Farinhas, féculas e massas;Massas;Alta;ok;;5;"";23.9728;13413;33.256;0.2009;0.2383;56091;23.3607;24.5848;0.1921;0.2098;7.2722
2008-2009;Brasil;05302;Massa de pastel;Farinhas, féculas e massas;Massas;Alta;ok;;5;"";1.4881;592;1.8765;0.0113;0.0134;56091;1.3046;1.6716;0.0097;0.013;0.4103
2008-2009;Brasil;05303;Massa de pizza;Farinhas, féculas e massas;Massas;Alta;ok;;5;"";3.6799;1503;9.5322;0.0576;0.0683;56091;3.3875;3.9722;0.0517;0.0635;2.0844
2008-2009;Brasil;06101;Pão de forma industrializado;Panificados;Pães;Alta;ok;;6;"";7.7724;2669;4.1871;0.0612;0.0726;56091;7.2984;8.2465;0.0565;0.0658;2.2144
2008-2009;Brasil;06102;Pão doce;Panificados;Pães;Alta;ok;;6;"";7.9802;3719;4.3486;0.0635;0.0754;56091;7.5476;8.4128;0.0577;0.0694;2.2998
2008-2009;Brasil;06103;Pão francês;Panificados;Pães;Alta;ok;;6;"";62.9104;31834;47.8289;0.6988;0.829;56091;62.1088;63.7119;0.6764;0.7213;25.2946
2008-2009;Brasil;06104;Pão caseiro;Panificados;Pães;Alta;ok;;6;"";13.61;7219;8.2022;0.1198;0.1422;56091;13.088;14.1321;0.1135;0.1262;4.3378
2008-2009;Brasil;06201;Bolo de trigo;Panificados;Bolos;Alta;ok;;6;"";8.582;4417;7.1812;0.1049;0.1245;56091;8.1189;9.0451;0.0958;0.1141;3.7978
2008-2009;Brasil;06301;Biscoito doce;Panificados;Biscoitos, roscas, etc.;Alta;ok;;6;"";25.0581;13228;14.419;0.2107;0.2499;56091;24.4149;25.7013;0.2022;0.2192;7.6256
2008-2009;Brasil;06302;Biscoito salgado;Panificados;Biscoitos, roscas, etc.;Alta;ok;;6;"";23.8473;13203;11.9826;0.1751;0.2077;56091;23.209;24.4855;0.1668;0.1834;6.3371
2008-2009;Brasil;06303;Biscoito não especificado;Panificados;Biscoitos, roscas, etc.;Alta;ok;;6;"";4.0443;2350;1.8504;0.027;0.0321;56091;3.7672;4.3214;0.0247;0.0293;0.9786
2008-2009;Brasil;07101;Alcatra;Carnes;Carnes bovinas de primeira;Alta;ok;;7;"";3.2583;1556;5.5042;0.1428;0.1694;56091;3.0129;3.5037;0.1293;0.1563;5.1699
2008-2009;Brasil;07102;Carne moída;Carnes;Carnes bovinas de primeira;Alta;ok;;7;"";9.3207;5388;12.7362;0.3305;0.392;56091;8.905;9.7365;0.3095;0.3515;11.9626
2008-2009;Brasil;07103;Carne não especificada;Carnes;Carnes bovinas de primeira;Alta;ok;;7;"";6.227;2984;8.3613;0.217;0.2574;56091;5.8699;6.5841;0.2018;0.2322;7.8534
2008-2009;Brasil;07104;Chã-de-dentro;Carnes;Carnes bovinas de primeira;Alta;ok;;7;"";3.0569;1318;3.4562;0.0897;0.1064;56091;2.7843;3.3296;0.0807;0.0987;3.2463
2008-2009;Brasil;07105;Contrafilé;Carnes;Carnes bovinas de primeira;Alta;ok;;7;"";0.0143;3;0.0792;0.0021;0.0024;56091;0;0.0351;0;0.0051;0.0744
2008-2009;Brasil;07106;Filé e filé mignon;Carnes;Carnes bovinas de primeira;Alta;ok;;7;"";0.5381;212;0.9878;0.0256;0.0304;56091;0.4201;0.6562;0.0196;0.0317;0.9278
2008-2009;Brasil;07107;Lagarto comum;Carnes;Carnes bovinas de primeira;Alta;ok;;7;"";1.1902;496;1.2619;0.0327;0.0388;56091;1.0202;1.3603;0.0273;0.0382;1.1852
2008-2009;Brasil;07108;Lagarto redondo;Carnes;Carnes bovinas de primeira;Média;sem_registro;;7;2002;0;0;0;0;0;56091;0;0;0;0;0
2008-2009;Brasil;07109;Patinho;Carnes;Carnes bovinas de primeira;Alta;ok;;7;"";0.0034;3;0.0052;1e-04;2e-04;56091;0;0.0077;0;4e-04;0.0049
2008-2009;Brasil;07201;Acém;Carnes;Carnes bovinas de segunda;Alta;ok;;7;"";3.0954;1167;2.65;0.0688;0.0816;56091;2.7831;3.4077;0.0605;0.077;2.489
2008-2009;Brasil;07203;Carne moída;Carnes;Carnes bovinas de segunda;Média;ok;;7;2002;11.9124;6835;11.386;0.2955;0.3505;56091;11.4148;12.41;0.2767;0.3143;10.6944
2008-2009;Brasil;07204;Costela;Carnes;Carnes bovinas de segunda;Alta;ok;;7;"";4.5676;2642;4.5615;0.1184;0.1404;56091;4.261;4.8742;0.1074;0.1293;4.2845
2008-2009;Brasil;07205;Músculo;Carnes;Carnes bovinas de segunda;Alta;ok;;7;"";2.0538;979;1.812;0.047;0.0558;56091;1.8426;2.265;0.0417;0.0523;1.702
2008-2009;Brasil;07206;Pá;Carnes;Carnes bovinas de segunda;Alta;ok;;7;"";1.3133;598;1.2669;0.0329;0.039;56091;1.1435;1.483;0.0282;0.0376;1.19
2008-2009;Brasil;07207;Peito;Carnes;Carnes bovinas de segunda;Alta;ok;;7;"";0.7722;371;0.7829;0.0203;0.0241;56091;0.6332;0.9112;0.0146;0.026;0.7353
2008-2009;Brasil;07208;Outros  Capa de filé;Carnes;Carnes bovinas de segunda;Alta;ok;;7;"";24.7013;13664;24.0141;0.6232;0.7392;56091;24.0679;25.3348;0.5926;0.6537;22.5555
2008-2009;Brasil;07401;Carré;Carnes;Carnes suínas com osso e sem osso;Alta;ok;;7;"";1.5956;505;1.1093;0.0288;0.0341;56091;1.388;1.8032;0.0249;0.0327;1.042
2008-2009;Brasil;07402;Costela;Carnes;Carnes suínas com osso e sem osso;Alta;ok;;7;"";1.6883;640;1.3911;0.0361;0.0428;56091;1.4927;1.884;0.0314;0.0408;1.3066
2008-2009;Brasil;07403;Lombo;Carnes;Carnes suínas com osso e sem osso;Alta;ok;;7;"";0.6546;250;0.5184;0.0135;0.016;56091;0.5239;0.7852;0.0107;0.0162;0.4869
2008-2009;Brasil;07404;Pernil;Carnes;Carnes suínas com osso e sem osso;Alta;ok;;7;"";0.0785;30;0.0721;0.0019;0.0022;56091;0.0434;0.1135;9e-04;0.0028;0.0678
2008-2009;Brasil;07405;Porco eviscerado;Carnes;Carnes suínas com osso e sem osso;Alta;ok;;7;"";0.6994;512;1.0895;0.0283;0.0335;56091;0.615;0.7838;0.0221;0.0344;1.0233
2008-2009;Brasil;07501;Mortadela;Carnes;Carnes suínas outras;Alta;ok;;7;"";9.9893;4445;2.5325;0.0657;0.078;56091;9.5469;10.4317;0.062;0.0695;2.3786
2008-2009;Brasil;07502;Presunto;Carnes;Carnes suínas outras;Alta;ok;;7;"";9.0695;3904;2.6623;0.0691;0.082;56091;8.6099;9.5292;0.0649;0.0733;2.5006
2008-2009;Brasil;07503;Salsicha;Carnes;Carnes suínas outras;Alta;ok;;7;"";8.336;4011;2.6997;0.0701;0.0831;56091;7.9356;8.7364;0.0648;0.0753;2.5357
2008-2009;Brasil;07504;Toucinho fresco;Carnes;Carnes suínas outras;Alta;ok;;7;"";2.6641;1084;1.0478;0.0272;0.0323;56091;2.4459;2.8822;0.0243;0.0301;0.9842
2008-2009;Brasil;07506;Outras;Carnes;Carnes suínas outras;Alta;ok;;7;"";4.1448;2230;4.2205;0.1095;0.1299;56091;3.8644;4.4253;0.0989;0.1201;3.9641
2008-2009;Brasil;07601;Linguiça;Carnes;Carnes de outros animais;Alta;ok;;7;"";1.8181;872;0.8401;0.0218;0.0259;56091;1.6261;2.0101;0.019;0.0247;0.7891
2008-2009;Brasil;07602;Outras;Carnes;Carnes de outros animais;Alta;ok;;7;"";3.2189;2123;2.951;0.0766;0.0908;56091;2.9787;3.459;0.0682;0.0849;2.7718
2008-2009;Brasil;08101;Bovina Fígado;Vísceras;Vísceras;Alta;ok;;8;"";2.7839;1685;48.0532;0.0308;0.0366;56091;2.5714;2.9963;0.0284;0.0333;1.1153
2008-2009;Brasil;08102;Bovina Outras;Vísceras;Vísceras;Alta;ok;;8;"";1.5875;1082;29.9396;0.0192;0.0228;56091;1.4476;1.7274;0.017;0.0214;0.6949
2008-2009;Brasil;08103;Vísceras suínas;Vísceras;Vísceras;Alta;ok;;8;"";0.3772;187;6.8392;0.0044;0.0052;56091;0.3045;0.4499;0.0034;0.0054;0.1587
2008-2009;Brasil;08104;Outras vísceras;Vísceras;Vísceras;Alta;ok;;8;"";0.9036;416;15.168;0.0097;0.0115;56091;0.7792;1.0281;0.0082;0.0113;0.352
2008-2009;Brasil;09101;Bacalhau;Pescados;Peixes de água salgada (marinhos);Alta;ok;;9;"";0.3995;167;6.3393;0.0213;0.0252;56091;0.2984;0.5005;0.0134;0.0291;0.7696
2008-2009;Brasil;09102;Sardinha fresca;Pescados;Peixes de água salgada (marinhos);Alta;ok;;9;"";0.358;161;1.3714;0.0046;0.0055;56091;0.2753;0.4407;0.0032;0.006;0.1665
2008-2009;Brasil;09103;Sardinha em conserva;Pescados;Peixes de água salgada (marinhos);Alta;ok;;9;"";3.1387;1966;7.5456;0.0253;0.03;56091;2.921;3.3565;0.023;0.0276;0.9161
2008-2009;Brasil;09104;Atum e bonito;Pescados;Peixes de água salgada (marinhos);Alta;ok;;9;"";0.9074;289;2.8467;0.0095;0.0113;56091;0.7522;1.0626;0.0077;0.0114;0.3456
2008-2009;Brasil;09105;Pescada;Pescados;Peixes de água salgada (marinhos);Alta;ok;;9;"";1.1149;679;6.8617;0.023;0.0273;56091;0.9659;1.2639;0.0195;0.0265;0.833
2008-2009;Brasil;09106;Corvina;Pescados;Peixes de água salgada (marinhos);Alta;ok;;9;"";0.4959;263;3.5191;0.0118;0.014;56091;0.4099;0.582;0.0085;0.0151;0.4272
2008-2009;Brasil;09107;Cação e tubarão;Pescados;Peixes de água salgada (marinhos);Alta;ok;;9;"";0.1901;73;1.2608;0.0042;0.005;56091;0.1284;0.2518;0.0028;0.0057;0.1531
2008-2009;Brasil;09108;Outros peixes marinhos - fresco/inteiro;Pescados;Peixes de água salgada (marinhos);Baixa;ok;;9;"";2.0646;1285;12.2341;0.041;0.0487;56091;1.8631;2.2661;0.0355;0.0466;1.4853
2008-2009;Brasil;09109;Outros peixes marinhos - em filé;Pescados;Peixes de água salgada (marinhos);Média;ok;;9;"";0.9297;333;6.8;0.0228;0.0271;56091;0.7896;1.0698;0.0181;0.0276;0.8255
2008-2009;Brasil;09110;Outros peixes marinhos - em postas;Pescados;Peixes de água salgada (marinhos);Baixa;ok;;9;"";0.3351;153;3.0822;0.0103;0.0123;56091;0.2497;0.4205;0.0067;0.014;0.3742
2008-2009;Brasil;09111;Outros peixes marinhos - salgado/seco;Pescados;Peixes de água salgada (marinhos);Média;compartilhado;09108, 09105;9;1995;;;;;;56091;;;;;
2008-2009;Brasil;09112;Outros peixes marinhos - em conserva;Pescados;Peixes de água salgada (marinhos);Média;ok;;9;"";0.1186;63;0.4045;0.0014;0.0016;56091;0.072;0.1653;8e-04;0.0019;0.0491
2008-2009;Brasil;09201;Tilápia;Pescados;Peixes de água doce;Alta;ok;;9;"";0.4681;265;2.5868;0.0087;0.0103;56091;0.386;0.5502;0.0069;0.0104;0.314
2008-2009;Brasil;09202;Outros peixes de água doce (nominados);Pescados;Peixes de água doce;Média;ok;;9;"";1.4485;1255;10.3817;0.0348;0.0413;56091;1.2942;1.6027;0.0307;0.0389;1.2604
2008-2009;Brasil;09203;Peixes de água doce - fresco/inteiro;Pescados;Peixes de água doce;Média;ok;;9;"";3.4129;2966;25.0387;0.084;0.0996;56091;3.1961;3.6297;0.0765;0.0915;3.0398
2008-2009;Brasil;09204;Peixes de água doce - filé/postas;Pescados;Peixes de água doce;Média;ok;;9;"";0.3911;236;2.8702;0.0096;0.0114;56091;0.3209;0.4614;0.0073;0.012;0.3485
2008-2009;Brasil;09205;Peixes de água doce - salgado/conserva;Pescados;Peixes de água doce;Média;compartilhado;09203;9;1995;;;;;;56091;;;;;
2008-2009;Brasil;09401;Camarão;Pescados;Crustáceos;Alta;ok;;9;"";0.7747;505;6.4553;0.0217;0.0257;56091;0.6598;0.8896;0.0174;0.0259;0.7837
2008-2009;Brasil;09402;Camarão processado;Pescados;Crustáceos;Média;ok;;9;1987, 1995;0.0024;1;0.0044;0;0;56091;0;0.0071;0;0;5e-04
2008-2009;Brasil;09403;Lagosta;Pescados;Crustáceos;Alta;ok;;9;"";0.003;1;0.066;2e-04;3e-04;56091;0;0.009;0;7e-04;0.008
2008-2009;Brasil;09404;Caranguejo e siri;Pescados;Crustáceos;Alta;ok;;9;"";0.0245;22;0.1312;4e-04;5e-04;56091;0.0113;0.0376;1e-04;7e-04;0.0159
2008-2009;Brasil;09501;Ostras, mariscos e mexilhões;Pescados;Moluscos;Alta;ok;;9;"";0.0344;25;0.1462;5e-04;6e-04;56091;0.0163;0.0524;2e-04;8e-04;0.0177
2008-2009;Brasil;09502;Lula e polvo;Pescados;Moluscos;Alta;ok;;9;"";0.0047;1;0.0396;1e-04;2e-04;56091;0;0.0141;0;4e-04;0.0048
2008-2009;Brasil;09601;Rã;Pescados;Outros pescados e preparações;Alta;ok;;9;"";0.0093;4;0.0145;0;1e-04;56091;0;0.0196;0;1e-04;0.0018
2008-2009;Brasil;10101;Asa de frango;Aves e ovos;Aves;Alta;ok;;10;"";2.0422;801;3.2963;0.0318;0.0377;56091;1.8466;2.2378;0.0279;0.0357;1.1511
2008-2009;Brasil;10102;Carne de frango não especificada;Aves e ovos;Aves;Alta;ok;;10;"";4.3151;2473;7.3307;0.0707;0.0839;56091;4.0252;4.6051;0.0649;0.0766;2.5599
2008-2009;Brasil;10103;Coxa de frango;Aves e ovos;Aves;Alta;ok;;10;"";4.91;2008;8.7033;0.084;0.0996;56091;4.5791;5.2409;0.0771;0.0909;3.0393
2008-2009;Brasil;10104;Frango abatido (inteiro);Aves e ovos;Aves;Alta;ok;;10;"";18.1591;12132;43.6968;0.4216;0.5001;56091;17.595;18.7231;0.4029;0.4402;15.2593
2008-2009;Brasil;10105;Frango vivo;Aves e ovos;Aves;Alta;ok;;10;"";0.5553;459;1.7484;0.0169;0.02;56091;0.4672;0.6433;0.0139;0.0198;0.6106
2008-2009;Brasil;10106;Peito de frango;Aves e ovos;Aves;Alta;ok;;10;"";6.2593;2467;11.6695;0.1126;0.1336;56091;5.8929;6.6258;0.105;0.1202;4.0751
2008-2009;Brasil;10107;Outras;Aves e ovos;Aves;Alta;ok;;10;"";4.2382;1803;6.143;0.0593;0.0703;56091;3.9249;4.5515;0.052;0.0666;2.1452
2008-2009;Brasil;10201;Ovo de galinha;Aves e ovos;Ovos;Alta;ok;;10;"";24.3956;13824;17.1779;0.1657;0.1966;56091;23.767;25.0242;0.1589;0.1726;5.9986
2008-2009;Brasil;10202;Outros;Aves e ovos;Ovos;Alta;ok;;10;"";0.3678;184;0.234;0.0023;0.0027;56091;0.2881;0.4474;0.0017;0.0028;0.0817
2008-2009;Brasil;11101;Creme de leite;Laticínios;Leite e creme de leite;Alta;ok;;11;"";5.4385;2651;2.0622;0.0308;0.0365;56091;5.1065;5.7705;0.0284;0.0332;1.1148
2008-2009;Brasil;11102;Leite condensado;Laticínios;Leite e creme de leite;Alta;ok;;11;"";6.158;3002;3.1206;0.0466;0.0553;56091;5.8303;6.4858;0.0435;0.0497;1.687
2008-2009;Brasil;11103;Leite de vaca fresco;Laticínios;Leite e creme de leite;Alta;ok;;11;"";37.6848;19173;37.6602;0.5625;0.6672;56091;36.8808;38.4887;0.5394;0.5855;20.3583
2008-2009;Brasil;11104;Leite de vaca pasteurizado;Laticínios;Leite e creme de leite;Alta;ok;;11;"";6.7812;3105;5.5695;0.0832;0.0987;56091;6.3177;7.2446;0.0757;0.0907;3.0108
2008-2009;Brasil;11105;Leite em pó integral;Laticínios;Leite e creme de leite;Alta;ok;;11;"";9.7923;6992;10.903;0.1628;0.1932;56091;9.4205;10.1641;0.1533;0.1723;5.8939
2008-2009;Brasil;11106;Outros;Laticínios;Leite e creme de leite;Alta;ok;;11;"";10.3784;5198;5.8129;0.0868;0.103;56091;9.9539;10.8028;0.0822;0.0915;3.1423
2008-2009;Brasil;11201;Queijo minas;Laticínios;Queijos e requeijão;Alta;ok;;11;"";5.7159;2739;5.8602;0.0875;0.1038;56091;5.3755;6.0563;0.081;0.0941;3.1679
2008-2009;Brasil;11202;Queijo mozarela;Laticínios;Queijos e requeijão;Alta;ok;;11;"";10.4142;4405;6.8823;0.1028;0.1219;56091;9.9315;10.8969;0.0965;0.1091;3.7204
2008-2009;Brasil;11203;Queijo prato;Laticínios;Queijos e requeijão;Alta;ok;;11;"";4.5357;1718;3.4201;0.0511;0.0606;56091;4.2083;4.863;0.0467;0.0554;1.8488
2008-2009;Brasil;11204;Outros queijos;Laticínios;Queijos e requeijão;Alta;ok;;11;"";4.7653;1852;3.2731;0.0489;0.058;56091;4.4014;5.1293;0.0431;0.0546;1.7694
2008-2009;Brasil;11205;Requeijão;Laticínios;Queijos e requeijão;Alta;ok;;11;"";4.5643;1652;2.554;0.0381;0.0452;56091;4.1915;4.9371;0.035;0.0413;1.3806
2008-2009;Brasil;11301;Iogurte;Laticínios;Outros laticínios;Alta;ok;;11;"";13.9578;6962;8.2512;0.1232;0.1462;56091;13.4431;14.4725;0.1172;0.1292;4.4604
2008-2009;Brasil;11302;Leite fermentado;Laticínios;Outros laticínios;Alta;ok;;11;"";3.317;1375;2.0637;0.0308;0.0366;56091;3.0353;3.5987;0.0275;0.0342;1.1156
2008-2009;Brasil;11303;Manteiga;Laticínios;Outros laticínios;Alta;ok;;11;"";4.3451;2647;2.2222;0.0332;0.0394;56091;4.0726;4.6177;0.0308;0.0356;1.2013
2008-2009;Brasil;11304;Outros;Laticínios;Outros laticínios;Alta;ok;;11;"";0.8267;376;0.3448;0.0051;0.0061;56091;0.7005;0.953;0.0042;0.0061;0.1864
2008-2009;Brasil;12101;Açúcar cristal;Açúcares e produtos de confeitaria;Açúcares, doces e produtos de confeitaria;Alta;ok;;12;"";20.6481;13383;24.0251;0.1793;0.2127;56091;20.0486;21.2475;0.1707;0.1879;6.4897
2008-2009;Brasil;12102;Açúcar refinado;Açúcares e produtos de confeitaria;Açúcares, doces e produtos de confeitaria;Alta;ok;;12;"";6.1253;2829;6.5623;0.049;0.0581;56091;5.7179;6.5327;0.0443;0.0536;1.7726
2008-2009;Brasil;12103;Outros;Açúcares e produtos de confeitaria;Açúcares, doces e produtos de confeitaria;Alta;ok;;12;"";1.6878;865;2.0282;0.0151;0.018;56091;1.5201;1.8556;0.0124;0.0178;0.5479
2008-2009;Brasil;12201;Doce a base de leite;Açúcares e produtos de confeitaria;Doces e derivados;Alta;ok;;12;"";3.1802;1449;3.4336;0.0256;0.0304;56091;2.9388;3.4216;0.023;0.0283;0.9275
2008-2009;Brasil;12202;Doce de fruta;Açúcares e produtos de confeitaria;Doces e derivados;Alta;ok;;12;"";4.1975;2381;3.9433;0.0294;0.0349;56091;3.9475;4.4475;0.027;0.0318;1.0652
2008-2009;Brasil;12203;Sorvete;Açúcares e produtos de confeitaria;Doces e derivados;Alta;ok;;12;"";4.858;2320;10.2644;0.0766;0.0909;56091;4.5463;5.1697;0.0696;0.0836;2.7726
2008-2009;Brasil;12204;Outros;Açúcares e produtos de confeitaria;Doces e derivados;Alta;ok;;12;"";30.2719;15527;47.8131;0.3568;0.4233;56091;29.4931;31.0507;0.3373;0.3764;12.9153
2008-2009;Brasil;12301;Chocolate em pó;Açúcares e produtos de confeitaria;Outros açucares e produtos de confeitaria;Alta;ok;;12;"";0.0542;24;0.0809;6e-04;7e-04;56091;0.0239;0.0845;2e-04;0.001;0.0218
2008-2009;Brasil;12302;Outros;Açúcares e produtos de confeitaria;Outros açucares e produtos de confeitaria;Alta;ok;;12;"";1.451;684;1.8492;0.0138;0.0164;56091;1.2952;1.6067;0.012;0.0156;0.4995
2008-2009;Brasil;13101;Sal grosso;Sais e condimentos;Sais;Alta;ok;;13;"";1.0572;681;1.4788;0.0038;0.0045;56091;0.9356;1.1788;0.0024;0.0051;0.1358
2008-2009;Brasil;13102;Sal refinado;Sais e condimentos;Sais;Alta;ok;;13;"";8.7425;5507;8.1049;0.0206;0.0244;56091;8.3773;9.1077;0.0191;0.022;0.7442
2008-2009;Brasil;13103;Outros;Sais e condimentos;Sais;Alta;ok;;13;"";0.2945;148;0.4843;0.0012;0.0015;56091;0.2277;0.3614;7e-04;0.0017;0.0445
2008-2009;Brasil;13201;Caldo de carne em tablete;Sais e condimentos;Condimentos;Alta;ok;;13;"";2.1063;1052;3.09;0.0078;0.0093;56091;1.9104;2.3022;0.0068;0.0089;0.2837
2008-2009;Brasil;13202;Caldo de galinha em tablete;Sais e condimentos;Condimentos;Alta;ok;;13;"";2.7602;1369;3.9667;0.0101;0.0119;56091;2.5512;2.9693;0.0089;0.0112;0.3642
2008-2009;Brasil;13203;Fermento;Sais e condimentos;Condimentos;Alta;ok;;13;"";2.8457;1416;6.0394;0.0153;0.0182;56091;2.618;3.0734;0.0138;0.0168;0.5545
2008-2009;Brasil;13204;Maionese;Sais e condimentos;Condimentos;Alta;ok;;13;"";5.0662;2351;11.4969;0.0292;0.0346;56091;4.7591;5.3732;0.0269;0.0315;1.0557
2008-2009;Brasil;13205;Massa de tomate;Sais e condimentos;Condimentos;Alta;ok;;13;"";8.1764;4273;17.8866;0.0454;0.0538;56091;7.7886;8.5643;0.0424;0.0484;1.6424
2008-2009;Brasil;13206;Molho de tomate;Sais e condimentos;Condimentos;Alta;ok;;13;"";6.2546;2322;14.7789;0.0375;0.0445;56091;5.8646;6.6447;0.0345;0.0405;1.357
2008-2009;Brasil;13207;Tempero misto;Sais e condimentos;Condimentos;Alta;ok;;13;"";5.3482;3537;8.8119;0.0224;0.0265;56091;5.0706;5.6258;0.0204;0.0243;0.8091
2008-2009;Brasil;13208;Vinagre de álcool;Sais e condimentos;Condimentos;Alta;ok;;13;"";1.9783;1242;2.0905;0.0053;0.0063;56091;1.8213;2.1354;0.0048;0.0058;0.192
2008-2009;Brasil;13209;Vinagre de vinho;Sais e condimentos;Condimentos;Alta;ok;;13;"";0.8051;402;1.0145;0.0026;0.0031;56091;0.6822;0.9279;0.0021;0.003;0.0931
2008-2009;Brasil;13210;Outros;Sais e condimentos;Condimentos;Alta;ok;;13;"";9.7154;5165;20.7567;0.0527;0.0625;56091;9.2902;10.1406;0.0491;0.0562;1.9059
2008-2009;Brasil;14101;Azeite de oliva;Óleos e gorduras;Óleos;Alta;ok;;14;"";2.2813;896;10.2267;0.0434;0.0515;56091;2.0407;2.5219;0.0383;0.0485;1.5709
2008-2009;Brasil;14102;Óleo de milho;Óleos e gorduras;Óleos;Alta;ok;;14;"";0.5301;271;1.7155;0.0073;0.0086;56091;0.4238;0.6364;0.0055;0.009;0.2635
2008-2009;Brasil;14103;Óleo de soja;Óleos e gorduras;Óleos;Alta;ok;;14;"";20.5935;12347;54.3216;0.2305;0.2735;56091;20.0434;21.1437;0.22;0.241;8.3445
2008-2009;Brasil;14104;Óleo não especificado;Óleos e gorduras;Óleos;Alta;ok;;14;"";1.5486;801;4.7287;0.0201;0.0238;56091;1.3799;1.7172;0.017;0.0231;0.7264
2008-2009;Brasil;14201;Margarina vegetal;Óleos e gorduras;Gorduras;Alta;ok;;14;"";18.2143;9779;27.2486;0.1156;0.1372;56091;17.6711;18.7575;0.1105;0.1208;4.1857
2008-2009;Brasil;14202;Outras;Óleos e gorduras;Gorduras;Alta;ok;;14;"";0.4012;228;1.7589;0.0075;0.0089;56091;0.3224;0.48;0.005;0.0099;0.2702
2008-2009;Brasil;15101;Outras aguardentes;Bebidas e infusões;Bebidas alcoólicas;Alta;ok;;15;"";2.2766;1384;1.4801;0.0315;0.0374;56091;2.0864;2.4667;0.0274;0.0356;1.1409
2008-2009;Brasil;15102;Cerveja;Bebidas e infusões;Bebidas alcoólicas;Alta;ok;;15;"";15.6354;7663;29.4841;0.6279;0.7448;56091;15.06;16.2109;0.5929;0.6629;22.7258
2008-2009;Brasil;15103;Vinho;Bebidas e infusões;Bebidas alcoólicas;Média;ok;;15;1995;2.138;969;2.6675;0.0568;0.0674;56091;1.9321;2.3438;0.0467;0.0669;2.0561
2008-2009;Brasil;15104;Outras;Bebidas e infusões;Bebidas alcoólicas;Alta;ok;;15;"";1.6902;772;2.8668;0.061;0.0724;56091;1.497;1.8833;0.0477;0.0744;2.2096
2008-2009;Brasil;15201;Água mineral;Bebidas e infusões;Bebidas não alcoólicas;Alta;ok;;15;"";5.8417;2706;2.5524;0.0544;0.0645;56091;5.461;6.2223;0.0494;0.0593;1.9673
2008-2009;Brasil;15202;Refrigerante de cola;Bebidas e infusões;Bebidas não alcoólicas;Alta;ok;;15;"";32.5466;16001;20.4073;0.4346;0.5155;56091;31.6863;33.4069;0.4151;0.454;15.7295
2008-2009;Brasil;15203;Refrigerante de guaraná;Bebidas e infusões;Bebidas não alcoólicas;Alta;ok;;15;"";13.6933;6923;5.055;0.1076;0.1277;56091;13.1195;14.2672;0.1014;0.1139;3.8963
2008-2009;Brasil;15204;Refrigerante de laranja;Bebidas e infusões;Bebidas não alcoólicas;Alta;ok;;15;"";4.1739;2175;1.2752;0.0272;0.0322;56091;3.8732;4.4746;0.025;0.0293;0.9829
2008-2009;Brasil;15205;Refrigerante de limão;Bebidas e infusões;Bebidas não alcoólicas;Alta;ok;;15;"";2.1745;849;0.6614;0.0141;0.0167;56091;1.9132;2.4359;0.0121;0.016;0.5098
2008-2009;Brasil;15206;Outros refrigerantes;Bebidas e infusões;Bebidas não alcoólicas;Alta;ok;;15;"";7.5748;3761;3.2959;0.0702;0.0833;56091;7.1223;8.0273;0.0642;0.0762;2.5404
2008-2009;Brasil;15207;Suco de fruta em pó;Bebidas e infusões;Bebidas não alcoólicas;Alta;ok;;15;"";10.8637;6034;2.7842;0.0593;0.0703;56091;10.3504;11.3769;0.0553;0.0633;2.146
2008-2009;Brasil;15208;Suco de fruta envasado;Bebidas e infusões;Bebidas não alcoólicas;Alta;ok;;15;"";13.5697;6504;6.9522;0.148;0.1756;56091;12.9968;14.1426;0.1351;0.161;5.3586
2008-2009;Brasil;15209;Outras;Bebidas e infusões;Bebidas não alcoólicas;Alta;ok;;15;"";2.0192;815;1.4305;0.0305;0.0361;56091;1.7783;2.2602;0.0256;0.0353;1.1026
2008-2009;Brasil;15301;Café moído;Bebidas e infusões;Cafés;Alta;ok;;15;"";29.913;16500;15.847;0.3375;0.4003;56091;29.2368;30.5893;0.3231;0.3518;12.2146
2008-2009;Brasil;15302;Café solúvel;Bebidas e infusões;Cafés;Alta;ok;;15;"";3.397;2029;1.5585;0.0332;0.0394;56091;3.1587;3.6353;0.0303;0.036;1.2013
2008-2009;Brasil;15303;Outros;Bebidas e infusões;Cafés;Alta;ok;;15;"";0.1619;148;0.1058;0.0023;0.0027;56091;0.1212;0.2026;0.0014;0.0031;0.0816
2008-2009;Brasil;15401;Chá-mate;Bebidas e infusões;Chás;Alta;ok;;15;"";2.7326;1255;1.1769;0.0251;0.0297;56091;2.4964;2.9687;0.0225;0.0276;0.9071
2008-2009;Brasil;15402;Outros;Bebidas e infusões;Chás;Alta;ok;;15;"";1.5001;634;0.3992;0.0085;0.0101;56091;1.3259;1.6742;0.0072;0.0098;0.3077
2008-2009;Brasil;16101;Frango assado ou defumado;Outros produtos;Outros produtos;Baixa;ausente;;16;2002, 2008, 2017;;;;;;56091;;;;;
2008-2009;Brasil;16102;Massa;Outros produtos;Outros produtos;Média;ok;;16;2017;0.0209;7;0.0064;4e-04;4e-04;56091;0;0.0418;0;7e-04;0.0131
2008-2009;Brasil;16103;Outros produtos;Outros produtos;Outros produtos;Alta;ok;;16;"";8.4117;4384;12.1481;0.6828;0.81;56091;7.9255;8.8979;0.5916;0.774;24.7142
2008-2009;Brasil;16104;Refeição;Outros produtos;Outros produtos;Alta;ok;;16;"";47.2929;22488;70.635;3.9702;4.7094;56091;46.3659;48.2199;3.8264;4.1139;143.6996
2008-2009;Brasil;16105;Salgadinho;Outros produtos;Outros produtos;Alta;ok;;16;"";36.6761;19331;16.9635;0.9535;1.131;56091;35.8676;37.4845;0.9141;0.9928;34.5106
2008-2009;Brasil;16106;Mistura para bolo;Outros produtos;Outros produtos;Alta;ok;;16;"";1.9597;1096;0.2469;0.0139;0.0165;56091;1.78;2.1393;0.012;0.0157;0.5023
2008-2009;Brasil;17101;Aluguel;Serviços e taxas de habitação;Habitação e utilidades;Alta;ok;;17;"";99.3367;55738;61.9115;15.6977;;56091;99.2372;99.4362;15.4199;15.9754;568.1738
2008-2009;Brasil;17102;Energia elétrica;Serviços e taxas de habitação;Habitação e utilidades;Alta;ok;;17;"";90.975;49309;11.1395;2.8244;3.3504;56091;90.427;91.5231;2.7643;2.8845;102.2296
2008-2009;Brasil;17103;Gás doméstico;Serviços e taxas de habitação;Habitação e utilidades;Alta;ok;;17;"";89.4631;50352;3.8137;0.967;1.147;56091;88.8607;90.0655;0.9417;0.9923;34.999
2008-2009;Brasil;17104;Água e esgoto;Serviços e taxas de habitação;Habitação e utilidades;Alta;ok;;17;"";66.3121;35316;4.2657;1.0816;1.283;56091;65.1034;67.5208;1.0428;1.1203;39.1474
2008-2009;Brasil;17201;Telefone fixo;Serviços e taxas de habitação;Telefonia e comunicações;Alta;ok;;17;"";30.6484;12768;5.0773;1.2873;1.5271;56091;29.8294;31.4674;1.2414;1.3333;46.5954
2008-2009;Brasil;17202;Telefone celular (plano/serviço);Serviços e taxas de habitação;Telefonia e comunicações;Média (ausência histórica esperada);ok;;17;1987;50.8183;27894;7.4351;1.8852;2.2362;56091;49.8728;51.7637;1.8193;1.9511;68.2334
2008-2009;Brasil;17301;Outros serviços e taxas de habitação;Serviços e taxas de habitação;Outros serviços de habitação;Alta;ok;;17;"";27.1874;12072;6.3572;1.6119;1.912;56091;26.0885;28.2863;1.4405;1.7832;58.3409
2008-2009;Brasil;18101;Manutenção do lar;Habitação;Manutenção e limpeza;Alta;ok;;18;"";38.9422;20305;45.394;4.7908;5.6829;56091;38.087;39.7975;4.4576;5.1239;173.4016
2008-2009;Brasil;18102;Artigos de limpeza doméstica;Habitação;Manutenção e limpeza;Alta;ok;;18;"";36.2981;19913;6.8179;0.7195;0.8535;56091;35.5765;37.0197;0.6943;0.7448;26.0438
2008-2009;Brasil;18103;Consertos de artigos do lar;Habitação;Manutenção e limpeza;Alta;ok;;18;"";14.0826;7458;2.7881;0.2942;0.349;56091;13.5637;14.6015;0.2736;0.3149;10.6502
2008-2009;Brasil;18201;Mobiliários e artigos do lar;Habitação;Mobiliário e eletrodomésticos;Alta;ok;;18;"";68.3041;37511;20.5694;2.1709;2.5751;56091;67.5096;69.0986;2.0899;2.2518;78.5737
2008-2009;Brasil;18202;Eletrodomésticos;Habitação;Mobiliário e eletrodomésticos;Alta;ok;;18;"";70.5818;37792;24.4307;2.5784;3.0585;56091;69.7316;71.4321;2.5095;2.6472;93.3233
2008-2009;Brasil;19101;Roupa de homem;Vestuário;Roupas;Alta;ok;;19;"";55.4235;30424;24.2173;1.3413;1.5911;56091;54.6048;56.2423;1.3032;1.3795;48.5491
2008-2009;Brasil;19102;Roupa de mulher;Vestuário;Roupas;Alta;ok;;19;"";59.7493;32385;30.3169;1.6792;1.9918;56091;58.9514;60.5471;1.6335;1.7248;60.7771
2008-2009;Brasil;19103;Roupa de criança;Vestuário;Roupas;Alta;ok;;19;"";40.526;22529;11.4376;0.6335;0.7515;56091;39.7934;41.2585;0.6107;0.6563;22.9293
2008-2009;Brasil;19104;Tecidos e armarinhos;Vestuário;Roupas;Alta;ok;;19;"";8.6467;5038;1.0861;0.0602;0.0714;56091;8.241;9.0525;0.053;0.0673;2.1773
2008-2009;Brasil;19201;Calçados e apetrechos;Vestuário;Calçados e acessórios;Alta;ok;;19;"";67.7236;37205;28.3081;1.5679;1.8599;56091;66.9116;68.5357;1.4842;1.6516;56.7501
2008-2009;Brasil;19202;Joias e bijuterias;Vestuário;Calçados e acessórios;Alta;ok;;19;"";30.9317;16751;4.634;0.2567;0.3045;56091;30.1622;31.7012;0.2401;0.2732;9.2899
2008-2009;Brasil;20101;Transporte urbano e coletivo;Transporte;Transporte coletivo;Alta;ok;;20;"";45.7966;22911;13.5202;2.7649;3.2798;56091;44.8886;46.7045;2.6574;2.8724;100.0757
2008-2009;Brasil;20201;Gasolina para veículo próprio;Transporte;Veículo próprio;Alta;ok;;20;"";28.14;14820;15.8684;3.2451;3.8494;56091;27.436;28.844;3.1359;3.3544;117.4573
2008-2009;Brasil;20202;Álcool para veículo próprio;Transporte;Veículo próprio;Alta;ok;;20;"";5.1142;1676;2.7864;0.5698;0.6759;56091;4.6742;5.5542;0.5142;0.6255;20.6247
2008-2009;Brasil;20203;Manutenção de veículo próprio;Transporte;Veículo próprio;Alta;ok;;20;"";32.5424;17585;10.0227;2.0497;2.4313;56091;31.7309;33.3538;1.953;2.1463;74.1875
2008-2009;Brasil;20301;Aquisição de veículos;Transporte;Aquisição e outros;Alta;ok;;20;"";25.3522;13757;41.6409;8.5157;10.1014;56091;24.6385;26.0658;8.0871;8.9442;308.2237
2008-2009;Brasil;20302;Viagens esporádicas;Transporte;Aquisição e outros;Alta;ok;;20;"";34.1451;18943;11.4949;2.3507;2.7885;56091;33.2662;35.024;2.172;2.5295;85.0846
2008-2009;Brasil;20303;Outros transportes;Transporte;Aquisição e outros;Alta;ok;;20;"";27.5998;11368;4.6664;0.9543;1.132;56091;26.7511;28.4486;0.8891;1.0195;34.5407
2008-2009;Brasil;21101;Perfume e colônia;Higiene e cuidados pessoais;Higiene e cuidados pessoais;Alta;ok;;21;"";35.9487;21323;38.8409;0.9665;1.1464;56091;35.1001;36.7972;0.9294;1.0036;34.981
2008-2009;Brasil;21102;Produtos para cabelo;Higiene e cuidados pessoais;Higiene e cuidados pessoais;Alta;ok;;21;"";15.1703;8098;8.1935;0.2039;0.2418;56091;14.5584;15.7821;0.1921;0.2156;7.3793
2008-2009;Brasil;21103;Sabonete e produtos de banho;Higiene e cuidados pessoais;Higiene e cuidados pessoais;Alta;ok;;21;"";17.2914;9448;5.1209;0.1274;0.1511;56091;16.7765;17.8062;0.1211;0.1337;4.612
2008-2009;Brasil;21104;Outros produtos de higiene pessoal;Higiene e cuidados pessoais;Higiene e cuidados pessoais;Alta;ok;;21;"";59.7489;32453;47.8447;1.1905;1.4122;56091;58.9476;60.5501;1.1504;1.2306;43.0901
2008-2009;Brasil;22101;Remédios e produtos farmacêuticos;Assistência à saúde;Medicamentos e materiais;Alta;ok;;22;"";82.8293;45527;47.8876;3.4054;4.0396;56091;82.2332;83.4254;3.2359;3.5749;123.2592
2008-2009;Brasil;22102;Material de tratamento médico;Assistência à saúde;Medicamentos e materiais;Alta;ok;;22;"";10.3586;4628;4.0062;0.2849;0.3379;56091;9.8051;10.9121;0.2573;0.3125;10.3117
2008-2009;Brasil;22201;Consulta e tratamento dentário;Assistência à saúde;Serviços médicos;Alta;ok;;22;"";4.7957;2112;4.8022;0.3415;0.4051;56091;4.4301;5.1613;0.2766;0.4064;12.3606
2008-2009;Brasil;22202;Consulta médica;Assistência à saúde;Serviços médicos;Alta;ok;;22;"";13.0554;7334;3.9136;0.2783;0.3301;56091;12.5355;13.5753;0.2548;0.3018;10.0734
2008-2009;Brasil;22203;Tratamento ambulatorial;Assistência à saúde;Serviços médicos;Alta;ok;;22;"";1.647;585;1.8845;0.134;0.159;56091;1.417;1.877;0.099;0.169;4.8505
2008-2009;Brasil;22204;Serviços de cirurgia;Assistência à saúde;Serviços médicos;Média;ok;;22;2017;0.688;352;2.8394;0.2019;0.2395;56091;0.5782;0.7979;0.0994;0.3045;7.3084
2008-2009;Brasil;22205;Hospitalização;Assistência à saúde;Serviços médicos;Alta;ok;;22;"";0.3276;191;0.6758;0.0481;0.057;56091;0.2624;0.3928;0.032;0.0641;1.7394
2008-2009;Brasil;22206;Exames médicos;Assistência à saúde;Serviços médicos;Alta;ok;;22;"";10.3138;6334;2.9879;0.2125;0.252;56091;9.908;10.7197;0.1983;0.2267;7.6907
2008-2009;Brasil;22301;Plano e seguro de saúde;Assistência à saúde;Plano e outros;Alta;ok;;22;"";24.9261;9884;30.2212;2.1491;2.5493;56091;24.0588;25.7933;2.0351;2.2632;77.7871
2008-2009;Brasil;22302;Outros serviços de saúde;Assistência à saúde;Plano e outros;Alta;ok;;22;"";3.6579;1892;0.7815;0.0556;0.0659;56091;3.381;3.9349;0.0465;0.0647;2.0115
2008-2009;Brasil;23101;Cursos regulares (ensino fundamental/médio);Educação;Cursos;Média;ok;;23;1987;6.7677;3539;26.6921;0.7886;0.9354;56091;6.3763;7.1592;0.6871;0.89;28.5421
2008-2009;Brasil;23102;Curso superior;Educação;Cursos;Alta;ok;;23;"";5.1389;2499;32.4918;0.9599;1.1386;56091;4.7717;5.5061;0.8524;1.0674;34.7437
2008-2009;Brasil;23103;Outros cursos e formação;Educação;Cursos;Média;ok;;23;1987;16.6709;8116;22.9167;0.677;0.8031;56091;16.0303;17.3115;0.6231;0.731;24.5051
2008-2009;Brasil;23201;Livros e revistas técnicas;Educação;Material e outros;Média;ok;;23;2017;10.3776;5264;4.3785;0.1294;0.1534;56091;9.8966;10.8586;0.1187;0.14;4.682
2008-2009;Brasil;23202;Artigos escolares;Educação;Material e outros;Alta;ok;;23;"";38.1898;21900;7.3123;0.216;0.2563;56091;37.3413;39.0384;0.2046;0.2274;7.8191
2008-2009;Brasil;23203;Outros gastos com educação;Educação;Material e outros;Alta;ok;;23;"";15.1811;8087;6.2085;0.1834;0.2176;56091;14.5207;15.8415;0.1652;0.2017;6.6388
2008-2009;Brasil;24101;Brinquedos e jogos;Recreação e cultura;Diversões e esportes;Alta;ok;;24;"";27.6681;14776;14.8707;0.3016;0.3578;56091;26.9707;28.3655;0.2815;0.3217;10.9161
2008-2009;Brasil;24102;Diversões e esportes;Recreação e cultura;Diversões e esportes;Alta;ok;;24;"";19.37;8875;29.0429;0.589;0.6987;56091;18.6744;20.0656;0.5458;0.6322;21.3195
2008-2009;Brasil;24201;Telefone celular e acessórios (aquisição);Recreação e cultura;Dispositivos e mídia;Média (ausência histórica esperada);ok;;24;1987, 2017;29.0355;16212;17.9489;0.364;0.4318;56091;28.2342;29.8368;0.3499;0.3781;13.1758
2008-2009;Brasil;24202;Periódicos, livros e revistas não técnicas;Recreação e cultura;Dispositivos e mídia;Alta;ok;;24;"";17.731;7631;16.1025;0.3266;0.3874;56091;16.9963;18.4658;0.3;0.3531;11.8203
2008-2009;Brasil;24301;Outras recreações e cultura;Recreação e cultura;Outras recreações;Alta;ok;;24;"";25.0601;12028;22.035;0.4469;0.5301;56091;24.299;25.8213;0.4234;0.4704;16.1752
2008-2009;Brasil;25101;Fumo;Serviços pessoais;Serviços pessoais;Alta;ok;;25;"";21.028;11183;32.7604;0.5446;0.646;56091;20.4304;21.6256;0.5145;0.5747;19.7117
2008-2009;Brasil;25102;Cabeleireiro;Serviços pessoais;Serviços pessoais;Alta;ok;;25;"";81.7271;44551;44.4954;0.7397;0.8774;56091;81.1448;82.3093;0.723;0.7564;26.7726
2008-2009;Brasil;25103;Manicure e pedicure;Serviços pessoais;Serviços pessoais;Alta;ok;;25;"";24.4434;12015;13.3495;0.2219;0.2632;56091;23.6867;25.2001;0.212;0.2318;8.0323
2008-2009;Brasil;25104;Consertos de artigos pessoais;Serviços pessoais;Serviços pessoais;Alta;ok;;25;"";5.2062;2433;1.2403;0.0206;0.0245;56091;4.8649;5.5476;0.018;0.0232;0.7463
2008-2009;Brasil;25105;Outros serviços pessoais;Serviços pessoais;Serviços pessoais;Alta;ok;;25;"";12.2665;6316;8.1545;0.1356;0.1608;56091;11.7122;12.8208;0.1203;0.1508;4.9065
2008-2009;Brasil;26101;Jogos e apostas;Despesas diversas;Despesas diversas;Alta;ok;;26;"";12.8609;6243;10.3446;0.2717;0.3223;56091;12.3001;13.4217;0.2337;0.3098;9.8358
2008-2009;Brasil;26102;Comunicação (outros);Despesas diversas;Despesas diversas;Média;ok;;26;1995;12.5573;7081;9.3442;0.2455;0.2912;56091;11.9958;13.1188;0.2274;0.2635;8.8846
2008-2009;Brasil;26103;Cerimônias e festas;Despesas diversas;Despesas diversas;Alta;ok;;26;"";22.52;11293;25.918;0.6809;0.8076;56091;21.6713;23.3688;0.6278;0.7339;24.6433
2008-2009;Brasil;26104;Serviços profissionais e cartório;Despesas diversas;Despesas diversas;Média;ok;;26;2017;8.1203;3665;23.7543;0.624;0.7402;56091;7.5807;8.66;0.5428;0.7052;22.586
2008-2009;Brasil;26105;Imóveis de uso ocasional;Despesas diversas;Despesas diversas;Alta;ok;;26;"";4.8002;2399;9.0519;0.2378;0.2821;56091;4.4653;5.1352;0.1983;0.2773;8.6067
2008-2009;Brasil;26106;Outras despesas diversas;Despesas diversas;Despesas diversas;Alta;ok;;26;"";37.6344;19743;21.5869;0.5671;0.6727;56091;36.7582;38.5106;0.519;0.6151;20.5252
2017-2018;Brasil;01101;Arroz integral;Cereais e leguminosas;Cereais;Alta;ok;;1;"";22.4476;14284;58.7034;0.3433;0.4217;58039;21.8916;23.0037;0.3281;0.3585;12.9213
2017-2018;Brasil;01102;Milho seco;Cereais e leguminosas;Cereais;Alta;ok;;1;"";9.8387;5381;10.1131;0.0591;0.0726;58039;9.4407;10.2368;0.055;0.0633;2.226
2017-2018;Brasil;01103;Outros;Cereais e leguminosas;Cereais;Alta;ok;;1;"";2.542;1337;3.2814;0.0192;0.0236;58039;2.3322;2.7517;0.0171;0.0213;0.7223
2017-2018;Brasil;01201;Feijão-fradinho;Cereais e leguminosas;Leguminosas;Alta;ok;;1;"";1.4846;1072;2.4522;0.0143;0.0176;58039;1.3629;1.6063;0.0125;0.0161;0.5398
2017-2018;Brasil;01202;Feijão-jalo;Cereais e leguminosas;Leguminosas;Baixa;ausente;;1;2008, 2017;;;;;;58039;;;;;
2017-2018;Brasil;01203;Feijão-manteiga;Cereais e leguminosas;Leguminosas;Alta;ok;;1;"";0.1586;114;0.2068;0.0012;0.0015;58039;0.1144;0.2028;9e-04;0.0015;0.0455
2017-2018;Brasil;01204;Feijão-mulatinho;Cereais e leguminosas;Leguminosas;Alta;ok;;1;"";1.9466;1305;2.8038;0.0164;0.0201;58039;1.7691;2.1241;0.0144;0.0184;0.6172
2017-2018;Brasil;01205;Feijão-preto;Cereais e leguminosas;Leguminosas;Alta;ok;;1;"";4.2709;2370;6.2601;0.0366;0.045;58039;4.0029;4.5389;0.0339;0.0394;1.3779
2017-2018;Brasil;01206;Feijão-rajado;Cereais e leguminosas;Leguminosas;Alta;ok;;1;"";7.2174;4211;10.1944;0.0596;0.0732;58039;6.8425;7.5923;0.0552;0.064;2.2439
2017-2018;Brasil;01207;Feijão-roxo;Cereais e leguminosas;Leguminosas;Alta;ok;;1;"";0.0714;33;0.1001;6e-04;7e-04;58039;0.0259;0.1169;2e-04;0.001;0.022
2017-2018;Brasil;01208;Outros feijões;Cereais e leguminosas;Leguminosas;Alta;ok;;1;"";2.7293;1815;3.8615;0.0226;0.0277;58039;2.5239;2.9347;0.0204;0.0248;0.85
2017-2018;Brasil;01209;Outras;Cereais e leguminosas;Leguminosas;Média;ok;;1;2002;1.5093;778;2.0232;0.0118;0.0145;58039;1.3472;1.6713;0.0103;0.0134;0.4453
2017-2018;Brasil;02101;Agrião;Hortaliças;Hortaliças folhosas e florais;Alta;ok;;2;"";0.5957;208;0.2763;0.0019;0.0024;58039;0.4827;0.7087;0.0015;0.0024;0.0726
2017-2018;Brasil;02102;Alface;Hortaliças;Hortaliças folhosas e florais;Alta;ok;;2;"";12.7942;6311;6.7874;0.0474;0.0582;58039;12.2854;13.303;0.0451;0.0496;1.7827
2017-2018;Brasil;02103;Cheiro-verde;Hortaliças;Hortaliças folhosas e florais;Alta;ok;;2;"";8.1552;5507;3.6922;0.0258;0.0316;58039;7.7999;8.5105;0.0242;0.0273;0.9698
2017-2018;Brasil;02104;Couve;Hortaliças;Hortaliças folhosas e florais;Alta;ok;;2;"";5.8354;2913;3.6196;0.0253;0.031;58039;5.5184;6.1523;0.0234;0.0271;0.9507
2017-2018;Brasil;02105;Couve-flor;Hortaliças;Hortaliças folhosas e florais;Alta;ok;;2;"";1.226;498;0.8894;0.0062;0.0076;58039;1.0691;1.383;0.0053;0.0071;0.2336
2017-2018;Brasil;02106;Repolho fresco;Hortaliças;Hortaliças folhosas e florais;Alta;ok;;2;"";3.8014;2173;1.6694;0.0116;0.0143;58039;3.5775;4.0253;0.0108;0.0125;0.4385
2017-2018;Brasil;02107;Outras;Hortaliças;Hortaliças folhosas e florais;Alta;ok;;2;"";7.0264;4066;3.2243;0.0225;0.0276;58039;6.687;7.3658;0.0207;0.0243;0.8469
2017-2018;Brasil;02201;Abóbora comum;Hortaliças;Hortaliças frutosas;Alta;ok;;2;"";4.525;2374;2.5966;0.0181;0.0223;58039;4.2445;4.8055;0.0166;0.0196;0.682
2017-2018;Brasil;02202;Abobrinha;Hortaliças;Hortaliças frutosas;Alta;ok;;2;"";2.4351;1007;1.122;0.0078;0.0096;58039;2.2012;2.669;0.0069;0.0087;0.2947
2017-2018;Brasil;02203;Berinjela;Hortaliças;Hortaliças frutosas;Alta;ok;;2;"";1.3282;482;0.5497;0.0038;0.0047;58039;1.1692;1.4873;0.0033;0.0044;0.1444
2017-2018;Brasil;02204;Cebola;Hortaliças;Hortaliças frutosas;Alta;ok;;2;"";18.3155;10334;8.0106;0.0559;0.0687;58039;17.7423;18.8887;0.0535;0.0583;2.104
2017-2018;Brasil;02205;Chuchu;Hortaliças;Hortaliças frutosas;Alta;ok;;2;"";3.6058;1884;1.4188;0.0099;0.0122;58039;3.3762;3.8355;0.009;0.0108;0.3727
2017-2018;Brasil;02206;Jiló;Hortaliças;Hortaliças frutosas;Alta;ok;;2;"";1.1455;561;0.5742;0.004;0.0049;58039;0.9972;1.2939;0.0032;0.0048;0.1508
2017-2018;Brasil;02207;Pepino fresco;Hortaliças;Hortaliças frutosas;Alta;ok;;2;"";3.3079;1668;1.3549;0.0095;0.0116;58039;3.0662;3.5495;0.0086;0.0103;0.3559
2017-2018;Brasil;02208;Pimentão;Hortaliças;Hortaliças frutosas;Alta;ok;;2;"";6.5355;3886;2.5694;0.0179;0.022;58039;6.2381;6.833;0.0167;0.0192;0.6749
2017-2018;Brasil;02209;Quiabo;Hortaliças;Hortaliças frutosas;Alta;ok;;2;"";1.985;1092;1.3814;0.0096;0.0118;58039;1.8049;2.1652;0.008;0.0113;0.3628
2017-2018;Brasil;02210;Tomate;Hortaliças;Hortaliças frutosas;Alta;ok;;2;"";21.0749;11641;19.0456;0.1329;0.1633;58039;20.4807;21.669;0.1271;0.1387;5.0024
2017-2018;Brasil;02211;Vagem;Hortaliças;Hortaliças frutosas;Alta;ok;;2;"";1.2343;495;0.7655;0.0053;0.0066;58039;1.0839;1.3847;0.0046;0.0061;0.2011
2017-2018;Brasil;02212;Outras;Hortaliças;Hortaliças frutosas;Alta;ok;;2;"";4.8837;2696;4.3052;0.03;0.0369;58039;4.6002;5.1671;0.0275;0.0325;1.1308
2017-2018;Brasil;02301;Alho;Hortaliças;Hortaliças tuberosas e outras;Alta;ok;;2;"";9.2836;5142;8.2116;0.0573;0.0704;58039;8.8943;9.673;0.0541;0.0605;2.1568
2017-2018;Brasil;02302;Batata-doce;Hortaliças;Hortaliças tuberosas e outras;Alta;ok;;2;"";5.17;2784;3.2867;0.0229;0.0282;58039;4.8251;5.5149;0.0214;0.0245;0.8633
2017-2018;Brasil;02303;Batata-inglesa;Hortaliças;Hortaliças tuberosas e outras;Alta;ok;;2;"";14.289;7429;10.5621;0.0737;0.0905;58039;13.778;14.8001;0.0701;0.0773;2.7742
2017-2018;Brasil;02304;Batata não especificada;Hortaliças;Hortaliças tuberosas e outras;Alta;ok;;2;"";2.8528;1092;2.0017;0.014;0.0172;58039;2.6091;3.0964;0.0125;0.0154;0.5258
2017-2018;Brasil;02305;Beterraba;Hortaliças;Hortaliças tuberosas e outras;Alta;ok;;2;"";2.9265;1510;1.2359;0.0086;0.0106;58039;2.6959;3.1571;0.0078;0.0094;0.3246
2017-2018;Brasil;02306;Cenoura;Hortaliças;Hortaliças tuberosas e outras;Alta;ok;;2;"";10.272;5209;4.4593;0.0311;0.0382;58039;9.8518;10.6923;0.0295;0.0327;1.1713
2017-2018;Brasil;02307;Inhame;Hortaliças;Hortaliças tuberosas e outras;Alta;ok;;2;"";1.3011;802;1.1816;0.0082;0.0101;58039;1.173;1.4293;0.0073;0.0092;0.3104
2017-2018;Brasil;02308;Mandioca;Hortaliças;Hortaliças tuberosas e outras;Alta;ok;;2;"";3.9241;2768;3.7373;0.0261;0.032;58039;3.6903;4.158;0.0241;0.028;0.9816
2017-2018;Brasil;02309;Outras;Hortaliças;Hortaliças tuberosas e outras;Alta;ok;;2;"";1.8365;896;1.471;0.0103;0.0126;58039;1.6551;2.018;0.0086;0.0119;0.3864
2017-2018;Brasil;03101;Abacate;Frutas;Frutas de clima tropical;Alta;ok;;3;"";1.973;1020;1.931;0.012;0.0148;58039;1.7964;2.1497;0.0107;0.0134;0.4523
2017-2018;Brasil;03102;Abacaxi;Frutas;Frutas de clima tropical;Alta;ok;;3;"";3.7904;2046;3.6013;0.0224;0.0275;58039;3.5539;4.0269;0.0208;0.024;0.8436
2017-2018;Brasil;03103;Banana-d'água;Frutas;Frutas de clima tropical;Alta;ok;;3;"";8.5685;3459;6.9599;0.0433;0.0532;58039;8.1392;8.9977;0.0406;0.046;1.6304
2017-2018;Brasil;03104;Banana-maçã;Frutas;Frutas de clima tropical;Alta;ok;;3;"";1.1389;693;1.3071;0.0081;0.01;58039;0.9986;1.2792;0.0071;0.0092;0.3062
2017-2018;Brasil;03105;Banana-prata;Frutas;Frutas de clima tropical;Alta;ok;;3;"";12.1629;6775;12.7006;0.079;0.0971;58039;11.7126;12.6132;0.0754;0.0827;2.9751
2017-2018;Brasil;03106;Outras bananas;Frutas;Frutas de clima tropical;Alta;ok;;3;"";4.4343;2864;4.3855;0.0273;0.0335;58039;4.1747;4.6939;0.0254;0.0292;1.0273
2017-2018;Brasil;03107;Laranja-baía;Frutas;Frutas de clima tropical;Baixa;ok;;3;1987, 1995;0.507;247;0.5671;0.0035;0.0043;58039;0.4217;0.5923;0.0028;0.0043;0.1328
2017-2018;Brasil;03108;Laranja-lima;Frutas;Frutas de clima tropical;Alta;ok;;3;"";2.1096;1140;1.9112;0.0119;0.0146;58039;1.9268;2.2923;0.0105;0.0133;0.4477
2017-2018;Brasil;03109;Laranja-pêra;Frutas;Frutas de clima tropical;Alta;ok;;3;"";6.4649;3025;5.4027;0.0336;0.0413;58039;6.1255;6.8042;0.0313;0.036;1.2656
2017-2018;Brasil;03110;Laranja-seleta;Frutas;Frutas de clima tropical;Alta;ok;;3;"";0.2845;175;0.271;0.0017;0.0021;58039;0.2238;0.3452;0.0013;0.0021;0.0635
2017-2018;Brasil;03111;Limão comum;Frutas;Frutas de clima tropical;Alta;ok;;3;"";6.3004;2895;3.4552;0.0215;0.0264;58039;5.9527;6.6481;0.0201;0.023;0.8094
2017-2018;Brasil;03112;Mamão;Frutas;Frutas de clima tropical;Alta;ok;;3;"";6.8763;3352;6.312;0.0393;0.0483;58039;6.5235;7.229;0.0366;0.0419;1.4786
2017-2018;Brasil;03113;Manga;Frutas;Frutas de clima tropical;Alta;ok;;3;"";4.8261;2280;4.6404;0.0289;0.0355;58039;4.5136;5.1386;0.0257;0.032;1.087
2017-2018;Brasil;03114;Maracujá;Frutas;Frutas de clima tropical;Alta;ok;;3;"";2.5189;1515;2.3975;0.0149;0.0183;58039;2.3363;2.7014;0.0135;0.0163;0.5616
2017-2018;Brasil;03115;Melancia;Frutas;Frutas de clima tropical;Alta;ok;;3;"";3.5439;2061;4.6829;0.0291;0.0358;58039;3.3144;3.7734;0.0265;0.0317;1.097
2017-2018;Brasil;03116;Melão;Frutas;Frutas de clima tropical;Alta;ok;;3;"";2.7767;1491;3.0408;0.0189;0.0232;58039;2.5789;2.9744;0.017;0.0208;0.7123
2017-2018;Brasil;03117;Tangerina;Frutas;Frutas de clima tropical;Alta;ok;;3;"";3.7119;1714;3.0555;0.019;0.0234;58039;3.4286;3.9953;0.0173;0.0208;0.7158
2017-2018;Brasil;03118;Outras;Frutas;Frutas de clima tropical;Alta;ok;;3;"";15.5618;8449;16.5391;0.1029;0.1264;58039;15.07;16.0537;0.0981;0.1078;3.8743
2017-2018;Brasil;03201;Caqui;Frutas;Frutas de clima temperado;Baixa;ausente;;3;2002, 2008, 2017;;;;;;58039;;;;;
2017-2018;Brasil;03202;Maçã;Frutas;Frutas de clima temperado;Média;ok;;3;2002;0.0802;40;0.0802;5e-04;6e-04;58039;0.0482;0.1122;3e-04;7e-04;0.0188
2017-2018;Brasil;03203;Pêra;Frutas;Frutas de clima temperado;Alta;ok;;3;"";2.5166;1061;2.8429;0.0177;0.0217;58039;2.3035;2.7297;0.0158;0.0196;0.666
2017-2018;Brasil;03204;Uva;Frutas;Frutas de clima temperado;Alta;ok;;3;"";4.5256;2412;6.1752;0.0384;0.0472;58039;4.2436;4.8076;0.0344;0.0425;1.4466
2017-2018;Brasil;03205;Outras;Frutas;Frutas de clima temperado;Alta;ok;;3;"";5.8729;2862;7.7409;0.0482;0.0592;58039;5.5279;6.2179;0.0444;0.052;1.8133
2017-2018;Brasil;04101;Coco-açaí em pasta;Cocos, castanhas e nozes;Cocos;Alta;ok;;4;"";1.345;1135;51.7283;0.0402;0.0494;58039;1.1974;1.4927;0.0328;0.0476;1.5129
2017-2018;Brasil;04103;Coco-da-baía;Cocos, castanhas e nozes;Cocos;Alta;ok;;4;"";2.3362;1270;19.7496;0.0153;0.0189;58039;2.1564;2.5159;0.0136;0.0171;0.5776
2017-2018;Brasil;04104;Outros;Cocos, castanhas e nozes;Cocos;Alta;ok;;4;"";1.1265;595;28.522;0.0222;0.0272;58039;0.9784;1.2747;0.018;0.0263;0.8342
2017-2018;Brasil;05101;Farinha de mandioca;Farinhas, féculas e massas;Farinhas;Alta;ok;;5;"";9.741;7029;23.7517;0.0977;0.12;58039;9.3936;10.0884;0.0921;0.1032;3.6762
2017-2018;Brasil;05102;Farinha de rosca;Farinhas, féculas e massas;Farinhas;Alta;ok;;5;"";0.5795;236;0.7073;0.0029;0.0036;58039;0.4754;0.6837;0.0023;0.0035;0.1095
2017-2018;Brasil;05103;Farinha de trigo;Farinhas, féculas e massas;Farinhas;Alta;ok;;5;"";5.7132;3278;8.3713;0.0344;0.0423;58039;5.414;6.0123;0.0323;0.0366;1.2957
2017-2018;Brasil;05104;Farinha vitaminada;Farinhas, féculas e massas;Farinhas;Alta;ok;;5;"";1.2243;828;2.59;0.0106;0.0131;58039;1.1117;1.3368;0.0094;0.0119;0.4009
2017-2018;Brasil;05105;Outras;Farinhas, féculas e massas;Farinhas;Alta;ok;;5;"";0.9349;576;1.5878;0.0065;0.008;58039;0.8148;1.055;0.0055;0.0076;0.2457
2017-2018;Brasil;05201;Amido de milho;Farinhas, féculas e massas;Féculas;Alta;ok;;5;"";1.0317;583;1.3507;0.0056;0.0068;58039;0.9132;1.1501;0.0048;0.0063;0.2091
2017-2018;Brasil;05202;Fubá de milho;Farinhas, féculas e massas;Féculas;Alta;ok;;5;"";4.7545;3242;6.4501;0.0265;0.0326;58039;4.4978;5.0112;0.0244;0.0287;0.9983
2017-2018;Brasil;05203;Fécula de mandioca;Farinhas, féculas e massas;Féculas;Baixa;ausente;;5;2008, 2017;;;;;;58039;;;;;
2017-2018;Brasil;05204;Flocos de milho;Farinhas, féculas e massas;Féculas;Alta;ok;;5;"";2.6328;1820;4.2939;0.0177;0.0217;58039;2.4511;2.8145;0.0159;0.0194;0.6646
2017-2018;Brasil;05206;Flocos de cereal;Farinhas, féculas e massas;Féculas;Alta;ok;;5;"";1.913;972;4.1621;0.0171;0.021;58039;1.7399;2.0861;0.0147;0.0195;0.6442
2017-2018;Brasil;05301;Macarrão com ovos;Farinhas, féculas e massas;Massas;Alta;ok;;5;"";17.5542;10337;28.7603;0.1183;0.1453;58039;17.0811;18.0274;0.1128;0.1237;4.4515
2017-2018;Brasil;05302;Massa de pastel;Farinhas, féculas e massas;Massas;Alta;ok;;5;"";1.1673;606;2.3179;0.0095;0.0117;58039;1.0406;1.294;0.008;0.011;0.3588
2017-2018;Brasil;05303;Massa de pizza;Farinhas, féculas e massas;Massas;Alta;ok;;5;"";4.2753;1885;15.657;0.0644;0.0791;58039;3.9634;4.5872;0.0589;0.0699;2.4234
2017-2018;Brasil;06101;Pão de forma industrializado;Panificados;Pães;Alta;ok;;6;"";6.3462;2426;4.117;0.0511;0.0628;58039;5.9764;6.7161;0.0477;0.0545;1.9239
2017-2018;Brasil;06102;Pão doce;Panificados;Pães;Alta;ok;;6;"";7.5797;3577;4.6075;0.0572;0.0703;58039;7.1831;7.9763;0.0528;0.0616;2.153
2017-2018;Brasil;06103;Pão francês;Panificados;Pães;Alta;ok;;6;"";51.9591;28873;42.0403;0.5219;0.6411;58039;51.201;52.7171;0.504;0.5398;19.645
2017-2018;Brasil;06104;Pão caseiro;Panificados;Pães;Alta;ok;;6;"";15.0149;7836;11.3845;0.1413;0.1736;58039;14.5155;15.5142;0.1344;0.1483;5.3199
2017-2018;Brasil;06201;Bolo de trigo;Panificados;Bolos;Alta;ok;;6;"";8.4516;4560;9.2445;0.1148;0.141;58039;8.1006;8.8026;0.1063;0.1233;4.3199
2017-2018;Brasil;06301;Biscoito doce;Panificados;Biscoitos, roscas, etc.;Alta;ok;;6;"";19.8767;10760;13.8427;0.1718;0.2111;58039;19.3669;20.3865;0.1608;0.1829;6.4685
2017-2018;Brasil;06302;Biscoito salgado;Panificados;Biscoitos, roscas, etc.;Alta;ok;;6;"";20.1732;11600;12.335;0.1531;0.1881;58039;19.6496;20.6968;0.1465;0.1598;5.764
2017-2018;Brasil;06303;Biscoito não especificado;Panificados;Biscoitos, roscas, etc.;Alta;ok;;6;"";4.0749;2250;2.4284;0.0301;0.037;58039;3.8309;4.3189;0.0277;0.0326;1.1348
2017-2018;Brasil;07101;Alcatra;Carnes;Carnes bovinas de primeira;Alta;ok;;7;"";2.1594;983;4.1929;0.0882;0.1083;58039;1.9553;2.3635;0.0746;0.1017;3.3189
2017-2018;Brasil;07102;Carne moída;Carnes;Carnes bovinas de primeira;Alta;ok;;7;"";5.3087;3300;9.2957;0.1955;0.2401;58039;5.0157;5.6017;0.1817;0.2092;7.3581
2017-2018;Brasil;07103;Carne não especificada;Carnes;Carnes bovinas de primeira;Alta;ok;;7;"";5.9192;2765;11.2396;0.2364;0.2904;58039;5.5499;6.2884;0.206;0.2667;8.8967
2017-2018;Brasil;07104;Chã-de-dentro;Carnes;Carnes bovinas de primeira;Alta;ok;;7;"";2.5488;1170;3.7593;0.0791;0.0971;58039;2.3308;2.7669;0.0713;0.0868;2.9757
2017-2018;Brasil;07105;Contrafilé;Carnes;Carnes bovinas de primeira;Alta;ok;;7;"";0.0186;1;0.0346;7e-04;9e-04;58039;0;0.0551;0;0.0022;0.0274
2017-2018;Brasil;07106;Filé e filé mignon;Carnes;Carnes bovinas de primeira;Alta;ok;;7;"";0.4426;181;1.2962;0.0273;0.0335;58039;0.3477;0.5376;0.0203;0.0343;1.026
2017-2018;Brasil;07107;Lagarto comum;Carnes;Carnes bovinas de primeira;Alta;ok;;7;"";1.0746;485;1.4026;0.0295;0.0362;58039;0.9223;1.2269;0.0249;0.0341;1.1102
2017-2018;Brasil;07108;Lagarto redondo;Carnes;Carnes bovinas de primeira;Média;sem_registro;;7;2002;0;0;0;0;0;58039;0;0;0;0;0
2017-2018;Brasil;07109;Patinho;Carnes;Carnes bovinas de primeira;Alta;sem_registro;;7;"";0;0;0;0;0;58039;0;0;0;0;0
2017-2018;Brasil;07201;Acém;Carnes;Carnes bovinas de segunda;Alta;ok;;7;"";2.8227;1227;3.0359;0.0638;0.0784;58039;2.5965;3.0489;0.0575;0.0701;2.4031
2017-2018;Brasil;07203;Carne moída;Carnes;Carnes bovinas de segunda;Média;ok;;7;2002;5.9318;3765;7.481;0.1573;0.1933;58039;5.62;6.2436;0.1463;0.1683;5.9216
2017-2018;Brasil;07204;Costela;Carnes;Carnes bovinas de segunda;Alta;ok;;7;"";3.2954;2011;4.2874;0.0902;0.1108;58039;3.084;3.5068;0.0823;0.0981;3.3937
2017-2018;Brasil;07205;Músculo;Carnes;Carnes bovinas de segunda;Alta;ok;;7;"";2.1157;1039;2.6692;0.0561;0.069;58039;1.935;2.2963;0.0505;0.0618;2.1128
2017-2018;Brasil;07206;Pá;Carnes;Carnes bovinas de segunda;Alta;ok;;7;"";1.2976;656;1.6392;0.0345;0.0423;58039;1.1627;1.4326;0.0301;0.0388;1.2975
2017-2018;Brasil;07207;Peito;Carnes;Carnes bovinas de segunda;Alta;ok;;7;"";0.6975;368;0.8137;0.0171;0.021;58039;0.5934;0.8015;0.0141;0.0201;0.6441
2017-2018;Brasil;07208;Outros  Capa de filé;Carnes;Carnes bovinas de segunda;Alta;ok;;7;"";20.7958;12176;26.5691;0.5587;0.6864;58039;20.2752;21.3163;0.5347;0.5828;21.0309
2017-2018;Brasil;07401;Carré;Carnes;Carnes suínas com osso e sem osso;Alta;ok;;7;"";2.1864;1054;1.6298;0.0343;0.0421;58039;1.998;2.3748;0.0306;0.0379;1.2901
2017-2018;Brasil;07402;Costela;Carnes;Carnes suínas com osso e sem osso;Alta;ok;;7;"";1.6877;759;1.8491;0.0389;0.0478;58039;1.51;1.8653;0.0345;0.0432;1.4636
2017-2018;Brasil;07403;Lombo;Carnes;Carnes suínas com osso e sem osso;Alta;ok;;7;"";0.9018;353;0.8105;0.017;0.0209;58039;0.7852;1.0183;0.0146;0.0195;0.6416
2017-2018;Brasil;07404;Pernil;Carnes;Carnes suínas com osso e sem osso;Alta;ok;;7;"";0.0878;26;0.0562;0.0012;0.0015;58039;0.0348;0.1408;6e-04;0.0018;0.0445
2017-2018;Brasil;07405;Porco eviscerado;Carnes;Carnes suínas com osso e sem osso;Alta;ok;;7;"";0.3491;290;0.6896;0.0145;0.0178;58039;0.2902;0.408;0.0116;0.0174;0.5458
2017-2018;Brasil;07501;Mortadela;Carnes;Carnes suínas outras;Alta;ok;;7;"";7.3028;3695;2.125;0.0447;0.0549;58039;6.9506;7.6549;0.042;0.0474;1.6821
2017-2018;Brasil;07502;Presunto;Carnes;Carnes suínas outras;Alta;ok;;7;"";8.2781;3716;2.9111;0.0612;0.0752;58039;7.8903;8.6659;0.0572;0.0652;2.3043
2017-2018;Brasil;07503;Salsicha;Carnes;Carnes suínas outras;Alta;ok;;7;"";5.4486;2981;2.0901;0.044;0.054;58039;5.1566;5.7406;0.041;0.0469;1.6544
2017-2018;Brasil;07504;Toucinho fresco;Carnes;Carnes suínas outras;Alta;ok;;7;"";2.6513;1199;1.2315;0.0259;0.0318;58039;2.4468;2.8558;0.0236;0.0282;0.9748
2017-2018;Brasil;07506;Outras;Carnes;Carnes suínas outras;Alta;ok;;7;"";4.2315;2384;4.615;0.0971;0.1192;58039;3.9643;4.4987;0.0892;0.1049;3.653
2017-2018;Brasil;07601;Linguiça;Carnes;Carnes de outros animais;Alta;ok;;7;"";1.5667;739;0.9737;0.0205;0.0252;58039;1.4157;1.7177;0.0181;0.0228;0.7707
2017-2018;Brasil;07602;Outras;Carnes;Carnes de outros animais;Alta;ok;;7;"";2.9982;1893;3.3019;0.0694;0.0853;58039;2.7983;3.198;0.0626;0.0763;2.6136
2017-2018;Brasil;08101;Bovina Fígado;Vísceras;Vísceras;Alta;ok;;8;"";1.8909;1098;40.8867;0.0212;0.0261;58039;1.7317;2.0501;0.0192;0.0232;0.7998
2017-2018;Brasil;08102;Bovina Outras;Vísceras;Vísceras;Alta;ok;;8;"";1.1147;711;30.0246;0.0156;0.0192;58039;0.9974;1.232;0.0136;0.0176;0.5873
2017-2018;Brasil;08103;Vísceras suínas;Vísceras;Vísceras;Alta;ok;;8;"";0.3287;183;8.1343;0.0042;0.0052;58039;0.2675;0.39;0.0033;0.0052;0.1591
2017-2018;Brasil;08104;Outras vísceras;Vísceras;Vísceras;Alta;ok;;8;"";0.8061;399;20.9544;0.0109;0.0134;58039;0.6961;0.916;0.0088;0.0129;0.4099
2017-2018;Brasil;09101;Bacalhau;Pescados;Peixes de água salgada (marinhos);Alta;ok;;9;"";0.3623;155;4.9656;0.0129;0.0158;58039;0.2676;0.4571;0.0091;0.0167;0.4856
2017-2018;Brasil;09102;Sardinha fresca;Pescados;Peixes de água salgada (marinhos);Alta;ok;;9;"";0.0577;46;0.3342;9e-04;0.0011;58039;0.0361;0.0792;4e-04;0.0013;0.0327
2017-2018;Brasil;09103;Sardinha em conserva;Pescados;Peixes de água salgada (marinhos);Alta;ok;;9;"";2.3247;1538;7.5718;0.0197;0.0242;58039;2.162;2.4873;0.0179;0.0214;0.7405
2017-2018;Brasil;09104;Atum e bonito;Pescados;Peixes de água salgada (marinhos);Alta;ok;;9;"";0.9192;333;4.3468;0.0113;0.0139;58039;0.7583;1.08;0.0092;0.0134;0.4251
2017-2018;Brasil;09105;Pescada;Pescados;Peixes de água salgada (marinhos);Alta;ok;;9;"";0.423;268;3.9222;0.0102;0.0125;58039;0.3475;0.4986;0.0082;0.0122;0.3836
2017-2018;Brasil;09106;Corvina;Pescados;Peixes de água salgada (marinhos);Alta;ok;;9;"";0.3672;173;3.6004;0.0094;0.0115;58039;0.2331;0.5014;0.0049;0.0138;0.3521
2017-2018;Brasil;09107;Cação e tubarão;Pescados;Peixes de água salgada (marinhos);Alta;ok;;9;"";0.0882;24;1.0241;0.0027;0.0033;58039;0.0422;0.1342;0.001;0.0043;0.1001
2017-2018;Brasil;09108;Outros peixes marinhos - fresco/inteiro;Pescados;Peixes de água salgada (marinhos);Baixa;ok;;9;"";1.9538;1305;17.4471;0.0453;0.0557;58039;1.7755;2.1321;0.0397;0.051;1.7063
2017-2018;Brasil;09109;Outros peixes marinhos - em filé;Pescados;Peixes de água salgada (marinhos);Média;ok;;9;"";0.8331;328;8.5826;0.0223;0.0274;58039;0.7025;0.9637;0.0185;0.0261;0.8393
2017-2018;Brasil;09110;Outros peixes marinhos - em postas;Pescados;Peixes de água salgada (marinhos);Baixa;ok;;9;"";0.3146;201;2.9038;0.0075;0.0093;58039;0.2565;0.3727;0.006;0.0091;0.284
2017-2018;Brasil;09111;Outros peixes marinhos - salgado/seco;Pescados;Peixes de água salgada (marinhos);Média;compartilhado;09108, 09105;9;1995;;;;;;58039;;;;;
2017-2018;Brasil;09112;Outros peixes marinhos - em conserva;Pescados;Peixes de água salgada (marinhos);Média;ok;;9;"";0.032;31;0.2385;6e-04;8e-04;58039;0.0179;0.0461;1e-04;0.0012;0.0233
2017-2018;Brasil;09201;Tilápia;Pescados;Peixes de água doce;Alta;ok;;9;"";0.7465;446;8.0385;0.0209;0.0257;58039;0.6518;0.8413;0.0178;0.024;0.7861
2017-2018;Brasil;09202;Outros peixes de água doce (nominados);Pescados;Peixes de água doce;Média;ok;;9;"";0.7356;754;7.7591;0.0202;0.0248;58039;0.6572;0.8139;0.0177;0.0227;0.7588
2017-2018;Brasil;09203;Peixes de água doce - fresco/inteiro;Pescados;Peixes de água doce;Média;ok;;9;"";2.0915;1914;22.5186;0.0585;0.0719;58039;1.9216;2.2615;0.0526;0.0644;2.2022
2017-2018;Brasil;09204;Peixes de água doce - filé/postas;Pescados;Peixes de água doce;Média;ok;;9;"";0.1085;73;1.0225;0.0027;0.0033;58039;0.0716;0.1454;0.0017;0.0036;0.1
2017-2018;Brasil;09205;Peixes de água doce - salgado/conserva;Pescados;Peixes de água doce;Média;compartilhado;09203;9;1995;;;;;;58039;;;;;
2017-2018;Brasil;09401;Camarão;Pescados;Crustáceos;Alta;ok;;9;"";0.4628;327;5.225;0.0136;0.0167;58039;0.3849;0.5408;0.0108;0.0164;0.511
2017-2018;Brasil;09402;Camarão processado;Pescados;Crustáceos;Média;ok;;9;1987, 1995;0.0108;4;0.0418;1e-04;1e-04;58039;0;0.0228;0;2e-04;0.0041
2017-2018;Brasil;09403;Lagosta;Pescados;Crustáceos;Alta;ok;;9;"";0.0042;4;0.0401;1e-04;1e-04;58039;0;0.0084;0;2e-04;0.0039
2017-2018;Brasil;09404;Caranguejo e siri;Pescados;Crustáceos;Alta;ok;;9;"";0.0149;11;0.1478;4e-04;5e-04;58039;0.0048;0.025;1e-04;7e-04;0.0145
2017-2018;Brasil;09501;Ostras, mariscos e mexilhões;Pescados;Moluscos;Alta;ok;;9;"";0.0285;20;0.2112;5e-04;7e-04;58039;0.0151;0.0419;3e-04;8e-04;0.0207
2017-2018;Brasil;09502;Lula e polvo;Pescados;Moluscos;Alta;ok;;9;"";0.0042;2;0.0491;1e-04;2e-04;58039;0;0.0106;0;3e-04;0.0048
2017-2018;Brasil;09601;Rã;Pescados;Outros pescados e preparações;Alta;ok;;9;"";0.0017;1;0.0091;0;0;58039;0;0.0049;0;1e-04;9e-04
2017-2018;Brasil;10101;Asa de frango;Aves e ovos;Aves;Alta;ok;;10;"";2.4831;1170;4.4981;0.0398;0.0489;58039;2.2659;2.7003;0.0355;0.0442;1.4995
2017-2018;Brasil;10102;Carne de frango não especificada;Aves e ovos;Aves;Alta;ok;;10;"";3.0608;1555;5.5633;0.0493;0.0605;58039;2.7515;3.3702;0.0393;0.0593;1.8546
2017-2018;Brasil;10103;Coxa de frango;Aves e ovos;Aves;Alta;ok;;10;"";5.8859;2773;9.9529;0.0881;0.1083;58039;5.5626;6.2092;0.0825;0.0938;3.318
2017-2018;Brasil;10104;Frango abatido (inteiro);Aves e ovos;Aves;Alta;ok;;10;"";12.5787;9700;34.697;0.3073;0.3775;58039;12.1849;12.9725;0.293;0.3216;11.5667
2017-2018;Brasil;10105;Frango vivo;Aves e ovos;Aves;Alta;ok;;10;"";0.1871;187;0.8274;0.0073;0.009;58039;0.1496;0.2245;0.0057;0.009;0.2758
2017-2018;Brasil;10106;Peito de frango;Aves e ovos;Aves;Alta;ok;;10;"";9.3824;4283;18.1851;0.1611;0.1978;58039;8.9566;9.8082;0.1519;0.1702;6.0623
2017-2018;Brasil;10107;Outras;Aves e ovos;Aves;Alta;ok;;10;"";3.1372;1430;4.2996;0.0381;0.0468;58039;2.8799;3.3946;0.0341;0.0421;1.4333
2017-2018;Brasil;10201;Ovo de galinha;Aves e ovos;Ovos;Alta;ok;;10;"";19.4275;12029;21.6792;0.192;0.2359;58039;18.8807;19.9743;0.184;0.2;7.2271
2017-2018;Brasil;10202;Outros;Aves e ovos;Ovos;Alta;ok;;10;"";0.3793;233;0.2973;0.0026;0.0032;58039;0.3189;0.4398;0.0021;0.0031;0.0991
2017-2018;Brasil;11101;Creme de leite;Laticínios;Leite e creme de leite;Alta;ok;;11;"";5.9696;3079;2.9052;0.0357;0.0439;58039;5.6713;6.2678;0.033;0.0384;1.344
2017-2018;Brasil;11102;Leite condensado;Laticínios;Leite e creme de leite;Alta;ok;;11;"";5.9072;3017;3.5443;0.0436;0.0535;58039;5.6044;6.2101;0.0407;0.0464;1.6397
2017-2018;Brasil;11103;Leite de vaca fresco;Laticínios;Leite e creme de leite;Alta;ok;;11;"";25.8459;13545;26.8459;0.33;0.4053;58039;25.2059;26.486;0.3145;0.3454;12.4198
2017-2018;Brasil;11104;Leite de vaca pasteurizado;Laticínios;Leite e creme de leite;Alta;ok;;11;"";4.4803;1890;3.9338;0.0483;0.0594;58039;4.1654;4.7952;0.0437;0.053;1.8199
2017-2018;Brasil;11105;Leite em pó integral;Laticínios;Leite e creme de leite;Alta;ok;;11;"";8.8569;6531;12.1396;0.1492;0.1833;58039;8.5302;9.1837;0.14;0.1584;5.6162
2017-2018;Brasil;11106;Outros;Laticínios;Leite e creme de leite;Alta;ok;;11;"";7.7332;4101;6.022;0.074;0.0909;58039;7.3798;8.0867;0.0694;0.0786;2.786
2017-2018;Brasil;11201;Queijo minas;Laticínios;Queijos e requeijão;Alta;ok;;11;"";4.75;2385;6.6947;0.0823;0.1011;58039;4.4055;5.0946;0.0757;0.0889;3.0972
2017-2018;Brasil;11202;Queijo mozarela;Laticínios;Queijos e requeijão;Alta;ok;;11;"";11.3173;5027;9.944;0.1222;0.1501;58039;10.8589;11.7757;0.1158;0.1287;4.6004
2017-2018;Brasil;11203;Queijo prato;Laticínios;Queijos e requeijão;Alta;ok;;11;"";3.5954;1596;3.4732;0.0427;0.0524;58039;3.321;3.8697;0.0384;0.047;1.6068
2017-2018;Brasil;11204;Outros queijos;Laticínios;Queijos e requeijão;Alta;ok;;11;"";4.762;2006;4.9042;0.0603;0.074;58039;4.4597;5.0643;0.0552;0.0654;2.2689
2017-2018;Brasil;11205;Requeijão;Laticínios;Queijos e requeijão;Alta;ok;;11;"";4.8204;2046;3.49;0.0429;0.0527;58039;4.5147;5.1261;0.0396;0.0462;1.6146
2017-2018;Brasil;11301;Iogurte;Laticínios;Outros laticínios;Alta;ok;;11;"";10.5427;5282;7.824;0.0962;0.1181;58039;10.1334;10.952;0.0912;0.1011;3.6196
2017-2018;Brasil;11302;Leite fermentado;Laticínios;Outros laticínios;Alta;ok;;11;"";4.6813;2155;3.22;0.0396;0.0486;58039;4.3888;4.9737;0.0361;0.043;1.4897
2017-2018;Brasil;11303;Manteiga;Laticínios;Outros laticínios;Alta;ok;;11;"";4.7958;2665;4.4903;0.0552;0.0678;58039;4.4709;5.1207;0.0496;0.0608;2.0774
2017-2018;Brasil;11304;Outros;Laticínios;Outros laticínios;Alta;ok;;11;"";0.9708;508;0.5689;0.007;0.0086;58039;0.8235;1.1182;0.0059;0.0081;0.2632
2017-2018;Brasil;12101;Açúcar cristal;Açúcares e produtos de confeitaria;Açúcares, doces e produtos de confeitaria;Alta;ok;;12;"";10.7886;7675;15.8898;0.0873;0.1072;58039;10.4243;11.1529;0.0825;0.092;3.2843
2017-2018;Brasil;12102;Açúcar refinado;Açúcares e produtos de confeitaria;Açúcares, doces e produtos de confeitaria;Alta;ok;;12;"";8.1863;4226;11.3954;0.0626;0.0769;58039;7.7603;8.6124;0.0584;0.0667;2.3554
2017-2018;Brasil;12103;Outros;Açúcares e produtos de confeitaria;Açúcares, doces e produtos de confeitaria;Alta;ok;;12;"";1.6537;895;2.6862;0.0148;0.0181;58039;1.496;1.8114;0.013;0.0165;0.5552
2017-2018;Brasil;12201;Doce a base de leite;Açúcares e produtos de confeitaria;Doces e derivados;Alta;ok;;12;"";2.1753;1075;3.7602;0.0206;0.0254;58039;1.991;2.3597;0.0184;0.0229;0.7772
2017-2018;Brasil;12202;Doce de fruta;Açúcares e produtos de confeitaria;Doces e derivados;Alta;ok;;12;"";2.7074;1539;4.0302;0.0221;0.0272;58039;2.51;2.9047;0.0198;0.0244;0.833
2017-2018;Brasil;12203;Sorvete;Açúcares e produtos de confeitaria;Doces e derivados;Alta;ok;;12;"";3.3734;1569;11.133;0.0611;0.0751;58039;3.0944;3.6524;0.0556;0.0666;2.3011
2017-2018;Brasil;12204;Outros;Açúcares e produtos de confeitaria;Doces e derivados;Alta;ok;;12;"";16.5216;8206;39.58;0.2173;0.267;58039;15.9498;17.0935;0.2015;0.2332;8.181
2017-2018;Brasil;12301;Chocolate em pó;Açúcares e produtos de confeitaria;Outros açucares e produtos de confeitaria;Alta;ok;;12;"";0.0259;16;0.0563;3e-04;4e-04;58039;0.0107;0.041;1e-04;5e-04;0.0116
2017-2018;Brasil;12302;Outros;Açúcares e produtos de confeitaria;Outros açucares e produtos de confeitaria;Alta;ok;;12;"";5.8058;3005;11.469;0.063;0.0774;58039;5.4019;6.2098;0.0579;0.0681;2.3706
2017-2018;Brasil;13101;Sal grosso;Sais e condimentos;Sais;Alta;ok;;13;"";0.7912;487;0.8459;0.0018;0.0022;58039;0.6881;0.8943;0.0015;0.0021;0.0679
2017-2018;Brasil;13102;Sal refinado;Sais e condimentos;Sais;Alta;ok;;13;"";6.2978;3907;6.1723;0.0132;0.0162;58039;6.0034;6.5921;0.0123;0.014;0.4957
2017-2018;Brasil;13103;Outros;Sais e condimentos;Sais;Alta;ok;;13;"";0.6035;278;1.489;0.0032;0.0039;58039;0.5;0.7069;0.0023;0.0041;0.1196
2017-2018;Brasil;13201;Caldo de carne em tablete;Sais e condimentos;Condimentos;Alta;ok;;13;"";1.0275;514;1.6699;0.0036;0.0044;58039;0.9061;1.1489;0.0029;0.0042;0.1341
2017-2018;Brasil;13202;Caldo de galinha em tablete;Sais e condimentos;Condimentos;Alta;ok;;13;"";1.6932;937;2.5586;0.0055;0.0067;58039;1.5409;1.8455;0.0049;0.0061;0.2055
2017-2018;Brasil;13203;Fermento;Sais e condimentos;Condimentos;Alta;ok;;13;"";2.2956;1186;4.7457;0.0101;0.0124;58039;2.0789;2.5123;0.009;0.0112;0.3811
2017-2018;Brasil;13204;Maionese;Sais e condimentos;Condimentos;Alta;ok;;13;"";4.3897;2116;12.7105;0.0271;0.0333;58039;4.134;4.6455;0.0252;0.0291;1.0208
2017-2018;Brasil;13205;Massa de tomate;Sais e condimentos;Condimentos;Alta;ok;;13;"";4.0812;2391;9.4426;0.0201;0.0247;58039;3.8526;4.3098;0.0187;0.0216;0.7583
2017-2018;Brasil;13206;Molho de tomate;Sais e condimentos;Condimentos;Alta;ok;;13;"";7.81;3337;18.3201;0.0391;0.048;58039;7.4385;8.1815;0.0362;0.042;1.4713
2017-2018;Brasil;13207;Tempero misto;Sais e condimentos;Condimentos;Alta;ok;;13;"";5.0152;3240;11.8974;0.0254;0.0312;58039;4.7646;5.2658;0.0234;0.0274;0.9555
2017-2018;Brasil;13208;Vinagre de álcool;Sais e condimentos;Condimentos;Alta;ok;;13;"";1.9851;1210;2.6709;0.0057;0.007;58039;1.8269;2.1434;0.0051;0.0063;0.2145
2017-2018;Brasil;13209;Vinagre de vinho;Sais e condimentos;Condimentos;Alta;ok;;13;"";0.4218;195;0.872;0.0019;0.0023;58039;0.3339;0.5096;0.0014;0.0023;0.07
2017-2018;Brasil;13210;Outros;Sais e condimentos;Condimentos;Alta;ok;;13;"";9.1951;4732;26.6049;0.0568;0.0697;58039;8.8332;9.557;0.0535;0.06;2.1366
2017-2018;Brasil;14101;Azeite de oliva;Óleos e gorduras;Óleos;Alta;ok;;14;"";2.8585;1142;19.597;0.0523;0.0643;58039;2.6058;3.1113;0.0472;0.0574;1.97
2017-2018;Brasil;14102;Óleo de milho;Óleos e gorduras;Óleos;Alta;ok;;14;"";0.6518;333;2.4292;0.0065;0.008;58039;0.5445;0.7591;0.0053;0.0077;0.2442
2017-2018;Brasil;14103;Óleo de soja;Óleos e gorduras;Óleos;Alta;ok;;14;"";14.5118;8761;43.7415;0.1168;0.1435;58039;14.0689;14.9547;0.1106;0.123;4.3971
2017-2018;Brasil;14104;Óleo não especificado;Óleos e gorduras;Óleos;Alta;ok;;14;"";1.2442;666;6.0485;0.0162;0.0198;58039;1.1121;1.3762;0.0129;0.0194;0.608
2017-2018;Brasil;14201;Margarina vegetal;Óleos e gorduras;Gorduras;Alta;ok;;14;"";12.2308;6957;26.4126;0.0705;0.0867;58039;11.8174;12.6442;0.067;0.074;2.6551
2017-2018;Brasil;14202;Outras;Óleos e gorduras;Gorduras;Alta;ok;;14;"";0.3575;228;1.7712;0.0047;0.0058;58039;0.2969;0.418;0.0039;0.0056;0.1781
2017-2018;Brasil;15101;Outras aguardentes;Bebidas e infusões;Bebidas alcoólicas;Alta;ok;;15;"";1.5495;908;1.6724;0.027;0.0332;58039;1.3976;1.7014;0.0232;0.0309;1.0174
2017-2018;Brasil;15102;Cerveja;Bebidas e infusões;Bebidas alcoólicas;Alta;ok;;15;"";12.0793;6111;30.4492;0.4921;0.6045;58039;11.5973;12.5613;0.466;0.5183;18.5239
2017-2018;Brasil;15103;Vinho;Bebidas e infusões;Bebidas alcoólicas;Média;ok;;15;1995;1.9471;897;4.2915;0.0694;0.0852;58039;1.726;2.1682;0.0508;0.0879;2.6107
2017-2018;Brasil;15104;Outras;Bebidas e infusões;Bebidas alcoólicas;Alta;ok;;15;"";0.9743;463;2.5242;0.0408;0.0501;58039;0.839;1.1095;0.0258;0.0558;1.5356
2017-2018;Brasil;15201;Água mineral;Bebidas e infusões;Bebidas não alcoólicas;Alta;ok;;15;"";10.1397;6262;6.3868;0.1032;0.1268;58039;9.7154;10.5639;0.0973;0.1091;3.8854
2017-2018;Brasil;15202;Refrigerante de cola;Bebidas e infusões;Bebidas não alcoólicas;Alta;ok;;15;"";12.0836;6272;8.7025;0.1407;0.1728;58039;11.6471;12.5202;0.1334;0.148;5.2942
2017-2018;Brasil;15203;Refrigerante de guaraná;Bebidas e infusões;Bebidas não alcoólicas;Alta;ok;;15;"";6.8716;3675;3.6279;0.0586;0.072;58039;6.5239;7.2194;0.0543;0.0629;2.207
2017-2018;Brasil;15204;Refrigerante de laranja;Bebidas e infusões;Bebidas não alcoólicas;Alta;ok;;15;"";2.499;1349;1.0193;0.0165;0.0202;58039;2.3033;2.6947;0.015;0.018;0.6201
2017-2018;Brasil;15205;Refrigerante de limão;Bebidas e infusões;Bebidas não alcoólicas;Alta;ok;;15;"";1.349;565;0.6067;0.0098;0.012;58039;1.1936;1.5044;0.0083;0.0113;0.3691
2017-2018;Brasil;15206;Outros refrigerantes;Bebidas e infusões;Bebidas não alcoólicas;Alta;ok;;15;"";4.4332;2126;2.8408;0.0459;0.0564;58039;4.1214;4.7449;0.0413;0.0505;1.7282
2017-2018;Brasil;15207;Suco de fruta em pó;Bebidas e infusões;Bebidas não alcoólicas;Alta;ok;;15;"";8.7882;4627;3.1078;0.0502;0.0617;58039;8.3964;9.18;0.0469;0.0536;1.8906
2017-2018;Brasil;15208;Suco de fruta envasado;Bebidas e infusões;Bebidas não alcoólicas;Alta;ok;;15;"";13.1096;6684;8.5288;0.1378;0.1693;58039;12.5828;13.6363;0.1294;0.1463;5.1885
2017-2018;Brasil;15209;Outras;Bebidas e infusões;Bebidas não alcoólicas;Alta;ok;;15;"";2.1353;771;1.7547;0.0284;0.0348;58039;1.9119;2.3587;0.024;0.0327;1.0675
2017-2018;Brasil;15301;Café moído;Bebidas e infusões;Cafés;Alta;ok;;15;"";19.9639;11997;16.3019;0.2635;0.3237;58039;19.452;20.4757;0.2522;0.2747;9.9173
2017-2018;Brasil;15302;Café solúvel;Bebidas e infusões;Cafés;Alta;ok;;15;"";2.5463;1582;1.68;0.0272;0.0334;58039;2.373;2.7197;0.0243;0.03;1.022
2017-2018;Brasil;15303;Outros;Bebidas e infusões;Cafés;Alta;ok;;15;"";8.1013;4392;4.0014;0.0647;0.0794;58039;7.7059;8.4966;0.0579;0.0714;2.4343
2017-2018;Brasil;15401;Chá-mate;Bebidas e infusões;Chás;Alta;ok;;15;"";2.2199;1234;1.734;0.028;0.0344;58039;2.0279;2.4119;0.0253;0.0307;1.0549
2017-2018;Brasil;15402;Outros;Bebidas e infusões;Chás;Alta;ok;;15;"";1.576;675;0.7699;0.0124;0.0153;58039;1.4014;1.7507;0.0104;0.0145;0.4684
2017-2018;Brasil;16101;Frango assado ou defumado;Outros produtos;Outros produtos;Baixa;ausente;;16;2002, 2008, 2017;;;;;;58039;;;;;
2017-2018;Brasil;16102;Massa;Outros produtos;Outros produtos;Média;ausente;;16;2017;;;;;;58039;;;;;
2017-2018;Brasil;16103;Outros produtos;Outros produtos;Outros produtos;Alta;ok;;16;"";9.1775;5214;17.8948;1.0475;1.2868;58039;8.7569;9.598;0.9662;1.1289;39.43
2017-2018;Brasil;16104;Refeição;Outros produtos;Outros produtos;Alta;ok;;16;"";52.8055;29670;76.417;4.4734;5.4953;58039;52.0542;53.5567;4.3497;4.597;168.3801
2017-2018;Brasil;16105;Salgadinho;Outros produtos;Outros produtos;Alta;ok;;16;"";17.7946;9761;5.4828;0.321;0.3943;58039;17.204;18.3853;0.3019;0.34;12.0809
2017-2018;Brasil;16106;Mistura para bolo;Outros produtos;Outros produtos;Alta;ok;;16;"";1.7421;993;0.2055;0.012;0.0148;58039;1.5927;1.8915;0.0107;0.0133;0.4527
2017-2018;Brasil;17101;Aluguel;Serviços e taxas de habitação;Habitação e utilidades;Alta;ok;;17;"";98.4773;57196;63.858;18.5963;;58039;98.3276;98.6269;18.3039;18.8887;699.9779
2017-2018;Brasil;17102;Energia elétrica;Serviços e taxas de habitação;Habitação e utilidades;Alta;ok;;17;"";92.3933;52164;10.527;3.0656;3.7659;58039;91.9726;92.814;2.9963;3.1349;115.3917
2017-2018;Brasil;17103;Gás doméstico;Serviços e taxas de habitação;Habitação e utilidades;Alta;ok;;17;"";89.1534;52057;3.4807;1.0136;1.2452;58039;88.6644;89.6425;0.9867;1.0406;38.1541
2017-2018;Brasil;17104;Água e esgoto;Serviços e taxas de habitação;Habitação e utilidades;Alta;ok;;17;"";69.3156;36947;4.3149;1.2565;1.5436;58039;68.3801;70.251;1.2142;1.2989;47.2972
2017-2018;Brasil;17201;Telefone fixo;Serviços e taxas de habitação;Telefonia e comunicações;Alta;ok;;17;"";20.6487;8349;3.0823;0.8976;1.1027;58039;19.9051;21.3922;0.8612;0.934;33.7862
2017-2018;Brasil;17202;Telefone celular (plano/serviço);Serviços e taxas de habitação;Telefonia e comunicações;Média (ausência histórica esperada);ok;;17;1987;77.7356;43956;6.1434;1.7891;2.1978;58039;77.0269;78.4443;1.7526;1.8255;67.3412
2017-2018;Brasil;17301;Outros serviços e taxas de habitação;Serviços e taxas de habitação;Outros serviços de habitação;Alta;ok;;17;"";59.5831;33291;8.5937;2.5026;3.0743;58039;58.6654;60.5009;2.3351;2.6701;94.1998
2017-2018;Brasil;18101;Manutenção do lar;Habitação;Manutenção e limpeza;Alta;ok;;18;"";42.1482;24891;45.291;3.2724;4.0199;58039;41.3094;42.987;3.0664;3.4783;123.1741
2017-2018;Brasil;18102;Artigos de limpeza doméstica;Habitação;Manutenção e limpeza;Alta;ok;;18;"";29.1326;16258;8.1857;0.5914;0.7265;58039;28.5277;29.7375;0.5685;0.6144;22.2619
2017-2018;Brasil;18103;Consertos de artigos do lar;Habitação;Manutenção e limpeza;Alta;ok;;18;"";16.2793;9304;1.489;0.1076;0.1322;58039;15.7497;16.8089;0.0992;0.116;4.0496
2017-2018;Brasil;18201;Mobiliários e artigos do lar;Habitação;Mobiliário e eletrodomésticos;Alta;ok;;18;"";65.8477;37755;24.296;1.7554;2.1565;58039;65.1265;66.569;1.7002;1.8107;66.0757
2017-2018;Brasil;18202;Eletrodomésticos;Habitação;Mobiliário e eletrodomésticos;Alta;ok;;18;"";59.7923;33852;20.7384;1.4984;1.8407;58039;59.04;60.5446;1.454;1.5428;56.4005
2017-2018;Brasil;19101;Roupa de homem;Vestuário;Roupas;Alta;ok;;19;"";46.7762;27089;24.0357;1.027;1.2616;58039;46.0718;47.4805;0.9966;1.0573;38.6555
2017-2018;Brasil;19102;Roupa de mulher;Vestuário;Roupas;Alta;ok;;19;"";53.5769;30183;30.2699;1.2933;1.5888;58039;52.8693;54.2844;1.2584;1.3283;48.6817
2017-2018;Brasil;19103;Roupa de criança;Vestuário;Roupas;Alta;ok;;19;"";33.9224;19382;13.4332;0.574;0.7051;58039;33.2511;34.5936;0.5526;0.5953;21.604
2017-2018;Brasil;19104;Tecidos e armarinhos;Vestuário;Roupas;Alta;ok;;19;"";6.6983;4081;0.8003;0.0342;0.042;58039;6.3963;7.0003;0.0311;0.0373;1.2871
2017-2018;Brasil;19201;Calçados e apetrechos;Vestuário;Calçados e acessórios;Alta;ok;;19;"";61.6644;35979;28.0481;1.1984;1.4722;58039;60.9244;62.4045;1.1657;1.2311;45.1084
2017-2018;Brasil;19202;Joias e bijuterias;Vestuário;Calçados e acessórios;Alta;ok;;19;"";13.6964;8333;3.4126;0.1458;0.1791;58039;13.2415;14.1514;0.1323;0.1593;5.4884
2017-2018;Brasil;20101;Transporte urbano e coletivo;Transporte;Transporte coletivo;Alta;ok;;20;"";33.2248;17257;8.2891;1.5963;1.961;58039;32.4913;33.9583;1.5222;1.6704;60.086
2017-2018;Brasil;20201;Gasolina para veículo próprio;Transporte;Veículo próprio;Alta;ok;;20;"";36.1055;21637;19.5278;3.7606;4.6198;58039;35.3845;36.8266;3.6536;3.8677;141.5535
2017-2018;Brasil;20202;Álcool para veículo próprio;Transporte;Veículo próprio;Alta;ok;;20;"";4.5501;1796;2.4961;0.4807;0.5905;58039;4.2134;4.8868;0.4363;0.5251;18.0936
2017-2018;Brasil;20203;Manutenção de veículo próprio;Transporte;Veículo próprio;Alta;ok;;20;"";42.968;25475;11.5251;2.2195;2.7265;58039;42.2059;43.7301;2.1303;2.3087;83.5435
2017-2018;Brasil;20301;Aquisição de veículos;Transporte;Aquisição e outros;Alta;ok;;20;"";20.6631;11830;35.6469;6.8648;8.4331;58039;20.0761;21.2501;6.5549;7.1747;258.3971
2017-2018;Brasil;20302;Viagens esporádicas;Transporte;Aquisição e outros;Alta;ok;;20;"";33.0705;18719;15.1071;2.9093;3.5739;58039;32.2889;33.8521;2.698;3.1206;109.5085
2017-2018;Brasil;20303;Outros transportes;Transporte;Aquisição e outros;Alta;ok;;20;"";34.7793;17343;7.4079;1.4266;1.7525;58039;33.9378;35.6207;1.3457;1.5075;53.6985
2017-2018;Brasil;21101;Perfume e colônia;Higiene e cuidados pessoais;Higiene e cuidados pessoais;Alta;ok;;21;"";30.4969;19071;27.7238;0.9994;1.2277;58039;29.8369;31.1569;0.9562;1.0426;37.6185
2017-2018;Brasil;21102;Produtos para cabelo;Higiene e cuidados pessoais;Higiene e cuidados pessoais;Alta;ok;;21;"";52.0323;29492;12.996;0.4685;0.5755;58039;51.2036;52.8611;0.4535;0.4835;17.6343
2017-2018;Brasil;21103;Sabonete e produtos de banho;Higiene e cuidados pessoais;Higiene e cuidados pessoais;Alta;ok;;21;"";68.7508;39944;6.32;0.2278;0.2799;58039;67.9393;69.5623;0.2207;0.235;8.5757
2017-2018;Brasil;21104;Outros produtos de higiene pessoal;Higiene e cuidados pessoais;Higiene e cuidados pessoais;Alta;ok;;21;"";88.8944;51300;52.9602;1.9092;2.3453;58039;88.4253;89.3634;1.8594;1.9589;71.862
2017-2018;Brasil;22101;Remédios e produtos farmacêuticos;Assistência à saúde;Medicamentos e materiais;Alta;ok;;22;"";87.3624;50515;46.1938;3.7079;4.5549;58039;86.8977;87.8272;3.6176;3.7982;139.5663
2017-2018;Brasil;22102;Material de tratamento médico;Assistência à saúde;Medicamentos e materiais;Alta;ok;;22;"";0.09;44;0.1369;0.011;0.0135;58039;0.056;0.1241;0.0039;0.0181;0.4137
2017-2018;Brasil;22201;Consulta e tratamento dentário;Assistência à saúde;Serviços médicos;Alta;ok;;22;"";0.8535;435;0.5848;0.0469;0.0577;58039;0.7344;0.9727;0.0355;0.0584;1.7668
2017-2018;Brasil;22202;Consulta médica;Assistência à saúde;Serviços médicos;Alta;ok;;22;"";22.4361;12640;10.6331;0.8535;1.0485;58039;21.8181;23.0541;0.8042;0.9028;32.1261
2017-2018;Brasil;22203;Tratamento ambulatorial;Assistência à saúde;Serviços médicos;Alta;ok;;22;"";1.6386;709;3.8146;0.3062;0.3761;58039;1.4545;1.8228;0.2401;0.3723;11.5252
2017-2018;Brasil;22204;Serviços de cirurgia;Assistência à saúde;Serviços médicos;Média;ausente;;22;2017;;;;;;58039;;;;;
2017-2018;Brasil;22205;Hospitalização;Assistência à saúde;Serviços médicos;Alta;ok;;22;"";0.1928;107;0.4054;0.0325;0.04;58039;0.1417;0.244;0.0203;0.0447;1.2247
2017-2018;Brasil;22206;Exames médicos;Assistência à saúde;Serviços médicos;Alta;ok;;22;"";10.9159;7044;2.9753;0.2388;0.2934;58039;10.5479;11.2839;0.2234;0.2543;8.9893
2017-2018;Brasil;22301;Plano e seguro de saúde;Assistência à saúde;Plano e outros;Alta;ok;;22;"";26.3494;11587;31.5735;2.5343;3.1133;58039;25.5469;27.1519;2.3876;2.681;95.3939
2017-2018;Brasil;22302;Outros serviços de saúde;Assistência à saúde;Plano e outros;Alta;ok;;22;"";5.4643;2861;3.6826;0.2956;0.3631;58039;5.1627;5.7659;0.2712;0.32;11.1263
2017-2018;Brasil;23101;Cursos regulares (ensino fundamental/médio);Educação;Cursos;Média;ok;;23;1987;10.8616;5770;36.2549;1.7188;2.1114;58039;10.4023;11.3209;1.5447;1.8928;64.6956
2017-2018;Brasil;23102;Curso superior;Educação;Cursos;Alta;ok;;23;"";8.4629;4214;30.8958;1.4647;1.7993;58039;8.072;8.8537;1.3268;1.6026;55.1325
2017-2018;Brasil;23103;Outros cursos e formação;Educação;Cursos;Média;ok;;23;1987;12.6351;6132;10.8645;0.5151;0.6327;58039;12.086;13.1842;0.4787;0.5515;19.3874
2017-2018;Brasil;23201;Livros e revistas técnicas;Educação;Material e outros;Média;ausente;;23;2017;;;;;;58039;;;;;
2017-2018;Brasil;23202;Artigos escolares;Educação;Material e outros;Alta;ok;;23;"";32.9475;19279;2.9254;0.1387;0.1704;58039;32.2501;33.645;0.1323;0.145;5.2203
2017-2018;Brasil;23203;Outros gastos com educação;Educação;Material e outros;Alta;ok;;23;"";29.163;17119;19.0594;0.9036;1.11;58039;28.4618;29.8643;0.8496;0.9576;34.0108
2017-2018;Brasil;24101;Brinquedos e jogos;Recreação e cultura;Diversões e esportes;Alta;ok;;24;"";36.8755;20419;14.1721;0.3368;0.4138;58039;36.1706;37.5803;0.3197;0.354;12.678
2017-2018;Brasil;24102;Diversões e esportes;Recreação e cultura;Diversões e esportes;Alta;ok;;24;"";12.2873;5912;8.1166;0.1929;0.237;58039;11.7111;12.8635;0.1762;0.2096;7.2609
2017-2018;Brasil;24201;Telefone celular e acessórios (aquisição);Recreação e cultura;Dispositivos e mídia;Média (ausência histórica esperada);ok;;24;1987, 2017;35.3136;20241;44.2104;1.0507;1.2907;58039;34.5619;36.0653;0.9997;1.1017;39.5496
2017-2018;Brasil;24202;Periódicos, livros e revistas não técnicas;Recreação e cultura;Dispositivos e mídia;Alta;ok;;24;"";9.6422;4463;4.5359;0.1078;0.1324;58039;9.1345;10.1499;0.0974;0.1182;4.0577
2017-2018;Brasil;24301;Outras recreações e cultura;Recreação e cultura;Outras recreações;Alta;ok;;24;"";37.2773;19663;28.9649;0.6884;0.8456;58039;36.5651;37.9895;0.6611;0.7156;25.9113
2017-2018;Brasil;25101;Fumo;Serviços pessoais;Serviços pessoais;Alta;ok;;25;"";15.7346;8737;25.9993;0.4622;0.5678;58039;15.2448;16.2243;0.434;0.4903;17.3966
2017-2018;Brasil;25102;Cabeleireiro;Serviços pessoais;Serviços pessoais;Alta;ok;;25;"";78.4837;44866;38.8741;0.691;0.8489;58039;77.9148;79.0526;0.6761;0.7059;26.0114
2017-2018;Brasil;25103;Manicure e pedicure;Serviços pessoais;Serviços pessoais;Alta;ok;;25;"";33.6893;17922;18.3476;0.3262;0.4007;58039;32.9712;34.4075;0.3149;0.3375;12.2767
2017-2018;Brasil;25104;Consertos de artigos pessoais;Serviços pessoais;Serviços pessoais;Alta;ok;;25;"";10.6766;5786;3.5158;0.0625;0.0768;58039;10.2104;11.1428;0.0545;0.0705;2.3525
2017-2018;Brasil;25105;Outros serviços pessoais;Serviços pessoais;Serviços pessoais;Alta;ok;;25;"";15.8955;8420;13.2632;0.2358;0.2896;58039;15.3166;16.4745;0.2171;0.2545;8.8747
2017-2018;Brasil;26101;Jogos e apostas;Despesas diversas;Despesas diversas;Alta;ok;;26;"";12.4866;7079;9.1324;0.2678;0.3289;58039;12.0119;12.9612;0.2472;0.2883;10.0785
2017-2018;Brasil;26102;Comunicação (outros);Despesas diversas;Despesas diversas;Média;ok;;26;1995;7.4473;3721;2.343;0.0687;0.0844;58039;7.0586;7.8359;0.0621;0.0753;2.5857
2017-2018;Brasil;26103;Cerimônias e festas;Despesas diversas;Despesas diversas;Alta;ok;;26;"";9.7968;5467;13.5323;0.3968;0.4874;58039;9.3832;10.2104;0.3478;0.4457;14.9344
2017-2018;Brasil;26104;Serviços profissionais e cartório;Despesas diversas;Despesas diversas;Média;ausente;;26;2017;;;;;;58039;;;;;
2017-2018;Brasil;26105;Imóveis de uso ocasional;Despesas diversas;Despesas diversas;Alta;ok;;26;"";6.6601;3880;21.9662;0.644;0.7912;58039;6.3179;7.0024;0.5553;0.7328;24.242
2017-2018;Brasil;26106;Outras despesas diversas;Despesas diversas;Despesas diversas;Alta;ok;;26;"";39.3095;21832;53.0261;1.5547;1.9099;58039;38.5676;40.0514;1.435;1.6744;58.52
1987-1988;Regiões metropolitanas;01101;Arroz integral;Cereais e leguminosas;Cereais;Alta;ok;;1;"";58.055;8583;59.0423;0.7386;0.768;13707;;;;;
1987-1988;Regiões metropolitanas;01102;Milho seco;Cereais e leguminosas;Cereais;Alta;ok;;1;"";15.3192;2180;3.613;0.0452;0.047;13707;;;;;
1987-1988;Regiões metropolitanas;01103;Outros;Cereais e leguminosas;Cereais;Alta;ok;;1;"";3.7002;472;1.1816;0.0148;0.0154;13707;;;;;
1987-1988;Regiões metropolitanas;01201;Feijão-fradinho;Cereais e leguminosas;Leguminosas;Alta;ok;;1;"";2.9266;1095;1.8009;0.0225;0.0234;13707;;;;;
1987-1988;Regiões metropolitanas;01202;Feijão-jalo;Cereais e leguminosas;Leguminosas;Baixa;ok;;1;2008, 2017;2.3134;469;1.3542;0.0169;0.0176;13707;;;;;
1987-1988;Regiões metropolitanas;01203;Feijão-manteiga;Cereais e leguminosas;Leguminosas;Alta;ok;;1;"";1.9789;246;0.7118;0.0089;0.0093;13707;;;;;
1987-1988;Regiões metropolitanas;01204;Feijão-mulatinho;Cereais e leguminosas;Leguminosas;Alta;ok;;1;"";7.9311;2155;4.6084;0.0577;0.0599;13707;;;;;
1987-1988;Regiões metropolitanas;01205;Feijão-preto;Cereais e leguminosas;Leguminosas;Alta;ok;;1;"";21.2815;2051;9.7093;0.1215;0.1263;13707;;;;;
1987-1988;Regiões metropolitanas;01206;Feijão-rajado;Cereais e leguminosas;Leguminosas;Alta;ok;;1;"";19.7935;2264;14.2612;0.1784;0.1855;13707;;;;;
1987-1988;Regiões metropolitanas;01207;Feijão-roxo;Cereais e leguminosas;Leguminosas;Alta;ok;;1;"";2.6914;617;1.9834;0.0248;0.0258;13707;;;;;
1987-1988;Regiões metropolitanas;01208;Outros feijões;Cereais e leguminosas;Leguminosas;Alta;ok;;1;"";1.7622;290;0.9715;0.0122;0.0126;13707;;;;;
1987-1988;Regiões metropolitanas;01209;Outras;Cereais e leguminosas;Leguminosas;Média;ok;;1;2002;2.0292;168;0.7624;0.0095;0.0099;13707;;;;;
1987-1988;Regiões metropolitanas;02101;Agrião;Hortaliças;Hortaliças folhosas e florais;Alta;ok;;2;"";6.3775;455;0.9364;0.0097;0.0101;13707;;;;;
1987-1988;Regiões metropolitanas;02102;Alface;Hortaliças;Hortaliças folhosas e florais;Alta;ok;;2;"";33.5362;3644;6.0971;0.0634;0.0659;13707;;;;;
1987-1988;Regiões metropolitanas;02103;Cheiro-verde;Hortaliças;Hortaliças folhosas e florais;Alta;ok;;2;"";16.0869;2737;1.5991;0.0166;0.0173;13707;;;;;
1987-1988;Regiões metropolitanas;02104;Couve;Hortaliças;Hortaliças folhosas e florais;Alta;ok;;2;"";13.4196;1637;2.1967;0.0228;0.0237;13707;;;;;
1987-1988;Regiões metropolitanas;02105;Couve-flor;Hortaliças;Hortaliças folhosas e florais;Alta;ok;;2;"";7.6014;694;1.5599;0.0162;0.0169;13707;;;;;
1987-1988;Regiões metropolitanas;02106;Repolho fresco;Hortaliças;Hortaliças folhosas e florais;Alta;ok;;2;"";18.5948;2617;2.3566;0.0245;0.0255;13707;;;;;
1987-1988;Regiões metropolitanas;02107;Outras;Hortaliças;Hortaliças folhosas e florais;Alta;ok;;2;"";22.8995;3199;3.5086;0.0365;0.0379;13707;;;;;
1987-1988;Regiões metropolitanas;02201;Abóbora comum;Hortaliças;Hortaliças frutosas;Alta;ok;;2;"";16.0856;2449;2.2213;0.0231;0.024;13707;;;;;
1987-1988;Regiões metropolitanas;02202;Abobrinha;Hortaliças;Hortaliças frutosas;Alta;ok;;2;"";9.4634;945;1.3702;0.0142;0.0148;13707;;;;;
1987-1988;Regiões metropolitanas;02203;Berinjela;Hortaliças;Hortaliças frutosas;Alta;ok;;2;"";6.2617;410;0.8506;0.0088;0.0092;13707;;;;;
1987-1988;Regiões metropolitanas;02204;Cebola;Hortaliças;Hortaliças frutosas;Alta;ok;;2;"";50.3147;7136;7.8776;0.0819;0.0851;13707;;;;;
1987-1988;Regiões metropolitanas;02205;Chuchu;Hortaliças;Hortaliças frutosas;Alta;ok;;2;"";21.9643;2990;2.2783;0.0237;0.0246;13707;;;;;
1987-1988;Regiões metropolitanas;02206;Jiló;Hortaliças;Hortaliças frutosas;Alta;ok;;2;"";8.1107;872;0.8834;0.0092;0.0095;13707;;;;;
1987-1988;Regiões metropolitanas;02207;Pepino fresco;Hortaliças;Hortaliças frutosas;Alta;ok;;2;"";10.8542;1365;1.395;0.0145;0.0151;13707;;;;;
1987-1988;Regiões metropolitanas;02208;Pimentão;Hortaliças;Hortaliças frutosas;Alta;ok;;2;"";26.6967;3986;2.8803;0.0299;0.0311;13707;;;;;
1987-1988;Regiões metropolitanas;02209;Quiabo;Hortaliças;Hortaliças frutosas;Alta;ok;;2;"";11.1342;1580;1.5472;0.0161;0.0167;13707;;;;;
1987-1988;Regiões metropolitanas;02210;Tomate;Hortaliças;Hortaliças frutosas;Alta;ok;;2;"";59.1121;8459;13.4326;0.1396;0.1452;13707;;;;;
1987-1988;Regiões metropolitanas;02211;Vagem;Hortaliças;Hortaliças frutosas;Alta;ok;;2;"";13.2906;1489;2.2521;0.0234;0.0243;13707;;;;;
1987-1988;Regiões metropolitanas;02212;Outras;Hortaliças;Hortaliças frutosas;Alta;ok;;2;"";18.2328;2241;7.1158;0.074;0.0769;13707;;;;;
1987-1988;Regiões metropolitanas;02301;Alho;Hortaliças;Hortaliças tuberosas e outras;Alta;ok;;2;"";22.6688;2649;8.8301;0.0918;0.0954;13707;;;;;
1987-1988;Regiões metropolitanas;02302;Batata-doce;Hortaliças;Hortaliças tuberosas e outras;Alta;ok;;2;"";8.8114;1273;1.1563;0.012;0.0125;13707;;;;;
1987-1988;Regiões metropolitanas;02303;Batata-inglesa;Hortaliças;Hortaliças tuberosas e outras;Alta;ok;;2;"";60.6392;7706;17.9002;0.1861;0.1935;13707;;;;;
1987-1988;Regiões metropolitanas;02304;Batata não especificada;Hortaliças;Hortaliças tuberosas e outras;Alta;ok;;2;"";5.6059;452;0.8873;0.0092;0.0096;13707;;;;;
1987-1988;Regiões metropolitanas;02305;Beterraba;Hortaliças;Hortaliças tuberosas e outras;Alta;ok;;2;"";10.8613;1579;1.5453;0.0161;0.0167;13707;;;;;
1987-1988;Regiões metropolitanas;02306;Cenoura;Hortaliças;Hortaliças tuberosas e outras;Alta;ok;;2;"";33.0355;4207;4.933;0.0513;0.0533;13707;;;;;
1987-1988;Regiões metropolitanas;02307;Inhame;Hortaliças;Hortaliças tuberosas e outras;Alta;ok;;2;"";5.0041;677;0.7468;0.0078;0.0081;13707;;;;;
1987-1988;Regiões metropolitanas;02308;Mandioca;Hortaliças;Hortaliças tuberosas e outras;Alta;ok;;2;"";9.8598;1394;1.3618;0.0142;0.0147;13707;;;;;
1987-1988;Regiões metropolitanas;02309;Outras;Hortaliças;Hortaliças tuberosas e outras;Alta;ok;;2;"";2.3117;326;0.2802;0.0029;0.003;13707;;;;;
1987-1988;Regiões metropolitanas;03101;Abacate;Frutas;Frutas de clima tropical;Alta;ok;;3;"";7.9451;1011;1.6269;0.0204;0.0212;13707;;;;;
1987-1988;Regiões metropolitanas;03102;Abacaxi;Frutas;Frutas de clima tropical;Alta;ok;;3;"";14.8631;2148;3.4793;0.0436;0.0454;13707;;;;;
1987-1988;Regiões metropolitanas;03103;Banana-d'água;Frutas;Frutas de clima tropical;Alta;ok;;3;"";28.4829;2721;6.8861;0.0864;0.0898;13707;;;;;
1987-1988;Regiões metropolitanas;03104;Banana-maçã;Frutas;Frutas de clima tropical;Alta;ok;;3;"";5.3585;852;1.4861;0.0186;0.0194;13707;;;;;
1987-1988;Regiões metropolitanas;03105;Banana-prata;Frutas;Frutas de clima tropical;Alta;ok;;3;"";27.4409;4704;8.899;0.1116;0.116;13707;;;;;
1987-1988;Regiões metropolitanas;03106;Outras bananas;Frutas;Frutas de clima tropical;Alta;ok;;3;"";2.6006;667;0.5836;0.0073;0.0076;13707;;;;;
1987-1988;Regiões metropolitanas;03107;Laranja-baía;Frutas;Frutas de clima tropical;Baixa;ausente;;3;1987, 1995;;;;;;13707;;;;;
1987-1988;Regiões metropolitanas;03108;Laranja-lima;Frutas;Frutas de clima tropical;Alta;ok;;3;"";7.3712;535;2.4389;0.0306;0.0318;13707;;;;;
1987-1988;Regiões metropolitanas;03109;Laranja-pêra;Frutas;Frutas de clima tropical;Alta;ok;;3;"";40.5075;5643;15.6849;0.1967;0.2045;13707;;;;;
1987-1988;Regiões metropolitanas;03110;Laranja-seleta;Frutas;Frutas de clima tropical;Alta;ok;;3;"";6.798;547;2.7518;0.0345;0.0359;13707;;;;;
1987-1988;Regiões metropolitanas;03111;Limão comum;Frutas;Frutas de clima tropical;Alta;ok;;3;"";16.9087;2061;2.1021;0.0264;0.0274;13707;;;;;
1987-1988;Regiões metropolitanas;03112;Mamão;Frutas;Frutas de clima tropical;Alta;ok;;3;"";24.1028;2830;7.0679;0.0886;0.0922;13707;;;;;
1987-1988;Regiões metropolitanas;03113;Manga;Frutas;Frutas de clima tropical;Alta;ok;;3;"";7.3403;1027;2.3984;0.0301;0.0313;13707;;;;;
1987-1988;Regiões metropolitanas;03114;Maracujá;Frutas;Frutas de clima tropical;Alta;ok;;3;"";4.4522;783;1.2141;0.0152;0.0158;13707;;;;;
1987-1988;Regiões metropolitanas;03115;Melancia;Frutas;Frutas de clima tropical;Alta;ok;;3;"";6.8231;1068;2.2955;0.0288;0.0299;13707;;;;;
1987-1988;Regiões metropolitanas;03116;Melão;Frutas;Frutas de clima tropical;Alta;ok;;3;"";6.9696;875;2.7178;0.0341;0.0354;13707;;;;;
1987-1988;Regiões metropolitanas;03117;Tangerina;Frutas;Frutas de clima tropical;Alta;ok;;3;"";13.763;1417;4.246;0.0533;0.0554;13707;;;;;
1987-1988;Regiões metropolitanas;03118;Outras;Frutas;Frutas de clima tropical;Alta;ok;;3;"";5.237;613;1.0726;0.0135;0.014;13707;;;;;
1987-1988;Regiões metropolitanas;03201;Caqui;Frutas;Frutas de clima temperado;Baixa;ok;;3;2002, 2008, 2017;2.8019;195;0.8809;0.011;0.0115;13707;;;;;
1987-1988;Regiões metropolitanas;03202;Maçã;Frutas;Frutas de clima temperado;Média;ok;;3;2002;29.5637;3288;14.5125;0.182;0.1893;13707;;;;;
1987-1988;Regiões metropolitanas;03203;Pêra;Frutas;Frutas de clima temperado;Alta;ok;;3;"";7.7805;600;4.2945;0.0539;0.056;13707;;;;;
1987-1988;Regiões metropolitanas;03204;Uva;Frutas;Frutas de clima temperado;Alta;ok;;3;"";8.1996;799;5.2567;0.0659;0.0686;13707;;;;;
1987-1988;Regiões metropolitanas;03205;Outras;Frutas;Frutas de clima temperado;Alta;ok;;3;"";14.0598;2125;8.1047;0.1016;0.1057;13707;;;;;
1987-1988;Regiões metropolitanas;04101;Coco-açaí em pasta;Cocos, castanhas e nozes;Cocos;Alta;ok;;4;"";0.7269;381;17.5623;0.0076;0.0079;13707;;;;;
1987-1988;Regiões metropolitanas;04103;Coco-da-baía;Cocos, castanhas e nozes;Cocos;Alta;ok;;4;"";4.4992;859;24.7738;0.0108;0.0112;13707;;;;;
1987-1988;Regiões metropolitanas;04104;Outros;Cocos, castanhas e nozes;Cocos;Alta;ok;;4;"";4.9504;528;57.6639;0.0251;0.0261;13707;;;;;
1987-1988;Regiões metropolitanas;05101;Farinha de mandioca;Farinhas, féculas e massas;Farinhas;Alta;ok;;5;"";25.4029;4997;12.4272;0.0792;0.0824;13707;;;;;
1987-1988;Regiões metropolitanas;05102;Farinha de rosca;Farinhas, féculas e massas;Farinhas;Alta;ok;;5;"";2.7422;207;0.6574;0.0042;0.0044;13707;;;;;
1987-1988;Regiões metropolitanas;05103;Farinha de trigo;Farinhas, féculas e massas;Farinhas;Alta;ok;;5;"";23.0458;2939;13.2154;0.0842;0.0876;13707;;;;;
1987-1988;Regiões metropolitanas;05104;Farinha vitaminada;Farinhas, féculas e massas;Farinhas;Alta;ok;;5;"";3.1065;462;4.4884;0.0286;0.0297;13707;;;;;
1987-1988;Regiões metropolitanas;05105;Outras;Farinhas, féculas e massas;Farinhas;Alta;ok;;5;"";1.2024;157;0.682;0.0043;0.0045;13707;;;;;
1987-1988;Regiões metropolitanas;05201;Amido de milho;Farinhas, féculas e massas;Féculas;Alta;ok;;5;"";7.9418;1161;1.8112;0.0115;0.012;13707;;;;;
1987-1988;Regiões metropolitanas;05202;Fubá de milho;Farinhas, féculas e massas;Féculas;Alta;ok;;5;"";17.7527;2568;6.6154;0.0422;0.0438;13707;;;;;
1987-1988;Regiões metropolitanas;05203;Fécula de mandioca;Farinhas, féculas e massas;Féculas;Baixa;ok;;5;2008, 2017;3.6675;987;2.0729;0.0132;0.0137;13707;;;;;
1987-1988;Regiões metropolitanas;05204;Flocos de milho;Farinhas, féculas e massas;Féculas;Alta;ok;;5;"";1.1428;177;1.2784;0.0081;0.0085;13707;;;;;
1987-1988;Regiões metropolitanas;05206;Flocos de cereal;Farinhas, féculas e massas;Féculas;Alta;ok;;5;"";9.5684;1563;7.2288;0.0461;0.0479;13707;;;;;
1987-1988;Regiões metropolitanas;05301;Macarrão com ovos;Farinhas, féculas e massas;Massas;Alta;ok;;5;"";47.6929;6735;38.9049;0.2479;0.2578;13707;;;;;
1987-1988;Regiões metropolitanas;05302;Massa de pastel;Farinhas, féculas e massas;Massas;Alta;ok;;5;"";4.5462;437;3.4126;0.0217;0.0226;13707;;;;;
1987-1988;Regiões metropolitanas;05303;Massa de pizza;Farinhas, féculas e massas;Massas;Alta;ok;;5;"";5.6054;587;7.2052;0.0459;0.0477;13707;;;;;
1987-1988;Regiões metropolitanas;06101;Pão de forma industrializado;Panificados;Pães;Alta;ok;;6;"";20.5761;1977;4.1176;0.0667;0.0693;13707;;;;;
1987-1988;Regiões metropolitanas;06102;Pão doce;Panificados;Pães;Alta;ok;;6;"";18.7857;2360;5.4247;0.0878;0.0913;13707;;;;;
1987-1988;Regiões metropolitanas;06103;Pão francês;Panificados;Pães;Alta;ok;;6;"";88.8106;12055;59.431;0.9622;1.0004;13707;;;;;
1987-1988;Regiões metropolitanas;06104;Pão caseiro;Panificados;Pães;Alta;ok;;6;"";10.3754;1465;2.9399;0.0476;0.0495;13707;;;;;
1987-1988;Regiões metropolitanas;06201;Bolo de trigo;Panificados;Bolos;Alta;ok;;6;"";2.0715;318;0.3649;0.0059;0.0061;13707;;;;;
1987-1988;Regiões metropolitanas;06301;Biscoito doce;Panificados;Biscoitos, roscas, etc.;Alta;ok;;6;"";37.7995;5151;11.2598;0.1823;0.1895;13707;;;;;
1987-1988;Regiões metropolitanas;06302;Biscoito salgado;Panificados;Biscoitos, roscas, etc.;Alta;ok;;6;"";37.0897;5266;9.5723;0.155;0.1611;13707;;;;;
1987-1988;Regiões metropolitanas;06303;Biscoito não especificado;Panificados;Biscoitos, roscas, etc.;Alta;ok;;6;"";17.3303;2545;6.8898;0.1115;0.116;13707;;;;;
1987-1988;Regiões metropolitanas;07101;Alcatra;Carnes;Carnes bovinas de primeira;Alta;ok;;7;"";18.3872;2207;13.8259;0.4693;0.4879;13707;;;;;
1987-1988;Regiões metropolitanas;07102;Carne moída;Carnes;Carnes bovinas de primeira;Alta;ok;;7;"";10.5336;1407;3.0464;0.1034;0.1075;13707;;;;;
1987-1988;Regiões metropolitanas;07103;Carne não especificada;Carnes;Carnes bovinas de primeira;Alta;ok;;7;"";8.1847;1593;5.2138;0.177;0.184;13707;;;;;
1987-1988;Regiões metropolitanas;07104;Chã-de-dentro;Carnes;Carnes bovinas de primeira;Alta;ok;;7;"";17.4615;1947;11.3563;0.3854;0.4008;13707;;;;;
1987-1988;Regiões metropolitanas;07105;Contrafilé;Carnes;Carnes bovinas de primeira;Alta;ok;;7;"";9.6853;1229;5.9848;0.2031;0.2112;13707;;;;;
1987-1988;Regiões metropolitanas;07106;Filé e filé mignon;Carnes;Carnes bovinas de primeira;Alta;ok;;7;"";1.8861;278;1.8202;0.0618;0.0642;13707;;;;;
1987-1988;Regiões metropolitanas;07107;Lagarto comum;Carnes;Carnes bovinas de primeira;Alta;ok;;7;"";4.0598;461;2.1807;0.074;0.077;13707;;;;;
1987-1988;Regiões metropolitanas;07108;Lagarto redondo;Carnes;Carnes bovinas de primeira;Média;ok;;7;2002;3.1867;411;1.9481;0.0661;0.0687;13707;;;;;
1987-1988;Regiões metropolitanas;07109;Patinho;Carnes;Carnes bovinas de primeira;Alta;ok;;7;"";11.1927;1190;5.9982;0.2036;0.2117;13707;;;;;
1987-1988;Regiões metropolitanas;07201;Acém;Carnes;Carnes bovinas de segunda;Alta;ok;;7;"";14.3319;1702;5.4965;0.1866;0.194;13707;;;;;
1987-1988;Regiões metropolitanas;07203;Carne moída;Carnes;Carnes bovinas de segunda;Média;ok;;7;2002;13.6094;1622;3.0103;0.1022;0.1062;13707;;;;;
1987-1988;Regiões metropolitanas;07204;Costela;Carnes;Carnes bovinas de segunda;Alta;ok;;7;"";10.0876;1881;3.5719;0.1212;0.1261;13707;;;;;
1987-1988;Regiões metropolitanas;07205;Músculo;Carnes;Carnes bovinas de segunda;Alta;ok;;7;"";4.4583;532;1.2558;0.0426;0.0443;13707;;;;;
1987-1988;Regiões metropolitanas;07206;Pá;Carnes;Carnes bovinas de segunda;Alta;ok;;7;"";6.0537;1102;2.6141;0.0887;0.0923;13707;;;;;
1987-1988;Regiões metropolitanas;07207;Peito;Carnes;Carnes bovinas de segunda;Alta;ok;;7;"";3.1615;613;0.9143;0.031;0.0323;13707;;;;;
1987-1988;Regiões metropolitanas;07208;Outros  Capa de filé;Carnes;Carnes bovinas de segunda;Alta;ok;;7;"";27.1729;4780;10.7208;0.3639;0.3783;13707;;;;;
1987-1988;Regiões metropolitanas;07401;Carré;Carnes;Carnes suínas com osso e sem osso;Alta;ok;;7;"";4.9342;366;1.495;0.0507;0.0528;13707;;;;;
1987-1988;Regiões metropolitanas;07402;Costela;Carnes;Carnes suínas com osso e sem osso;Alta;ok;;7;"";4.7276;618;1.2798;0.0434;0.0452;13707;;;;;
1987-1988;Regiões metropolitanas;07403;Lombo;Carnes;Carnes suínas com osso e sem osso;Alta;ok;;7;"";4.0726;567;1.5801;0.0536;0.0558;13707;;;;;
1987-1988;Regiões metropolitanas;07404;Pernil;Carnes;Carnes suínas com osso e sem osso;Alta;ok;;7;"";4.1229;640;2.121;0.072;0.0749;13707;;;;;
1987-1988;Regiões metropolitanas;07405;Porco eviscerado;Carnes;Carnes suínas com osso e sem osso;Alta;ok;;7;"";0.0596;14;0.1745;0.0059;0.0062;13707;;;;;
1987-1988;Regiões metropolitanas;07501;Mortadela;Carnes;Carnes suínas outras;Alta;ok;;7;"";11.0013;1034;1.1021;0.0374;0.0389;13707;;;;;
1987-1988;Regiões metropolitanas;07502;Presunto;Carnes;Carnes suínas outras;Alta;ok;;7;"";11.9209;1228;2.3108;0.0784;0.0815;13707;;;;;
1987-1988;Regiões metropolitanas;07503;Salsicha;Carnes;Carnes suínas outras;Alta;ok;;7;"";12.6201;1296;1.9775;0.0671;0.0698;13707;;;;;
1987-1988;Regiões metropolitanas;07504;Toucinho fresco;Carnes;Carnes suínas outras;Alta;ok;;7;"";11.3818;1509;1.1071;0.0376;0.0391;13707;;;;;
1987-1988;Regiões metropolitanas;07506;Outras;Carnes;Carnes suínas outras;Alta;ok;;7;"";11.3358;1280;2.3011;0.0781;0.0812;13707;;;;;
1987-1988;Regiões metropolitanas;07601;Linguiça;Carnes;Carnes de outros animais;Alta;ok;;7;"";22.8236;2479;5.3821;0.1827;0.1899;13707;;;;;
1987-1988;Regiões metropolitanas;07602;Outras;Carnes;Carnes de outros animais;Alta;ok;;7;"";0.484;136;0.2107;0.0072;0.0074;13707;;;;;
1987-1988;Regiões metropolitanas;08101;Bovina Fígado;Vísceras;Vísceras;Alta;ok;;8;"";12.3796;1543;47.9957;0.0933;0.097;13707;;;;;
1987-1988;Regiões metropolitanas;08102;Bovina Outras;Vísceras;Vísceras;Alta;ok;;8;"";9.1108;1417;34.5919;0.0673;0.0699;13707;;;;;
1987-1988;Regiões metropolitanas;08103;Vísceras suínas;Vísceras;Vísceras;Alta;ok;;8;"";3.5884;555;17.3778;0.0338;0.0351;13707;;;;;
1987-1988;Regiões metropolitanas;08104;Outras vísceras;Vísceras;Vísceras;Alta;ok;;8;"";0.0085;5;0.0347;1e-04;1e-04;13707;;;;;
1987-1988;Regiões metropolitanas;09101;Bacalhau;Pescados;Peixes de água salgada (marinhos);Alta;ok;;9;"";1.9154;205;19.463;0.0845;0.0878;13707;;;;;
1987-1988;Regiões metropolitanas;09102;Sardinha fresca;Pescados;Peixes de água salgada (marinhos);Alta;ok;;9;"";0.5144;36;0.5185;0.0023;0.0023;13707;;;;;
1987-1988;Regiões metropolitanas;09103;Sardinha em conserva;Pescados;Peixes de água salgada (marinhos);Alta;ok;;9;"";11.453;1552;8.079;0.0351;0.0365;13707;;;;;
1987-1988;Regiões metropolitanas;09104;Atum e bonito;Pescados;Peixes de água salgada (marinhos);Alta;ok;;9;"";2.2777;175;2.877;0.0125;0.013;13707;;;;;
1987-1988;Regiões metropolitanas;09105;Pescada;Pescados;Peixes de água salgada (marinhos);Alta;ok;;9;"";5.895;695;13.2868;0.0577;0.06;13707;;;;;
1987-1988;Regiões metropolitanas;09106;Corvina;Pescados;Peixes de água salgada (marinhos);Alta;ok;;9;"";3.7338;441;6.3668;0.0276;0.0287;13707;;;;;
1987-1988;Regiões metropolitanas;09107;Cação e tubarão;Pescados;Peixes de água salgada (marinhos);Alta;ok;;9;"";1.4413;105;2.5575;0.0111;0.0115;13707;;;;;
1987-1988;Regiões metropolitanas;09108;Outros peixes marinhos - fresco/inteiro;Pescados;Peixes de água salgada (marinhos);Baixa;ok;;9;"";13.6305;1727;24.2085;0.1051;0.1092;13707;;;;;
1987-1988;Regiões metropolitanas;09109;Outros peixes marinhos - em filé;Pescados;Peixes de água salgada (marinhos);Média;ok;;9;"";1.1338;175;2.944;0.0128;0.0133;13707;;;;;
1987-1988;Regiões metropolitanas;09110;Outros peixes marinhos - em postas;Pescados;Peixes de água salgada (marinhos);Baixa;ok;;9;"";1.1016;178;3.0778;0.0134;0.0139;13707;;;;;
1987-1988;Regiões metropolitanas;09111;Outros peixes marinhos - salgado/seco;Pescados;Peixes de água salgada (marinhos);Média;compartilhado;09108, 09105;9;1995;;;;;;13707;;;;;
1987-1988;Regiões metropolitanas;09112;Outros peixes marinhos - em conserva;Pescados;Peixes de água salgada (marinhos);Média;ok;;9;"";0.0779;8;0.0794;3e-04;4e-04;13707;;;;;
1987-1988;Regiões metropolitanas;09201;Tilápia;Pescados;Peixes de água doce;Alta;ok;;9;"";0.0262;11;0.0374;2e-04;2e-04;13707;;;;;
1987-1988;Regiões metropolitanas;09202;Outros peixes de água doce (nominados);Pescados;Peixes de água doce;Média;ok;;9;"";1.1306;433;2.3562;0.0102;0.0106;13707;;;;;
1987-1988;Regiões metropolitanas;09203;Peixes de água doce - fresco/inteiro;Pescados;Peixes de água doce;Média;ok;;9;"";1.6349;608;3.4794;0.0151;0.0157;13707;;;;;
1987-1988;Regiões metropolitanas;09204;Peixes de água doce - filé/postas;Pescados;Peixes de água doce;Média;ok;;9;"";0.1856;63;0.4805;0.0021;0.0022;13707;;;;;
1987-1988;Regiões metropolitanas;09205;Peixes de água doce - salgado/conserva;Pescados;Peixes de água doce;Média;compartilhado;09203;9;1995;;;;;;13707;;;;;
1987-1988;Regiões metropolitanas;09401;Camarão;Pescados;Crustáceos;Alta;ok;;9;"";2.5644;496;9.1324;0.0396;0.0412;13707;;;;;
1987-1988;Regiões metropolitanas;09402;Camarão processado;Pescados;Crustáceos;Média;ausente;;9;1987, 1995;;;;;;13707;;;;;
1987-1988;Regiões metropolitanas;09403;Lagosta;Pescados;Crustáceos;Alta;ok;;9;"";0.0243;7;0.1993;9e-04;9e-04;13707;;;;;
1987-1988;Regiões metropolitanas;09404;Caranguejo e siri;Pescados;Crustáceos;Alta;ok;;9;"";0.1116;30;0.2834;0.0012;0.0013;13707;;;;;
1987-1988;Regiões metropolitanas;09501;Ostras, mariscos e mexilhões;Pescados;Moluscos;Alta;ok;;9;"";0.2623;59;0.4801;0.0021;0.0022;13707;;;;;
1987-1988;Regiões metropolitanas;09502;Lula e polvo;Pescados;Moluscos;Alta;ok;;9;"";0.0198;1;0.088;4e-04;4e-04;13707;;;;;
1987-1988;Regiões metropolitanas;09601;Rã;Pescados;Outros pescados e preparações;Alta;ok;;9;"";0.0013;1;0.0049;0;0;13707;;;;;
1987-1988;Regiões metropolitanas;10101;Asa de frango;Aves e ovos;Aves;Alta;ok;;10;"";3.2888;274;1.5062;0.019;0.0198;13707;;;;;
1987-1988;Regiões metropolitanas;10102;Carne de frango não especificada;Aves e ovos;Aves;Alta;ok;;10;"";3.4032;292;2.8328;0.0358;0.0372;13707;;;;;
1987-1988;Regiões metropolitanas;10103;Coxa de frango;Aves e ovos;Aves;Alta;ok;;10;"";5.4623;442;3.9151;0.0495;0.0514;13707;;;;;
1987-1988;Regiões metropolitanas;10104;Frango abatido (inteiro);Aves e ovos;Aves;Alta;ok;;10;"";48.6863;7285;53.3469;0.6742;0.701;13707;;;;;
1987-1988;Regiões metropolitanas;10105;Frango vivo;Aves e ovos;Aves;Alta;ok;;10;"";5.8351;1001;5.7775;0.073;0.0759;13707;;;;;
1987-1988;Regiões metropolitanas;10106;Peito de frango;Aves e ovos;Aves;Alta;ok;;10;"";4.9021;458;4.1876;0.0529;0.055;13707;;;;;
1987-1988;Regiões metropolitanas;10107;Outras;Aves e ovos;Aves;Alta;ok;;10;"";7.5827;897;4.335;0.0548;0.057;13707;;;;;
1987-1988;Regiões metropolitanas;10201;Ovo de galinha;Aves e ovos;Ovos;Alta;ok;;10;"";62.0387;8608;23.7894;0.3007;0.3126;13707;;;;;
1987-1988;Regiões metropolitanas;10202;Outros;Aves e ovos;Ovos;Alta;ok;;10;"";1.2868;159;0.3095;0.0039;0.0041;13707;;;;;
1987-1988;Regiões metropolitanas;11101;Creme de leite;Laticínios;Leite e creme de leite;Alta;ok;;11;"";7.4997;962;1.6076;0.0416;0.0432;13707;;;;;
1987-1988;Regiões metropolitanas;11102;Leite condensado;Laticínios;Leite e creme de leite;Alta;ok;;11;"";12.8611;1555;3.042;0.0787;0.0818;13707;;;;;
1987-1988;Regiões metropolitanas;11103;Leite de vaca fresco;Laticínios;Leite e creme de leite;Alta;ok;;11;"";2.3134;508;1.3841;0.0358;0.0372;13707;;;;;
1987-1988;Regiões metropolitanas;11104;Leite de vaca pasteurizado;Laticínios;Leite e creme de leite;Alta;ok;;11;"";76.322;8934;51.9576;1.3439;1.3974;13707;;;;;
1987-1988;Regiões metropolitanas;11105;Leite em pó integral;Laticínios;Leite e creme de leite;Alta;ok;;11;"";16.269;3153;9.7095;0.2511;0.2611;13707;;;;;
1987-1988;Regiões metropolitanas;11106;Outros;Laticínios;Leite e creme de leite;Alta;ok;;11;"";6.0558;992;3.3484;0.0866;0.0901;13707;;;;;
1987-1988;Regiões metropolitanas;11201;Queijo minas;Laticínios;Queijos e requeijão;Alta;ok;;11;"";13.7633;1634;5.6639;0.1465;0.1523;13707;;;;;
1987-1988;Regiões metropolitanas;11202;Queijo mozarela;Laticínios;Queijos e requeijão;Alta;ok;;11;"";10.2554;984;3.1779;0.0822;0.0855;13707;;;;;
1987-1988;Regiões metropolitanas;11203;Queijo prato;Laticínios;Queijos e requeijão;Alta;ok;;11;"";16.4421;1822;6.3157;0.1634;0.1699;13707;;;;;
1987-1988;Regiões metropolitanas;11204;Outros queijos;Laticínios;Queijos e requeijão;Alta;ok;;11;"";16.7614;1846;3.3654;0.087;0.0905;13707;;;;;
1987-1988;Regiões metropolitanas;11205;Requeijão;Laticínios;Queijos e requeijão;Alta;ok;;11;"";6.3579;650;1.6478;0.0426;0.0443;13707;;;;;
1987-1988;Regiões metropolitanas;11301;Iogurte;Laticínios;Outros laticínios;Alta;ok;;11;"";20.4138;2664;4.5865;0.1186;0.1234;13707;;;;;
1987-1988;Regiões metropolitanas;11302;Leite fermentado;Laticínios;Outros laticínios;Alta;ok;;11;"";3.8124;282;0.8567;0.0222;0.023;13707;;;;;
1987-1988;Regiões metropolitanas;11303;Manteiga;Laticínios;Outros laticínios;Alta;ok;;11;"";16.9425;2194;3.3203;0.0859;0.0893;13707;;;;;
1987-1988;Regiões metropolitanas;11304;Outros;Laticínios;Outros laticínios;Alta;ok;;11;"";0.1278;8;0.0166;4e-04;4e-04;13707;;;;;
1987-1988;Regiões metropolitanas;12101;Açúcar cristal;Açúcares e produtos de confeitaria;Açúcares, doces e produtos de confeitaria;Alta;ok;;12;"";17.5808;4857;10.7017;0.1437;0.1494;13707;;;;;
1987-1988;Regiões metropolitanas;12102;Açúcar refinado;Açúcares e produtos de confeitaria;Açúcares, doces e produtos de confeitaria;Alta;ok;;12;"";43.7894;4552;28.7739;0.3863;0.4016;13707;;;;;
1987-1988;Regiões metropolitanas;12103;Outros;Açúcares e produtos de confeitaria;Açúcares, doces e produtos de confeitaria;Alta;ok;;12;"";1.7385;235;0.6923;0.0093;0.0097;13707;;;;;
1987-1988;Regiões metropolitanas;12201;Doce a base de leite;Açúcares e produtos de confeitaria;Doces e derivados;Alta;ok;;12;"";10.799;1373;6.8842;0.0924;0.0961;13707;;;;;
1987-1988;Regiões metropolitanas;12202;Doce de fruta;Açúcares e produtos de confeitaria;Doces e derivados;Alta;ok;;12;"";15.7754;2356;7.1385;0.0958;0.0996;13707;;;;;
1987-1988;Regiões metropolitanas;12203;Sorvete;Açúcares e produtos de confeitaria;Doces e derivados;Alta;ok;;12;"";5.7447;671;4.6674;0.0627;0.0651;13707;;;;;
1987-1988;Regiões metropolitanas;12204;Outros;Açúcares e produtos de confeitaria;Doces e derivados;Alta;ok;;12;"";49.8348;7570;34.583;0.4643;0.4827;13707;;;;;
1987-1988;Regiões metropolitanas;12301;Chocolate em pó;Açúcares e produtos de confeitaria;Outros açucares e produtos de confeitaria;Alta;ok;;12;"";13.4152;1736;4.432;0.0595;0.0619;13707;;;;;
1987-1988;Regiões metropolitanas;12302;Outros;Açúcares e produtos de confeitaria;Outros açucares e produtos de confeitaria;Alta;ok;;12;"";5.7455;651;2.127;0.0286;0.0297;13707;;;;;
1987-1988;Regiões metropolitanas;13101;Sal grosso;Sais e condimentos;Sais;Alta;ok;;13;"";0.8172;217;0.302;0.0011;0.0012;13707;;;;;
1987-1988;Regiões metropolitanas;13102;Sal refinado;Sais e condimentos;Sais;Alta;ok;;13;"";29.5461;4259;13.2527;0.0502;0.0522;13707;;;;;
1987-1988;Regiões metropolitanas;13103;Outros;Sais e condimentos;Sais;Alta;ok;;13;"";0.0407;10;0.0285;1e-04;1e-04;13707;;;;;
1987-1988;Regiões metropolitanas;13201;Caldo de carne em tablete;Sais e condimentos;Condimentos;Alta;ok;;13;"";4.2103;445;2.0975;0.0079;0.0083;13707;;;;;
1987-1988;Regiões metropolitanas;13202;Caldo de galinha em tablete;Sais e condimentos;Condimentos;Alta;ok;;13;"";5.1991;740;2.3209;0.0088;0.0091;13707;;;;;
1987-1988;Regiões metropolitanas;13203;Fermento;Sais e condimentos;Condimentos;Alta;ok;;13;"";9.5435;1187;4.9473;0.0187;0.0195;13707;;;;;
1987-1988;Regiões metropolitanas;13204;Maionese;Sais e condimentos;Condimentos;Alta;ok;;13;"";13.5164;1527;15.3615;0.0582;0.0605;13707;;;;;
1987-1988;Regiões metropolitanas;13205;Massa de tomate;Sais e condimentos;Condimentos;Alta;ok;;13;"";27.5759;3425;21.4161;0.0811;0.0843;13707;;;;;
1987-1988;Regiões metropolitanas;13206;Molho de tomate;Sais e condimentos;Condimentos;Alta;ok;;13;"";9.2832;839;9.6392;0.0365;0.0379;13707;;;;;
1987-1988;Regiões metropolitanas;13207;Tempero misto;Sais e condimentos;Condimentos;Alta;ok;;13;"";7.2394;978;7.1371;0.027;0.0281;13707;;;;;
1987-1988;Regiões metropolitanas;13208;Vinagre de álcool;Sais e condimentos;Condimentos;Alta;ok;;13;"";4.209;1114;1.9694;0.0075;0.0078;13707;;;;;
1987-1988;Regiões metropolitanas;13209;Vinagre de vinho;Sais e condimentos;Condimentos;Alta;ok;;13;"";10.9667;956;5.5134;0.0209;0.0217;13707;;;;;
1987-1988;Regiões metropolitanas;13210;Outros;Sais e condimentos;Condimentos;Alta;ok;;13;"";23.4228;4009;16.0144;0.0606;0.063;13707;;;;;
1987-1988;Regiões metropolitanas;14101;Azeite de oliva;Óleos e gorduras;Óleos;Alta;ok;;14;"";5.3188;533;7.4734;0.0377;0.0392;13707;;;;;
1987-1988;Regiões metropolitanas;14102;Óleo de milho;Óleos e gorduras;Óleos;Alta;ok;;14;"";1.9365;233;3.7849;0.0191;0.0199;13707;;;;;
1987-1988;Regiões metropolitanas;14103;Óleo de soja;Óleos e gorduras;Óleos;Alta;ok;;14;"";47.7653;6976;60.3163;0.3045;0.3166;13707;;;;;
1987-1988;Regiões metropolitanas;14104;Óleo não especificado;Óleos e gorduras;Óleos;Alta;ok;;14;"";1.5613;426;1.0507;0.0053;0.0055;13707;;;;;
1987-1988;Regiões metropolitanas;14201;Margarina vegetal;Óleos e gorduras;Gorduras;Alta;ok;;14;"";44.4574;6629;25.3752;0.1281;0.1332;13707;;;;;
1987-1988;Regiões metropolitanas;14202;Outras;Óleos e gorduras;Gorduras;Alta;ok;;14;"";2.8411;383;1.9995;0.0101;0.0105;13707;;;;;
1987-1988;Regiões metropolitanas;15101;Outras aguardentes;Bebidas e infusões;Bebidas alcoólicas;Alta;ok;;15;"";9.7833;1373;4.1165;0.1057;0.1099;13707;;;;;
1987-1988;Regiões metropolitanas;15102;Cerveja;Bebidas e infusões;Bebidas alcoólicas;Alta;ok;;15;"";30.1353;4228;31.4569;0.8079;0.84;13707;;;;;
1987-1988;Regiões metropolitanas;15103;Vinho;Bebidas e infusões;Bebidas alcoólicas;Média;ok;;15;1995;5.9214;731;2.8944;0.0743;0.0773;13707;;;;;
1987-1988;Regiões metropolitanas;15104;Outras;Bebidas e infusões;Bebidas alcoólicas;Alta;ok;;15;"";8.3697;1126;6.9253;0.1779;0.1849;13707;;;;;
1987-1988;Regiões metropolitanas;15201;Água mineral;Bebidas e infusões;Bebidas não alcoólicas;Alta;ok;;15;"";47.3144;7219;12.7882;0.3284;0.3415;13707;;;;;
1987-1988;Regiões metropolitanas;15202;Refrigerante de cola;Bebidas e infusões;Bebidas não alcoólicas;Alta;ok;;15;"";35.4121;4629;8.606;0.221;0.2298;13707;;;;;
1987-1988;Regiões metropolitanas;15203;Refrigerante de guaraná;Bebidas e infusões;Bebidas não alcoólicas;Alta;ok;;15;"";16.2044;2133;2.8384;0.0729;0.0758;13707;;;;;
1987-1988;Regiões metropolitanas;15204;Refrigerante de laranja;Bebidas e infusões;Bebidas não alcoólicas;Alta;ok;;15;"";5.8265;769;0.689;0.0177;0.0184;13707;;;;;
1987-1988;Regiões metropolitanas;15205;Refrigerante de limão;Bebidas e infusões;Bebidas não alcoólicas;Alta;ok;;15;"";2.1806;232;0.2697;0.0069;0.0072;13707;;;;;
1987-1988;Regiões metropolitanas;15206;Outros refrigerantes;Bebidas e infusões;Bebidas não alcoólicas;Alta;ok;;15;"";4.787;899;1.1611;0.0298;0.031;13707;;;;;
1987-1988;Regiões metropolitanas;15207;Suco de fruta em pó;Bebidas e infusões;Bebidas não alcoólicas;Alta;ok;;15;"";11.7905;1789;1.1631;0.0299;0.0311;13707;;;;;
1987-1988;Regiões metropolitanas;15208;Suco de fruta envasado;Bebidas e infusões;Bebidas não alcoólicas;Alta;ok;;15;"";19.3609;3298;5.2891;0.1358;0.1412;13707;;;;;
1987-1988;Regiões metropolitanas;15209;Outras;Bebidas e infusões;Bebidas não alcoólicas;Alta;ok;;15;"";0.6025;129;0.0812;0.0021;0.0022;13707;;;;;
1987-1988;Regiões metropolitanas;15301;Café moído;Bebidas e infusões;Cafés;Alta;ok;;15;"";62.6884;8649;19.1133;0.4909;0.5104;13707;;;;;
1987-1988;Regiões metropolitanas;15302;Café solúvel;Bebidas e infusões;Cafés;Alta;ok;;15;"";5.904;1095;1.0293;0.0264;0.0275;13707;;;;;
1987-1988;Regiões metropolitanas;15303;Outros;Bebidas e infusões;Cafés;Alta;ok;;15;"";0.6685;162;0.0707;0.0018;0.0019;13707;;;;;
1987-1988;Regiões metropolitanas;15401;Chá-mate;Bebidas e infusões;Chás;Alta;ok;;15;"";7.4516;955;0.9311;0.0239;0.0249;13707;;;;;
1987-1988;Regiões metropolitanas;15402;Outros;Bebidas e infusões;Chás;Alta;ok;;15;"";3.8735;440;0.5768;0.0148;0.0154;13707;;;;;
1987-1988;Regiões metropolitanas;16101;Frango assado ou defumado;Outros produtos;Outros produtos;Baixa;ok;;16;2002, 2008, 2017;3.4103;425;1.0288;0.0443;0.0461;13707;;;;;
1987-1988;Regiões metropolitanas;16102;Massa;Outros produtos;Outros produtos;Média;ok;;16;2017;3.2521;265;1.6767;0.0722;0.0751;13707;;;;;
1987-1988;Regiões metropolitanas;16103;Outros produtos;Outros produtos;Outros produtos;Alta;ok;;16;"";26.3956;3325;30.6458;1.3196;1.3721;13707;;;;;
1987-1988;Regiões metropolitanas;16104;Refeição;Outros produtos;Outros produtos;Alta;ok;;16;"";41.054;6067;48.3222;2.0807;2.1635;13707;;;;;
1987-1988;Regiões metropolitanas;16105;Salgadinho;Outros produtos;Outros produtos;Alta;ok;;16;"";46.9278;6613;18.1187;0.7802;0.8112;13707;;;;;
1987-1988;Regiões metropolitanas;16106;Mistura para bolo;Outros produtos;Outros produtos;Alta;ok;;16;"";2.1279;337;0.2078;0.0089;0.0093;13707;;;;;
1987-1988;Regiões metropolitanas;17101;Aluguel;Serviços e taxas de habitação;Habitação e utilidades;Alta;ok;;17;"";99.6364;13643;49.0031;3.8259;;13707;;;;;
1987-1988;Regiões metropolitanas;17102;Energia elétrica;Serviços e taxas de habitação;Habitação e utilidades;Alta;ok;;17;"";93.1431;12554;22.0282;1.7198;1.7882;13707;;;;;
1987-1988;Regiões metropolitanas;17103;Gás doméstico;Serviços e taxas de habitação;Habitação e utilidades;Alta;ok;;17;"";95.0441;12920;6.9366;0.5416;0.5631;13707;;;;;
1987-1988;Regiões metropolitanas;17104;Água e esgoto;Serviços e taxas de habitação;Habitação e utilidades;Alta;ok;;17;"";67.2438;9011;7.9667;0.622;0.6467;13707;;;;;
1987-1988;Regiões metropolitanas;17201;Telefone fixo;Serviços e taxas de habitação;Telefonia e comunicações;Alta;ok;;17;"";27.8275;3676;12.3037;0.9606;0.9988;13707;;;;;
1987-1988;Regiões metropolitanas;17202;Telefone celular (plano/serviço);Serviços e taxas de habitação;Telefonia e comunicações;Média (ausência histórica esperada);ausente;;17;1987;;;;;;13707;;;;;
1987-1988;Regiões metropolitanas;17301;Outros serviços e taxas de habitação;Serviços e taxas de habitação;Outros serviços de habitação;Alta;ok;;17;"";10.4736;1732;1.7618;0.1376;0.143;13707;;;;;
1987-1988;Regiões metropolitanas;18101;Manutenção do lar;Habitação;Manutenção e limpeza;Alta;ok;;18;"";49.9626;6310;16.2083;1.8013;1.873;13707;;;;;
1987-1988;Regiões metropolitanas;18102;Artigos de limpeza doméstica;Habitação;Manutenção e limpeza;Alta;ok;;18;"";71.6089;10137;7.3164;0.8131;0.8455;13707;;;;;
1987-1988;Regiões metropolitanas;18103;Consertos de artigos do lar;Habitação;Manutenção e limpeza;Alta;ok;;18;"";19.8086;2867;12.5064;1.3899;1.4452;13707;;;;;
1987-1988;Regiões metropolitanas;18201;Mobiliários e artigos do lar;Habitação;Mobiliário e eletrodomésticos;Alta;ok;;18;"";75.5483;10867;31.1123;3.4577;3.5953;13707;;;;;
1987-1988;Regiões metropolitanas;18202;Eletrodomésticos;Habitação;Mobiliário e eletrodomésticos;Alta;ok;;18;"";46.0896;6290;32.8565;3.6516;3.7968;13707;;;;;
1987-1988;Regiões metropolitanas;19101;Roupa de homem;Vestuário;Roupas;Alta;ok;;19;"";62.2252;8697;24.4515;2.8769;2.9913;13707;;;;;
1987-1988;Regiões metropolitanas;19102;Roupa de mulher;Vestuário;Roupas;Alta;ok;;19;"";64.4273;8890;28.5612;3.3604;3.4941;13707;;;;;
1987-1988;Regiões metropolitanas;19103;Roupa de criança;Vestuário;Roupas;Alta;ok;;19;"";54.024;7539;11.2639;1.3253;1.378;13707;;;;;
1987-1988;Regiões metropolitanas;19104;Tecidos e armarinhos;Vestuário;Roupas;Alta;ok;;19;"";39.7827;6700;5.2695;0.62;0.6447;13707;;;;;
1987-1988;Regiões metropolitanas;19201;Calçados e apetrechos;Vestuário;Calçados e acessórios;Alta;ok;;19;"";80.1929;11330;21.6001;2.5414;2.6425;13707;;;;;
1987-1988;Regiões metropolitanas;19202;Joias e bijuterias;Vestuário;Calçados e acessórios;Alta;ok;;19;"";44.3364;6760;8.8537;1.0417;1.0831;13707;;;;;
1987-1988;Regiões metropolitanas;20101;Transporte urbano e coletivo;Transporte;Transporte coletivo;Alta;ok;;20;"";79.6736;11006;11.9352;2.8945;3.0096;13707;;;;;
1987-1988;Regiões metropolitanas;20201;Gasolina para veículo próprio;Transporte;Veículo próprio;Alta;ok;;20;"";22.1256;2734;12.6457;3.0668;3.1888;13707;;;;;
1987-1988;Regiões metropolitanas;20202;Álcool para veículo próprio;Transporte;Veículo próprio;Alta;ok;;20;"";8.0509;1063;5.8629;1.4218;1.4784;13707;;;;;
1987-1988;Regiões metropolitanas;20203;Manutenção de veículo próprio;Transporte;Veículo próprio;Alta;ok;;20;"";56.568;7971;25.9446;6.2919;6.5422;13707;;;;;
1987-1988;Regiões metropolitanas;20301;Aquisição de veículos;Transporte;Aquisição e outros;Alta;ok;;20;"";13.3493;1844;28.177;6.8333;7.1051;13707;;;;;
1987-1988;Regiões metropolitanas;20302;Viagens esporádicas;Transporte;Aquisição e outros;Alta;ok;;20;"";39.4606;5886;13.8221;3.352;3.4854;13707;;;;;
1987-1988;Regiões metropolitanas;20303;Outros transportes;Transporte;Aquisição e outros;Alta;ok;;20;"";19.7946;2771;1.6125;0.391;0.4066;13707;;;;;
1987-1988;Regiões metropolitanas;21101;Perfume e colônia;Higiene e cuidados pessoais;Higiene e cuidados pessoais;Alta;ok;;21;"";29.4915;5245;26.1137;0.4545;0.4726;13707;;;;;
1987-1988;Regiões metropolitanas;21102;Produtos para cabelo;Higiene e cuidados pessoais;Higiene e cuidados pessoais;Alta;ok;;21;"";15.2369;2240;5.424;0.0944;0.0982;13707;;;;;
1987-1988;Regiões metropolitanas;21103;Sabonete e produtos de banho;Higiene e cuidados pessoais;Higiene e cuidados pessoais;Alta;ok;;21;"";41.9184;5931;7.5324;0.1311;0.1363;13707;;;;;
1987-1988;Regiões metropolitanas;21104;Outros produtos de higiene pessoal;Higiene e cuidados pessoais;Higiene e cuidados pessoais;Alta;ok;;21;"";74.5469;10547;60.9299;1.0605;1.1027;13707;;;;;
1987-1988;Regiões metropolitanas;22101;Remédios e produtos farmacêuticos;Assistência à saúde;Medicamentos e materiais;Alta;ok;;22;"";84.5335;11868;33.7845;2.2134;2.3014;13707;;;;;
1987-1988;Regiões metropolitanas;22102;Material de tratamento médico;Assistência à saúde;Medicamentos e materiais;Alta;ok;;22;"";8.3209;1254;5.9534;0.39;0.4056;13707;;;;;
1987-1988;Regiões metropolitanas;22201;Consulta e tratamento dentário;Assistência à saúde;Serviços médicos;Alta;ok;;22;"";20.6432;2783;20.0921;1.3163;1.3687;13707;;;;;
1987-1988;Regiões metropolitanas;22202;Consulta médica;Assistência à saúde;Serviços médicos;Alta;ok;;22;"";24.2615;3305;7.3646;0.4825;0.5017;13707;;;;;
1987-1988;Regiões metropolitanas;22203;Tratamento ambulatorial;Assistência à saúde;Serviços médicos;Alta;ok;;22;"";3.9864;516;4.0901;0.268;0.2786;13707;;;;;
1987-1988;Regiões metropolitanas;22204;Serviços de cirurgia;Assistência à saúde;Serviços médicos;Média;ok;;22;2017;1.6328;277;5.7722;0.3782;0.3932;13707;;;;;
1987-1988;Regiões metropolitanas;22205;Hospitalização;Assistência à saúde;Serviços médicos;Alta;ok;;22;"";1.5109;285;3.6177;0.237;0.2464;13707;;;;;
1987-1988;Regiões metropolitanas;22206;Exames médicos;Assistência à saúde;Serviços médicos;Alta;ok;;22;"";12.7651;1868;3.8423;0.2517;0.2617;13707;;;;;
1987-1988;Regiões metropolitanas;22301;Plano e seguro de saúde;Assistência à saúde;Plano e outros;Alta;ok;;22;"";17.9302;2125;11.924;0.7812;0.8123;13707;;;;;
1987-1988;Regiões metropolitanas;22302;Outros serviços de saúde;Assistência à saúde;Plano e outros;Alta;ok;;22;"";2.6817;392;3.5592;0.2332;0.2425;13707;;;;;
1987-1988;Regiões metropolitanas;23101;Cursos regulares (ensino fundamental/médio);Educação;Cursos;Média;ausente;;23;1987;;;;;;13707;;;;;
1987-1988;Regiões metropolitanas;23102;Curso superior;Educação;Cursos;Alta;ok;;23;"";0.2985;54;0.6606;0.0061;0.0063;13707;;;;;
1987-1988;Regiões metropolitanas;23103;Outros cursos e formação;Educação;Cursos;Média;ausente;;23;1987;;;;;;13707;;;;;
1987-1988;Regiões metropolitanas;23201;Livros e revistas técnicas;Educação;Material e outros;Média;ok;;23;2017;12.8961;1740;17.8033;0.1637;0.1702;13707;;;;;
1987-1988;Regiões metropolitanas;23202;Artigos escolares;Educação;Material e outros;Alta;ok;;23;"";32.5841;4557;58.1992;0.5351;0.5564;13707;;;;;
1987-1988;Regiões metropolitanas;23203;Outros gastos com educação;Educação;Material e outros;Alta;ok;;23;"";11.7257;2077;23.337;0.2146;0.2231;13707;;;;;
1987-1988;Regiões metropolitanas;24101;Brinquedos e jogos;Recreação e cultura;Diversões e esportes;Alta;ok;;24;"";42.0891;6073;31.198;0.871;0.9056;13707;;;;;
1987-1988;Regiões metropolitanas;24102;Diversões e esportes;Recreação e cultura;Diversões e esportes;Alta;ok;;24;"";57.1962;8487;31.27;0.873;0.9077;13707;;;;;
1987-1988;Regiões metropolitanas;24201;Telefone celular e acessórios (aquisição);Recreação e cultura;Dispositivos e mídia;Média (ausência histórica esperada);ausente;;24;1987, 2017;;;;;;13707;;;;;
1987-1988;Regiões metropolitanas;24202;Periódicos, livros e revistas não técnicas;Recreação e cultura;Dispositivos e mídia;Alta;ok;;24;"";37.074;4929;33.4438;0.9337;0.9708;13707;;;;;
1987-1988;Regiões metropolitanas;24301;Outras recreações e cultura;Recreação e cultura;Outras recreações;Alta;ok;;24;"";3.5508;475;4.0882;0.1141;0.1187;13707;;;;;
1987-1988;Regiões metropolitanas;25101;Fumo;Serviços pessoais;Serviços pessoais;Alta;ok;;25;"";52.6242;7070;49.1582;1.3703;1.4248;13707;;;;;
1987-1988;Regiões metropolitanas;25102;Cabeleireiro;Serviços pessoais;Serviços pessoais;Alta;ok;;25;"";83.1357;11307;25.5335;0.7117;0.7401;13707;;;;;
1987-1988;Regiões metropolitanas;25103;Manicure e pedicure;Serviços pessoais;Serviços pessoais;Alta;ok;;25;"";31.4901;4498;8.7903;0.245;0.2548;13707;;;;;
1987-1988;Regiões metropolitanas;25104;Consertos de artigos pessoais;Serviços pessoais;Serviços pessoais;Alta;ok;;25;"";23.6491;3676;3.546;0.0988;0.1028;13707;;;;;
1987-1988;Regiões metropolitanas;25105;Outros serviços pessoais;Serviços pessoais;Serviços pessoais;Alta;ok;;25;"";23.4302;3781;12.9721;0.3616;0.376;13707;;;;;
1987-1988;Regiões metropolitanas;26101;Jogos e apostas;Despesas diversas;Despesas diversas;Alta;ok;;26;"";25.1797;3630;8.601;0.6411;0.6666;13707;;;;;
1987-1988;Regiões metropolitanas;26102;Comunicação (outros);Despesas diversas;Despesas diversas;Média;ok;;26;1995;16.8701;2645;1.2219;0.0911;0.0947;13707;;;;;
1987-1988;Regiões metropolitanas;26103;Cerimônias e festas;Despesas diversas;Despesas diversas;Alta;ok;;26;"";8.953;1630;4.4911;0.3348;0.3481;13707;;;;;
1987-1988;Regiões metropolitanas;26104;Serviços profissionais e cartório;Despesas diversas;Despesas diversas;Média;ok;;26;2017;16.2008;2191;11.5861;0.8636;0.898;13707;;;;;
1987-1988;Regiões metropolitanas;26105;Imóveis de uso ocasional;Despesas diversas;Despesas diversas;Alta;ok;;26;"";13.4461;1992;48.8409;3.6405;3.7854;13707;;;;;
1987-1988;Regiões metropolitanas;26106;Outras despesas diversas;Despesas diversas;Despesas diversas;Alta;ok;;26;"";57.7795;7969;25.259;1.8828;1.9577;13707;;;;;
1995-1996;Regiões metropolitanas;01101;Arroz integral;Cereais e leguminosas;Cereais;Alta;ok;;1;"";27.1798;5585;58.3831;0.4632;0.4878;16045;;;;;20.395
1995-1996;Regiões metropolitanas;01102;Milho seco;Cereais e leguminosas;Cereais;Alta;ok;;1;"";7.4218;1501;5.41;0.0429;0.0452;16045;;;;;1.8899
1995-1996;Regiões metropolitanas;01103;Outros;Cereais e leguminosas;Cereais;Alta;ok;;1;"";1.6201;241;1.4521;0.0115;0.0121;16045;;;;;0.5072
1995-1996;Regiões metropolitanas;01201;Feijão-fradinho;Cereais e leguminosas;Leguminosas;Alta;ok;;1;"";1.8354;775;2.095;0.0166;0.0175;16045;;;;;0.7318
1995-1996;Regiões metropolitanas;01202;Feijão-jalo;Cereais e leguminosas;Leguminosas;Baixa;ok;;1;2008, 2017;0.359;230;0.3765;0.003;0.0031;16045;;;;;0.1315
1995-1996;Regiões metropolitanas;01203;Feijão-manteiga;Cereais e leguminosas;Leguminosas;Alta;ok;;1;"";0.4785;75;0.476;0.0038;0.004;16045;;;;;0.1663
1995-1996;Regiões metropolitanas;01204;Feijão-mulatinho;Cereais e leguminosas;Leguminosas;Alta;ok;;1;"";2.1981;707;2.176;0.0173;0.0182;16045;;;;;0.7602
1995-1996;Regiões metropolitanas;01205;Feijão-preto;Cereais e leguminosas;Leguminosas;Alta;ok;;1;"";9.1004;1099;13.2177;0.1049;0.1104;16045;;;;;4.6173
1995-1996;Regiões metropolitanas;01206;Feijão-rajado;Cereais e leguminosas;Leguminosas;Alta;ok;;1;"";10.8138;2216;14.8664;0.1179;0.1242;16045;;;;;5.1933
1995-1996;Regiões metropolitanas;01207;Feijão-roxo;Cereais e leguminosas;Leguminosas;Alta;ok;;1;"";0.458;149;0.4897;0.0039;0.0041;16045;;;;;0.1711
1995-1996;Regiões metropolitanas;01208;Outros feijões;Cereais e leguminosas;Leguminosas;Alta;ok;;1;"";0.4914;117;0.6252;0.005;0.0052;16045;;;;;0.2184
1995-1996;Regiões metropolitanas;01209;Outras;Cereais e leguminosas;Leguminosas;Média;ok;;1;2002;0.5548;72;0.4323;0.0034;0.0036;16045;;;;;0.151
1995-1996;Regiões metropolitanas;02101;Agrião;Hortaliças;Hortaliças folhosas e florais;Alta;ok;;2;"";1.7643;203;0.7074;0.0058;0.0061;16045;;;;;0.2561
1995-1996;Regiões metropolitanas;02102;Alface;Hortaliças;Hortaliças folhosas e florais;Alta;ok;;2;"";16.0068;2172;5.7571;0.0473;0.0498;16045;;;;;2.0842
1995-1996;Regiões metropolitanas;02103;Cheiro-verde;Hortaliças;Hortaliças folhosas e florais;Alta;ok;;2;"";6.6303;1802;1.9437;0.016;0.0168;16045;;;;;0.7037
1995-1996;Regiões metropolitanas;02104;Couve;Hortaliças;Hortaliças folhosas e florais;Alta;ok;;2;"";6.4274;1154;3.4214;0.0281;0.0296;16045;;;;;1.2386
1995-1996;Regiões metropolitanas;02105;Couve-flor;Hortaliças;Hortaliças folhosas e florais;Alta;ok;;2;"";2.5494;331;1.0798;0.0089;0.0093;16045;;;;;0.3909
1995-1996;Regiões metropolitanas;02106;Repolho fresco;Hortaliças;Hortaliças folhosas e florais;Alta;ok;;2;"";6.0635;1259;1.9916;0.0164;0.0172;16045;;;;;0.721
1995-1996;Regiões metropolitanas;02107;Outras;Hortaliças;Hortaliças folhosas e florais;Alta;ok;;2;"";9.5952;1860;4.0005;0.0329;0.0346;16045;;;;;1.4482
1995-1996;Regiões metropolitanas;02201;Abóbora comum;Hortaliças;Hortaliças frutosas;Alta;ok;;2;"";6.4668;1351;2.7058;0.0222;0.0234;16045;;;;;0.9795
1995-1996;Regiões metropolitanas;02202;Abobrinha;Hortaliças;Hortaliças frutosas;Alta;ok;;2;"";2.6399;357;0.9831;0.0081;0.0085;16045;;;;;0.3559
1995-1996;Regiões metropolitanas;02203;Berinjela;Hortaliças;Hortaliças frutosas;Alta;ok;;2;"";1.7337;183;0.631;0.0052;0.0055;16045;;;;;0.2284
1995-1996;Regiões metropolitanas;02204;Cebola;Hortaliças;Hortaliças frutosas;Alta;ok;;2;"";24.9456;4752;6.6819;0.0549;0.0579;16045;;;;;2.4189
1995-1996;Regiões metropolitanas;02205;Chuchu;Hortaliças;Hortaliças frutosas;Alta;ok;;2;"";8.9223;1768;3.0982;0.0255;0.0268;16045;;;;;1.1216
1995-1996;Regiões metropolitanas;02206;Jiló;Hortaliças;Hortaliças frutosas;Alta;ok;;2;"";2.8172;412;0.9913;0.0081;0.0086;16045;;;;;0.3589
1995-1996;Regiões metropolitanas;02207;Pepino fresco;Hortaliças;Hortaliças frutosas;Alta;ok;;2;"";3.6486;675;1.303;0.0107;0.0113;16045;;;;;0.4717
1995-1996;Regiões metropolitanas;02208;Pimentão;Hortaliças;Hortaliças frutosas;Alta;ok;;2;"";11.8979;2369;3.1903;0.0262;0.0276;16045;;;;;1.1549
1995-1996;Regiões metropolitanas;02209;Quiabo;Hortaliças;Hortaliças frutosas;Alta;ok;;2;"";3.6228;743;1.5823;0.013;0.0137;16045;;;;;0.5728
1995-1996;Regiões metropolitanas;02210;Tomate;Hortaliças;Hortaliças frutosas;Alta;ok;;2;"";30.1072;5730;14.6339;0.1203;0.1267;16045;;;;;5.2977
1995-1996;Regiões metropolitanas;02211;Vagem;Hortaliças;Hortaliças frutosas;Alta;ok;;2;"";4.4712;682;1.8345;0.0151;0.0159;16045;;;;;0.6641
1995-1996;Regiões metropolitanas;02212;Outras;Hortaliças;Hortaliças frutosas;Alta;ok;;2;"";6.4983;1189;5.1957;0.0427;0.045;16045;;;;;1.8809
1995-1996;Regiões metropolitanas;02301;Alho;Hortaliças;Hortaliças tuberosas e outras;Alta;ok;;2;"";8.858;1534;5.321;0.0437;0.0461;16045;;;;;1.9263
1995-1996;Regiões metropolitanas;02302;Batata-doce;Hortaliças;Hortaliças tuberosas e outras;Alta;ok;;2;"";2.8067;546;1.295;0.0106;0.0112;16045;;;;;0.4688
1995-1996;Regiões metropolitanas;02303;Batata-inglesa;Hortaliças;Hortaliças tuberosas e outras;Alta;ok;;2;"";29.2159;5001;19.5127;0.1604;0.1689;16045;;;;;7.0639
1995-1996;Regiões metropolitanas;02304;Batata não especificada;Hortaliças;Hortaliças tuberosas e outras;Alta;ok;;2;"";1.8277;226;0.8728;0.0072;0.0076;16045;;;;;0.316
1995-1996;Regiões metropolitanas;02305;Beterraba;Hortaliças;Hortaliças tuberosas e outras;Alta;ok;;2;"";5.0007;965;1.7059;0.014;0.0148;16045;;;;;0.6175
1995-1996;Regiões metropolitanas;02306;Cenoura;Hortaliças;Hortaliças tuberosas e outras;Alta;ok;;2;"";16.9796;2961;6.1187;0.0503;0.053;16045;;;;;2.215
1995-1996;Regiões metropolitanas;02307;Inhame;Hortaliças;Hortaliças tuberosas e outras;Alta;ok;;2;"";1.8315;304;1.1782;0.0097;0.0102;16045;;;;;0.4265
1995-1996;Regiões metropolitanas;02308;Mandioca;Hortaliças;Hortaliças tuberosas e outras;Alta;ok;;2;"";3.8659;699;1.9554;0.0161;0.0169;16045;;;;;0.7079
1995-1996;Regiões metropolitanas;02309;Outras;Hortaliças;Hortaliças tuberosas e outras;Alta;ok;;2;"";0.6957;144;0.308;0.0025;0.0027;16045;;;;;0.1115
1995-1996;Regiões metropolitanas;03101;Abacate;Frutas;Frutas de clima tropical;Alta;ok;;3;"";1.7199;348;0.7937;0.0073;0.0077;16045;;;;;0.3212
1995-1996;Regiões metropolitanas;03102;Abacaxi;Frutas;Frutas de clima tropical;Alta;ok;;3;"";3.7339;763;2.74;0.0252;0.0265;16045;;;;;1.1089
1995-1996;Regiões metropolitanas;03103;Banana-d'água;Frutas;Frutas de clima tropical;Alta;ok;;3;"";10.2437;1194;5.6033;0.0515;0.0542;16045;;;;;2.2678
1995-1996;Regiões metropolitanas;03104;Banana-maçã;Frutas;Frutas de clima tropical;Alta;ok;;3;"";1.0221;239;0.7344;0.0067;0.0071;16045;;;;;0.2972
1995-1996;Regiões metropolitanas;03105;Banana-prata;Frutas;Frutas de clima tropical;Alta;ok;;3;"";14.837;3185;10.3658;0.0953;0.1003;16045;;;;;4.1953
1995-1996;Regiões metropolitanas;03106;Outras bananas;Frutas;Frutas de clima tropical;Alta;ok;;3;"";1.8643;463;1.2992;0.0119;0.0126;16045;;;;;0.5258
1995-1996;Regiões metropolitanas;03107;Laranja-baía;Frutas;Frutas de clima tropical;Baixa;ausente;;3;1987, 1995;;;;;;16045;;;;;
1995-1996;Regiões metropolitanas;03108;Laranja-lima;Frutas;Frutas de clima tropical;Alta;ok;;3;"";2.7481;273;1.493;0.0137;0.0145;16045;;;;;0.6043
1995-1996;Regiões metropolitanas;03109;Laranja-pêra;Frutas;Frutas de clima tropical;Alta;ok;;3;"";21.1537;3580;11.4514;0.1053;0.1108;16045;;;;;4.6346
1995-1996;Regiões metropolitanas;03110;Laranja-seleta;Frutas;Frutas de clima tropical;Alta;ok;;3;"";1.0328;103;0.7393;0.0068;0.0072;16045;;;;;0.2992
1995-1996;Regiões metropolitanas;03111;Limão comum;Frutas;Frutas de clima tropical;Alta;ok;;3;"";4.9389;963;2.2002;0.0202;0.0213;16045;;;;;0.8905
1995-1996;Regiões metropolitanas;03112;Mamão;Frutas;Frutas de clima tropical;Alta;ok;;3;"";10.8737;1763;7.3707;0.0677;0.0713;16045;;;;;2.9831
1995-1996;Regiões metropolitanas;03113;Manga;Frutas;Frutas de clima tropical;Alta;ok;;3;"";3.4914;535;3.1484;0.0289;0.0305;16045;;;;;1.2742
1995-1996;Regiões metropolitanas;03114;Maracujá;Frutas;Frutas de clima tropical;Alta;ok;;3;"";3.494;778;2.6071;0.024;0.0252;16045;;;;;1.0552
1995-1996;Regiões metropolitanas;03115;Melancia;Frutas;Frutas de clima tropical;Alta;ok;;3;"";3.5877;743;3.1959;0.0294;0.0309;16045;;;;;1.2935
1995-1996;Regiões metropolitanas;03116;Melão;Frutas;Frutas de clima tropical;Alta;ok;;3;"";3.0373;562;2.1964;0.0202;0.0213;16045;;;;;0.8889
1995-1996;Regiões metropolitanas;03117;Tangerina;Frutas;Frutas de clima tropical;Alta;ok;;3;"";4.5759;665;3.0397;0.0279;0.0294;16045;;;;;1.2302
1995-1996;Regiões metropolitanas;03118;Outras;Frutas;Frutas de clima tropical;Alta;ok;;3;"";2.653;662;1.7138;0.0158;0.0166;16045;;;;;0.6936
1995-1996;Regiões metropolitanas;03201;Caqui;Frutas;Frutas de clima temperado;Baixa;ok;;3;2002, 2008, 2017;0.832;88;0.6751;0.0062;0.0065;16045;;;;;0.2732
1995-1996;Regiões metropolitanas;03202;Maçã;Frutas;Frutas de clima temperado;Média;ok;;3;2002;15.8161;2579;12.458;0.1145;0.1206;16045;;;;;5.042
1995-1996;Regiões metropolitanas;03203;Pêra;Frutas;Frutas de clima temperado;Alta;ok;;3;"";5.9825;757;6.3629;0.0585;0.0616;16045;;;;;2.5752
1995-1996;Regiões metropolitanas;03204;Uva;Frutas;Frutas de clima temperado;Alta;ok;;3;"";5.4186;839;7.5118;0.069;0.0727;16045;;;;;3.0402
1995-1996;Regiões metropolitanas;03205;Outras;Frutas;Frutas de clima temperado;Alta;ok;;3;"";8.8337;1433;12.2999;0.113;0.1191;16045;;;;;4.9781
1995-1996;Regiões metropolitanas;04101;Coco-açaí em pasta;Cocos, castanhas e nozes;Cocos;Alta;ok;;4;"";0.3823;334;22.4172;0.0081;0.0085;16045;;;;;0.3562
1995-1996;Regiões metropolitanas;04103;Coco-da-baía;Cocos, castanhas e nozes;Cocos;Alta;ok;;4;"";1.4802;386;25.0124;0.009;0.0095;16045;;;;;0.3974
1995-1996;Regiões metropolitanas;04104;Outros;Cocos, castanhas e nozes;Cocos;Alta;ok;;4;"";1.7851;294;52.5704;0.019;0.02;16045;;;;;0.8352
1995-1996;Regiões metropolitanas;05101;Farinha de mandioca;Farinhas, féculas e massas;Farinhas;Alta;ok;;5;"";11.221;3240;12.3219;0.0591;0.0622;16045;;;;;2.6017
1995-1996;Regiões metropolitanas;05102;Farinha de rosca;Farinhas, féculas e massas;Farinhas;Alta;ok;;5;"";0.962;98;0.8972;0.0043;0.0045;16045;;;;;0.1894
1995-1996;Regiões metropolitanas;05103;Farinha de trigo;Farinhas, féculas e massas;Farinhas;Alta;ok;;5;"";8.8809;1605;11.4647;0.055;0.0579;16045;;;;;2.4207
1995-1996;Regiões metropolitanas;05104;Farinha vitaminada;Farinhas, féculas e massas;Farinhas;Alta;ok;;5;"";1.5531;327;5.4874;0.0263;0.0277;16045;;;;;1.1586
1995-1996;Regiões metropolitanas;05105;Outras;Farinhas, féculas e massas;Farinhas;Alta;ok;;5;"";0.5449;86;0.8219;0.0039;0.0042;16045;;;;;0.1735
1995-1996;Regiões metropolitanas;05201;Amido de milho;Farinhas, féculas e massas;Féculas;Alta;ok;;5;"";2.3805;506;2.1142;0.0101;0.0107;16045;;;;;0.4464
1995-1996;Regiões metropolitanas;05202;Fubá de milho;Farinhas, féculas e massas;Féculas;Alta;ok;;5;"";7.0168;1450;5.7606;0.0276;0.0291;16045;;;;;1.2163
1995-1996;Regiões metropolitanas;05203;Fécula de mandioca;Farinhas, féculas e massas;Féculas;Baixa;ok;;5;2008, 2017;1.3599;468;1.5021;0.0072;0.0076;16045;;;;;0.3172
1995-1996;Regiões metropolitanas;05204;Flocos de milho;Farinhas, féculas e massas;Féculas;Alta;ok;;5;"";1.5282;285;4.1107;0.0197;0.0208;16045;;;;;0.868
1995-1996;Regiões metropolitanas;05206;Flocos de cereal;Farinhas, féculas e massas;Féculas;Alta;ok;;5;"";4.4095;1032;9.3789;0.045;0.0474;16045;;;;;1.9803
1995-1996;Regiões metropolitanas;05301;Macarrão com ovos;Farinhas, féculas e massas;Massas;Alta;ok;;5;"";21.1555;4114;33.881;0.1625;0.1711;16045;;;;;7.1539
1995-1996;Regiões metropolitanas;05302;Massa de pastel;Farinhas, féculas e massas;Massas;Alta;ok;;5;"";1.2454;169;1.8424;0.0088;0.0093;16045;;;;;0.389
1995-1996;Regiões metropolitanas;05303;Massa de pizza;Farinhas, féculas e massas;Massas;Alta;ok;;5;"";3.2009;455;10.4168;0.0499;0.0526;16045;;;;;2.1995
1995-1996;Regiões metropolitanas;06101;Pão de forma industrializado;Panificados;Pães;Alta;ok;;6;"";11.2225;1367;5.7234;0.0969;0.102;16045;;;;;4.2664
1995-1996;Regiões metropolitanas;06102;Pão doce;Panificados;Pães;Alta;ok;;6;"";8.3897;1373;3.8671;0.0655;0.0689;16045;;;;;2.8826
1995-1996;Regiões metropolitanas;06103;Pão francês;Panificados;Pães;Alta;ok;;6;"";78.1299;12752;60.8213;1.0296;1.0844;16045;;;;;45.338
1995-1996;Regiões metropolitanas;06104;Pão caseiro;Panificados;Pães;Alta;ok;;6;"";6.3835;1265;3.7142;0.0629;0.0662;16045;;;;;2.7687
1995-1996;Regiões metropolitanas;06201;Bolo de trigo;Panificados;Bolos;Alta;ok;;6;"";0.6119;121;0.2986;0.0051;0.0053;16045;;;;;0.2226
1995-1996;Regiões metropolitanas;06301;Biscoito doce;Panificados;Biscoitos, roscas, etc.;Alta;ok;;6;"";23.276;4106;11.6873;0.1978;0.2084;16045;;;;;8.7121
1995-1996;Regiões metropolitanas;06302;Biscoito salgado;Panificados;Biscoitos, roscas, etc.;Alta;ok;;6;"";19.5138;3859;7.9537;0.1346;0.1418;16045;;;;;5.9289
1995-1996;Regiões metropolitanas;06303;Biscoito não especificado;Panificados;Biscoitos, roscas, etc.;Alta;ok;;6;"";9.4651;2033;5.9344;0.1005;0.1058;16045;;;;;4.4236
1995-1996;Regiões metropolitanas;07101;Alcatra;Carnes;Carnes bovinas de primeira;Alta;ok;;7;"";9.1245;1425;12.2152;0.2671;0.2813;16045;;;;;11.7613
1995-1996;Regiões metropolitanas;07102;Carne moída;Carnes;Carnes bovinas de primeira;Alta;ok;;7;"";3.7514;662;2.1775;0.0476;0.0501;16045;;;;;2.0966
1995-1996;Regiões metropolitanas;07103;Carne não especificada;Carnes;Carnes bovinas de primeira;Alta;ok;;7;"";5.8505;1124;7.3966;0.1617;0.1703;16045;;;;;7.1217
1995-1996;Regiões metropolitanas;07104;Chã-de-dentro;Carnes;Carnes bovinas de primeira;Alta;ok;;7;"";8.2318;1231;8.5155;0.1862;0.1961;16045;;;;;8.199
1995-1996;Regiões metropolitanas;07105;Contrafilé;Carnes;Carnes bovinas de primeira;Alta;ok;;7;"";5.0383;749;5.8889;0.1288;0.1356;16045;;;;;5.6701
1995-1996;Regiões metropolitanas;07106;Filé e filé mignon;Carnes;Carnes bovinas de primeira;Alta;ok;;7;"";1.2734;193;3.6191;0.0791;0.0833;16045;;;;;3.4846
1995-1996;Regiões metropolitanas;07107;Lagarto comum;Carnes;Carnes bovinas de primeira;Alta;ok;;7;"";2.0135;262;2.2003;0.0481;0.0507;16045;;;;;2.1185
1995-1996;Regiões metropolitanas;07108;Lagarto redondo;Carnes;Carnes bovinas de primeira;Média;ok;;7;2002;0.6288;210;0.6822;0.0149;0.0157;16045;;;;;0.6568
1995-1996;Regiões metropolitanas;07109;Patinho;Carnes;Carnes bovinas de primeira;Alta;ok;;7;"";5.1975;718;5.1873;0.1134;0.1195;16045;;;;;4.9946
1995-1996;Regiões metropolitanas;07201;Acém;Carnes;Carnes bovinas de segunda;Alta;ok;;7;"";8.6734;1230;7.4962;0.1639;0.1726;16045;;;;;7.2176
1995-1996;Regiões metropolitanas;07203;Carne moída;Carnes;Carnes bovinas de segunda;Média;ok;;7;2002;7.3227;1170;3.3052;0.0723;0.0761;16045;;;;;3.1824
1995-1996;Regiões metropolitanas;07204;Costela;Carnes;Carnes bovinas de segunda;Alta;ok;;7;"";4.2486;976;3.3125;0.0724;0.0763;16045;;;;;3.1894
1995-1996;Regiões metropolitanas;07205;Músculo;Carnes;Carnes bovinas de segunda;Alta;ok;;7;"";2.0786;315;1.348;0.0295;0.031;16045;;;;;1.2979
1995-1996;Regiões metropolitanas;07206;Pá;Carnes;Carnes bovinas de segunda;Alta;ok;;7;"";1.6112;357;1.2998;0.0284;0.0299;16045;;;;;1.2515
1995-1996;Regiões metropolitanas;07207;Peito;Carnes;Carnes bovinas de segunda;Alta;ok;;7;"";1.0787;325;0.666;0.0146;0.0153;16045;;;;;0.6413
1995-1996;Regiões metropolitanas;07208;Outros  Capa de filé;Carnes;Carnes bovinas de segunda;Alta;ok;;7;"";14.0911;3363;10.7943;0.236;0.2486;16045;;;;;10.3932
1995-1996;Regiões metropolitanas;07401;Carré;Carnes;Carnes suínas com osso e sem osso;Alta;ok;;7;"";1.716;162;1.3898;0.0304;0.032;16045;;;;;1.3382
1995-1996;Regiões metropolitanas;07402;Costela;Carnes;Carnes suínas com osso e sem osso;Alta;ok;;7;"";0.844;190;0.6408;0.014;0.0148;16045;;;;;0.617
1995-1996;Regiões metropolitanas;07403;Lombo;Carnes;Carnes suínas com osso e sem osso;Alta;ok;;7;"";1.1526;247;1.0605;0.0232;0.0244;16045;;;;;1.0211
1995-1996;Regiões metropolitanas;07404;Pernil;Carnes;Carnes suínas com osso e sem osso;Alta;ok;;7;"";0.842;171;1.0539;0.023;0.0243;16045;;;;;1.0147
1995-1996;Regiões metropolitanas;07405;Porco eviscerado;Carnes;Carnes suínas com osso e sem osso;Alta;ok;;7;"";0.008;3;0.0436;0.001;0.001;16045;;;;;0.042
1995-1996;Regiões metropolitanas;07501;Mortadela;Carnes;Carnes suínas outras;Alta;ok;;7;"";6.1571;946;1.6578;0.0362;0.0382;16045;;;;;1.5962
1995-1996;Regiões metropolitanas;07502;Presunto;Carnes;Carnes suínas outras;Alta;ok;;7;"";8.0394;1148;3.9782;0.087;0.0916;16045;;;;;3.8304
1995-1996;Regiões metropolitanas;07503;Salsicha;Carnes;Carnes suínas outras;Alta;ok;;7;"";8.967;1180;3.5263;0.0771;0.0812;16045;;;;;3.3952
1995-1996;Regiões metropolitanas;07504;Toucinho fresco;Carnes;Carnes suínas outras;Alta;ok;;7;"";2.9537;506;1.1259;0.0246;0.0259;16045;;;;;1.084
1995-1996;Regiões metropolitanas;07506;Outras;Carnes;Carnes suínas outras;Alta;ok;;7;"";3.7756;576;2.2506;0.0492;0.0518;16045;;;;;2.167
1995-1996;Regiões metropolitanas;07601;Linguiça;Carnes;Carnes de outros animais;Alta;ok;;7;"";10.5597;1506;6.7423;0.1474;0.1553;16045;;;;;6.4918
1995-1996;Regiões metropolitanas;07602;Outras;Carnes;Carnes de outros animais;Alta;ok;;7;"";0.2512;50;0.4257;0.0093;0.0098;16045;;;;;0.4099
1995-1996;Regiões metropolitanas;08101;Bovina Fígado;Vísceras;Vísceras;Alta;ok;;8;"";4.6948;896;50.6428;0.045;0.0474;16045;;;;;1.98
1995-1996;Regiões metropolitanas;08102;Bovina Outras;Vísceras;Vísceras;Alta;ok;;8;"";2.7628;624;36.6622;0.0326;0.0343;16045;;;;;1.4334
1995-1996;Regiões metropolitanas;08103;Vísceras suínas;Vísceras;Vísceras;Alta;ok;;8;"";0.7505;210;12.5013;0.0111;0.0117;16045;;;;;0.4888
1995-1996;Regiões metropolitanas;08104;Outras vísceras;Vísceras;Vísceras;Alta;ok;;8;"";0.008;3;0.1937;2e-04;2e-04;16045;;;;;0.0076
1995-1996;Regiões metropolitanas;09101;Bacalhau;Pescados;Peixes de água salgada (marinhos);Alta;ok;;9;"";0.8477;116;15.1058;0.0409;0.0431;16045;;;;;1.8017
1995-1996;Regiões metropolitanas;09102;Sardinha fresca;Pescados;Peixes de água salgada (marinhos);Alta;ok;;9;"";1.6806;156;4.4109;0.0119;0.0126;16045;;;;;0.5261
1995-1996;Regiões metropolitanas;09103;Sardinha em conserva;Pescados;Peixes de água salgada (marinhos);Alta;ok;;9;"";2.9932;617;6.0769;0.0165;0.0173;16045;;;;;0.7248
1995-1996;Regiões metropolitanas;09104;Atum e bonito;Pescados;Peixes de água salgada (marinhos);Alta;ok;;9;"";0.9512;116;4.1448;0.0112;0.0118;16045;;;;;0.4944
1995-1996;Regiões metropolitanas;09105;Pescada;Pescados;Peixes de água salgada (marinhos);Alta;ok;;9;"";1.9318;388;10.4801;0.0284;0.0299;16045;;;;;1.25
1995-1996;Regiões metropolitanas;09106;Corvina;Pescados;Peixes de água salgada (marinhos);Alta;ok;;9;"";1.1815;186;7.8194;0.0212;0.0223;16045;;;;;0.9326
1995-1996;Regiões metropolitanas;09107;Cação e tubarão;Pescados;Peixes de água salgada (marinhos);Alta;ok;;9;"";0.1212;12;1.0583;0.0029;0.003;16045;;;;;0.1262
1995-1996;Regiões metropolitanas;09108;Outros peixes marinhos - fresco/inteiro;Pescados;Peixes de água salgada (marinhos);Baixa;ok;;9;"";3.1169;603;22.4994;0.0609;0.0642;16045;;;;;2.6836
1995-1996;Regiões metropolitanas;09109;Outros peixes marinhos - em filé;Pescados;Peixes de água salgada (marinhos);Média;ok;;9;"";1.6459;309;9.1969;0.0249;0.0262;16045;;;;;1.0969
1995-1996;Regiões metropolitanas;09110;Outros peixes marinhos - em postas;Pescados;Peixes de água salgada (marinhos);Baixa;ok;;9;"";0.3015;100;2.5922;0.007;0.0074;16045;;;;;0.3092
1995-1996;Regiões metropolitanas;09111;Outros peixes marinhos - salgado/seco;Pescados;Peixes de água salgada (marinhos);Média;ausente;;9;1995;;;;;;16045;;;;;
1995-1996;Regiões metropolitanas;09112;Outros peixes marinhos - em conserva;Pescados;Peixes de água salgada (marinhos);Média;ok;;9;"";0.0067;2;0.0228;1e-04;1e-04;16045;;;;;0.0027
1995-1996;Regiões metropolitanas;09201;Tilápia;Pescados;Peixes de água doce;Alta;ok;;9;"";0.0185;8;0.0697;2e-04;2e-04;16045;;;;;0.0083
1995-1996;Regiões metropolitanas;09202;Outros peixes de água doce (nominados);Pescados;Peixes de água doce;Média;ok;;9;"";0.8528;452;5.9905;0.0162;0.0171;16045;;;;;0.7145
1995-1996;Regiões metropolitanas;09203;Peixes de água doce - fresco/inteiro;Pescados;Peixes de água doce;Média;ok;;9;"";0.1392;79;0.9295;0.0025;0.0027;16045;;;;;0.1109
1995-1996;Regiões metropolitanas;09204;Peixes de água doce - filé/postas;Pescados;Peixes de água doce;Média;ok;;9;"";0.0353;26;0.3088;8e-04;9e-04;16045;;;;;0.0368
1995-1996;Regiões metropolitanas;09205;Peixes de água doce - salgado/conserva;Pescados;Peixes de água doce;Média;ausente;;9;1995;;;;;;16045;;;;;
1995-1996;Regiões metropolitanas;09401;Camarão;Pescados;Crustáceos;Alta;ok;;9;"";0.685;236;6.9745;0.0189;0.0199;16045;;;;;0.8319
1995-1996;Regiões metropolitanas;09402;Camarão processado;Pescados;Crustáceos;Média;ausente;;9;1987, 1995;;;;;;16045;;;;;
1995-1996;Regiões metropolitanas;09403;Lagosta;Pescados;Crustáceos;Alta;ok;;9;"";0.005;2;0.0974;3e-04;3e-04;16045;;;;;0.0116
1995-1996;Regiões metropolitanas;09404;Caranguejo e siri;Pescados;Crustáceos;Alta;ok;;9;"";0.2323;122;1.68;0.0046;0.0048;16045;;;;;0.2004
1995-1996;Regiões metropolitanas;09501;Ostras, mariscos e mexilhões;Pescados;Moluscos;Alta;ok;;9;"";0.0645;18;0.3816;0.001;0.0011;16045;;;;;0.0455
1995-1996;Regiões metropolitanas;09502;Lula e polvo;Pescados;Moluscos;Alta;ok;;9;"";0.0255;2;0.1604;4e-04;5e-04;16045;;;;;0.0191
1995-1996;Regiões metropolitanas;09601;Rã;Pescados;Outros pescados e preparações;Alta;sem_registro;;9;"";0;0;0;0;0;16045;;;;;0
1995-1996;Regiões metropolitanas;10101;Asa de frango;Aves e ovos;Aves;Alta;ok;;10;"";1.3653;168;1.6068;0.0149;0.0157;16045;;;;;0.6546
1995-1996;Regiões metropolitanas;10102;Carne de frango não especificada;Aves e ovos;Aves;Alta;ok;;10;"";0.5885;58;0.9927;0.0092;0.0097;16045;;;;;0.4044
1995-1996;Regiões metropolitanas;10103;Coxa de frango;Aves e ovos;Aves;Alta;ok;;10;"";3.2871;377;6.2121;0.0575;0.0605;16045;;;;;2.5307
1995-1996;Regiões metropolitanas;10104;Frango abatido (inteiro);Aves e ovos;Aves;Alta;ok;;10;"";31.1678;6284;55.4488;0.513;0.5403;16045;;;;;22.589
1995-1996;Regiões metropolitanas;10105;Frango vivo;Aves e ovos;Aves;Alta;ok;;10;"";0.4651;135;1.0028;0.0093;0.0098;16045;;;;;0.4085
1995-1996;Regiões metropolitanas;10106;Peito de frango;Aves e ovos;Aves;Alta;ok;;10;"";4.3747;523;11.7281;0.1085;0.1143;16045;;;;;4.7778
1995-1996;Regiões metropolitanas;10107;Outras;Aves e ovos;Aves;Alta;ok;;10;"";2.1448;372;3.4905;0.0323;0.034;16045;;;;;1.422
1995-1996;Regiões metropolitanas;10201;Ovo de galinha;Aves e ovos;Ovos;Alta;ok;;10;"";26.9585;5034;19.0804;0.1765;0.1859;16045;;;;;7.7731
1995-1996;Regiões metropolitanas;10202;Outros;Aves e ovos;Ovos;Alta;ok;;10;"";0.437;56;0.4378;0.0041;0.0043;16045;;;;;0.1784
1995-1996;Regiões metropolitanas;11101;Creme de leite;Laticínios;Leite e creme de leite;Alta;ok;;11;"";3.6774;673;1.6212;0.0319;0.0336;16045;;;;;1.4046
1995-1996;Regiões metropolitanas;11102;Leite condensado;Laticínios;Leite e creme de leite;Alta;ok;;11;"";5.4637;943;2.5913;0.051;0.0537;16045;;;;;2.2451
1995-1996;Regiões metropolitanas;11103;Leite de vaca fresco;Laticínios;Leite e creme de leite;Alta;ok;;11;"";1.3161;416;1.004;0.0198;0.0208;16045;;;;;0.8699
1995-1996;Regiões metropolitanas;11104;Leite de vaca pasteurizado;Laticínios;Leite e creme de leite;Alta;ok;;11;"";57.3699;7871;47.3268;0.9312;0.9807;16045;;;;;41.0042
1995-1996;Regiões metropolitanas;11105;Leite em pó integral;Laticínios;Leite e creme de leite;Alta;ok;;11;"";12.0607;3122;13.2799;0.2613;0.2752;16045;;;;;11.5058
1995-1996;Regiões metropolitanas;11106;Outros;Laticínios;Leite e creme de leite;Alta;ok;;11;"";1.3501;267;1.5039;0.0296;0.0312;16045;;;;;1.303
1995-1996;Regiões metropolitanas;11201;Queijo minas;Laticínios;Queijos e requeijão;Alta;ok;;11;"";6.2051;1097;4.8961;0.0963;0.1015;16045;;;;;4.242
1995-1996;Regiões metropolitanas;11202;Queijo mozarela;Laticínios;Queijos e requeijão;Alta;ok;;11;"";6.1841;900;4.1439;0.0815;0.0859;16045;;;;;3.5903
1995-1996;Regiões metropolitanas;11203;Queijo prato;Laticínios;Queijos e requeijão;Alta;ok;;11;"";8.0854;1163;6.0547;0.1191;0.1255;16045;;;;;5.2458
1995-1996;Regiões metropolitanas;11204;Outros queijos;Laticínios;Queijos e requeijão;Alta;ok;;11;"";5.3968;850;2.9381;0.0578;0.0609;16045;;;;;2.5456
1995-1996;Regiões metropolitanas;11205;Requeijão;Laticínios;Queijos e requeijão;Alta;ok;;11;"";4.364;608;2.648;0.0521;0.0549;16045;;;;;2.2943
1995-1996;Regiões metropolitanas;11301;Iogurte;Laticínios;Outros laticínios;Alta;ok;;11;"";11.7688;2124;7.3898;0.1454;0.1531;16045;;;;;6.4025
1995-1996;Regiões metropolitanas;11302;Leite fermentado;Laticínios;Outros laticínios;Alta;ok;;11;"";1.9841;233;1.9375;0.0381;0.0401;16045;;;;;1.6787
1995-1996;Regiões metropolitanas;11303;Manteiga;Laticínios;Outros laticínios;Alta;ok;;11;"";6.0876;1043;2.6615;0.0524;0.0552;16045;;;;;2.3059
1995-1996;Regiões metropolitanas;11304;Outros;Laticínios;Outros laticínios;Alta;ok;;11;"";0.0204;4;0.0031;1e-04;1e-04;16045;;;;;0.0027
1995-1996;Regiões metropolitanas;12101;Açúcar cristal;Açúcares e produtos de confeitaria;Açúcares, doces e produtos de confeitaria;Alta;ok;;12;"";9.8814;3137;9.397;0.0826;0.087;16045;;;;;3.6383
1995-1996;Regiões metropolitanas;12102;Açúcar refinado;Açúcares e produtos de confeitaria;Açúcares, doces e produtos de confeitaria;Alta;ok;;12;"";19.3215;2626;20.041;0.1762;0.1856;16045;;;;;7.7595
1995-1996;Regiões metropolitanas;12103;Outros;Açúcares e produtos de confeitaria;Açúcares, doces e produtos de confeitaria;Alta;ok;;12;"";1.2257;202;1.5286;0.0134;0.0142;16045;;;;;0.5918
1995-1996;Regiões metropolitanas;12201;Doce a base de leite;Açúcares e produtos de confeitaria;Doces e derivados;Alta;ok;;12;"";3.6117;661;5.8942;0.0518;0.0546;16045;;;;;2.2821
1995-1996;Regiões metropolitanas;12202;Doce de fruta;Açúcares e produtos de confeitaria;Doces e derivados;Alta;ok;;12;"";5.5782;1060;6.5262;0.0574;0.0604;16045;;;;;2.5268
1995-1996;Regiões metropolitanas;12203;Sorvete;Açúcares e produtos de confeitaria;Doces e derivados;Alta;ok;;12;"";2.9679;483;7.0935;0.0624;0.0657;16045;;;;;2.7465
1995-1996;Regiões metropolitanas;12204;Outros;Açúcares e produtos de confeitaria;Doces e derivados;Alta;ok;;12;"";29.5174;5684;39.6626;0.3487;0.3673;16045;;;;;15.3567
1995-1996;Regiões metropolitanas;12301;Chocolate em pó;Açúcares e produtos de confeitaria;Outros açucares e produtos de confeitaria;Alta;ok;;12;"";6.5908;1176;6.4584;0.0568;0.0598;16045;;;;;2.5006
1995-1996;Regiões metropolitanas;12302;Outros;Açúcares e produtos de confeitaria;Outros açucares e produtos de confeitaria;Alta;ok;;12;"";3.83;621;3.3986;0.0299;0.0315;16045;;;;;1.3159
1995-1996;Regiões metropolitanas;13101;Sal grosso;Sais e condimentos;Sais;Alta;ok;;13;"";0.2491;45;0.2044;5e-04;6e-04;16045;;;;;0.0231
1995-1996;Regiões metropolitanas;13102;Sal refinado;Sais e condimentos;Sais;Alta;ok;;13;"";11.0751;2163;7.62;0.0196;0.0206;16045;;;;;0.8609
1995-1996;Regiões metropolitanas;13103;Outros;Sais e condimentos;Sais;Alta;ok;;13;"";0.0176;6;0.0105;0;0;16045;;;;;0.0012
1995-1996;Regiões metropolitanas;13201;Caldo de carne em tablete;Sais e condimentos;Condimentos;Alta;ok;;13;"";1.5367;255;2.0654;0.0053;0.0056;16045;;;;;0.2333
1995-1996;Regiões metropolitanas;13202;Caldo de galinha em tablete;Sais e condimentos;Condimentos;Alta;ok;;13;"";2.6436;501;4.9462;0.0127;0.0134;16045;;;;;0.5588
1995-1996;Regiões metropolitanas;13203;Fermento;Sais e condimentos;Condimentos;Alta;ok;;13;"";2.9921;512;5.0904;0.0131;0.0138;16045;;;;;0.5751
1995-1996;Regiões metropolitanas;13204;Maionese;Sais e condimentos;Condimentos;Alta;ok;;13;"";5.9322;1075;14.1933;0.0364;0.0384;16045;;;;;1.6035
1995-1996;Regiões metropolitanas;13205;Massa de tomate;Sais e condimentos;Condimentos;Alta;ok;;13;"";10.8825;1708;23.5696;0.0605;0.0637;16045;;;;;2.6628
1995-1996;Regiões metropolitanas;13206;Molho de tomate;Sais e condimentos;Condimentos;Alta;ok;;13;"";4.94;655;15.0484;0.0386;0.0407;16045;;;;;1.7001
1995-1996;Regiões metropolitanas;13207;Tempero misto;Sais e condimentos;Condimentos;Alta;ok;;13;"";1.9966;392;4.3369;0.0111;0.0117;16045;;;;;0.49
1995-1996;Regiões metropolitanas;13208;Vinagre de álcool;Sais e condimentos;Condimentos;Alta;ok;;13;"";2.309;711;2.3905;0.0061;0.0065;16045;;;;;0.2701
1995-1996;Regiões metropolitanas;13209;Vinagre de vinho;Sais e condimentos;Condimentos;Alta;ok;;13;"";3.4222;456;4.206;0.0108;0.0114;16045;;;;;0.4752
1995-1996;Regiões metropolitanas;13210;Outros;Sais e condimentos;Condimentos;Alta;ok;;13;"";9.1661;2097;16.3185;0.0419;0.0441;16045;;;;;1.8436
1995-1996;Regiões metropolitanas;14101;Azeite de oliva;Óleos e gorduras;Óleos;Alta;ok;;14;"";2.3522;317;12.5425;0.0435;0.0458;16045;;;;;1.9168
1995-1996;Regiões metropolitanas;14102;Óleo de milho;Óleos e gorduras;Óleos;Alta;ok;;14;"";0.8571;163;2.9548;0.0103;0.0108;16045;;;;;0.4516
1995-1996;Regiões metropolitanas;14103;Óleo de soja;Óleos e gorduras;Óleos;Alta;ok;;14;"";20.2188;3811;47.8689;0.1661;0.175;16045;;;;;7.3155
1995-1996;Regiões metropolitanas;14104;Óleo não especificado;Óleos e gorduras;Óleos;Alta;ok;;14;"";1.175;270;3.7548;0.013;0.0137;16045;;;;;0.5738
1995-1996;Regiões metropolitanas;14201;Margarina vegetal;Óleos e gorduras;Gorduras;Alta;ok;;14;"";18.0099;3947;31.9487;0.1109;0.1168;16045;;;;;4.8825
1995-1996;Regiões metropolitanas;14202;Outras;Óleos e gorduras;Gorduras;Alta;ok;;14;"";0.4831;63;0.9303;0.0032;0.0034;16045;;;;;0.1422
1995-1996;Regiões metropolitanas;15101;Outras aguardentes;Bebidas e infusões;Bebidas alcoólicas;Alta;ok;;15;"";3.7592;779;2.607;0.0656;0.069;16045;;;;;2.887
1995-1996;Regiões metropolitanas;15102;Cerveja;Bebidas e infusões;Bebidas alcoólicas;Alta;ok;;15;"";21.022;3660;33.4428;0.8411;0.8858;16045;;;;;37.0354
1995-1996;Regiões metropolitanas;15103;Vinho;Bebidas e infusões;Bebidas alcoólicas;Média;ausente;;15;1995;;;;;;16045;;;;;
1995-1996;Regiões metropolitanas;15104;Outras;Bebidas e infusões;Bebidas alcoólicas;Alta;ok;;15;"";6.0174;1005;6.7212;0.169;0.178;16045;;;;;7.4433
1995-1996;Regiões metropolitanas;15201;Água mineral;Bebidas e infusões;Bebidas não alcoólicas;Alta;ok;;15;"";29.7188;5400;13.1297;0.3302;0.3478;16045;;;;;14.5402
1995-1996;Regiões metropolitanas;15202;Refrigerante de cola;Bebidas e infusões;Bebidas não alcoólicas;Alta;ok;;15;"";23.4132;3864;13.059;0.3284;0.3459;16045;;;;;14.4619
1995-1996;Regiões metropolitanas;15203;Refrigerante de guaraná;Bebidas e infusões;Bebidas não alcoólicas;Alta;ok;;15;"";10.852;1732;4.4469;0.1118;0.1178;16045;;;;;4.9246
1995-1996;Regiões metropolitanas;15204;Refrigerante de laranja;Bebidas e infusões;Bebidas não alcoólicas;Alta;ok;;15;"";2.7139;416;1.0849;0.0273;0.0287;16045;;;;;1.2014
1995-1996;Regiões metropolitanas;15205;Refrigerante de limão;Bebidas e infusões;Bebidas não alcoólicas;Alta;ok;;15;"";1.165;133;0.339;0.0085;0.009;16045;;;;;0.3755
1995-1996;Regiões metropolitanas;15206;Outros refrigerantes;Bebidas e infusões;Bebidas não alcoólicas;Alta;ok;;15;"";5.4643;952;2.3485;0.0591;0.0622;16045;;;;;2.6008
1995-1996;Regiões metropolitanas;15207;Suco de fruta em pó;Bebidas e infusões;Bebidas não alcoólicas;Alta;ok;;15;"";6.0597;1141;1.2145;0.0305;0.0322;16045;;;;;1.345
1995-1996;Regiões metropolitanas;15208;Suco de fruta envasado;Bebidas e infusões;Bebidas não alcoólicas;Alta;ok;;15;"";11.0912;2407;5.3286;0.134;0.1411;16045;;;;;5.901
1995-1996;Regiões metropolitanas;15209;Outras;Bebidas e infusões;Bebidas não alcoólicas;Alta;ok;;15;"";0.4154;99;0.1471;0.0037;0.0039;16045;;;;;0.1629
1995-1996;Regiões metropolitanas;15301;Café moído;Bebidas e infusões;Cafés;Alta;ok;;15;"";25.4291;4850;11.8154;0.2971;0.3129;16045;;;;;13.0847
1995-1996;Regiões metropolitanas;15302;Café solúvel;Bebidas e infusões;Cafés;Alta;ok;;15;"";2.3269;519;1.1109;0.0279;0.0294;16045;;;;;1.2302
1995-1996;Regiões metropolitanas;15303;Outros;Bebidas e infusões;Cafés;Alta;ok;;15;"";7.6662;983;2.3856;0.06;0.0632;16045;;;;;2.6419
1995-1996;Regiões metropolitanas;15401;Chá-mate;Bebidas e infusões;Chás;Alta;ok;;15;"";2.412;377;0.6018;0.0151;0.0159;16045;;;;;0.6665
1995-1996;Regiões metropolitanas;15402;Outros;Bebidas e infusões;Chás;Alta;ok;;15;"";0.7783;144;0.217;0.0055;0.0057;16045;;;;;0.2403
1995-1996;Regiões metropolitanas;16101;Frango assado ou defumado;Outros produtos;Outros produtos;Baixa;ok;;16;2002, 2008, 2017;3.514;553;1.7759;0.0709;0.0746;16045;;;;;3.1212
1995-1996;Regiões metropolitanas;16102;Massa;Outros produtos;Outros produtos;Média;ok;;16;2017;2.5774;234;2.674;0.1067;0.1124;16045;;;;;4.6996
1995-1996;Regiões metropolitanas;16103;Outros produtos;Outros produtos;Outros produtos;Alta;ok;;16;"";4.8157;679;2.3645;0.0944;0.0994;16045;;;;;4.1556
1995-1996;Regiões metropolitanas;16104;Refeição;Outros produtos;Outros produtos;Alta;ok;;16;"";33.2562;5340;73.1503;2.9195;3.0748;16045;;;;;128.5598
1995-1996;Regiões metropolitanas;16105;Salgadinho;Outros produtos;Outros produtos;Alta;ok;;16;"";33.7998;5781;19.7572;0.7885;0.8305;16045;;;;;34.7228
1995-1996;Regiões metropolitanas;16106;Mistura para bolo;Outros produtos;Outros produtos;Alta;ok;;16;"";1.0903;150;0.278;0.0111;0.0117;16045;;;;;0.4885
1995-1996;Regiões metropolitanas;17101;Aluguel;Serviços e taxas de habitação;Habitação e utilidades;Alta;ok;;17;"";18.274;2676;34.4286;5.049;;16045;;;;;222.3294
1995-1996;Regiões metropolitanas;17102;Energia elétrica;Serviços e taxas de habitação;Habitação e utilidades;Alta;ok;;17;"";91.1757;14394;16.6937;2.4481;2.5783;16045;;;;;107.8026
1995-1996;Regiões metropolitanas;17103;Gás doméstico;Serviços e taxas de habitação;Habitação e utilidades;Alta;ok;;17;"";94.9044;15270;3.5695;0.5235;0.5513;16045;;;;;23.0508
1995-1996;Regiões metropolitanas;17104;Água e esgoto;Serviços e taxas de habitação;Habitação e utilidades;Alta;ok;;17;"";64.7279;10550;7.4626;1.0944;1.1526;16045;;;;;48.1913
1995-1996;Regiões metropolitanas;17201;Telefone fixo;Serviços e taxas de habitação;Telefonia e comunicações;Alta;ok;;17;"";30.951;4961;11.5481;1.6935;1.7836;16045;;;;;74.574
1995-1996;Regiões metropolitanas;17202;Telefone celular (plano/serviço);Serviços e taxas de habitação;Telefonia e comunicações;Média (ausência histórica esperada);ok;;17;1987;2.3744;486;1.8372;0.2694;0.2838;16045;;;;;11.8643
1995-1996;Regiões metropolitanas;17301;Outros serviços e taxas de habitação;Serviços e taxas de habitação;Outros serviços de habitação;Alta;ok;;17;"";45.5116;6681;24.4602;3.5871;3.7778;16045;;;;;157.9563
1995-1996;Regiões metropolitanas;18101;Manutenção do lar;Habitação;Manutenção e limpeza;Alta;ok;;18;"";43.9786;7443;53.5844;8.0875;8.5175;16045;;;;;356.1271
1995-1996;Regiões metropolitanas;18102;Artigos de limpeza doméstica;Habitação;Manutenção e limpeza;Alta;ok;;18;"";34.6945;6568;4.1092;0.6202;0.6532;16045;;;;;27.3105
1995-1996;Regiões metropolitanas;18103;Consertos de artigos do lar;Habitação;Manutenção e limpeza;Alta;ok;;18;"";11.2641;2035;1.8058;0.2726;0.287;16045;;;;;12.0016
1995-1996;Regiões metropolitanas;18201;Mobiliários e artigos do lar;Habitação;Mobiliário e eletrodomésticos;Alta;ok;;18;"";57.31;10238;14.5877;2.2017;2.3188;16045;;;;;96.9513
1995-1996;Regiões metropolitanas;18202;Eletrodomésticos;Habitação;Mobiliário e eletrodomésticos;Alta;ok;;18;"";54.0064;8761;25.9128;3.911;4.119;16045;;;;;172.2192
1995-1996;Regiões metropolitanas;19101;Roupa de homem;Vestuário;Roupas;Alta;ok;;19;"";51.8006;8910;22.8649;1.2451;1.3113;16045;;;;;54.8255
1995-1996;Regiões metropolitanas;19102;Roupa de mulher;Vestuário;Roupas;Alta;ok;;19;"";56.1663;9447;27.7022;1.5085;1.5887;16045;;;;;66.4243
1995-1996;Regiões metropolitanas;19103;Roupa de criança;Vestuário;Roupas;Alta;ok;;19;"";42.6926;7349;13.331;0.7259;0.7645;16045;;;;;31.9651
1995-1996;Regiões metropolitanas;19104;Tecidos e armarinhos;Vestuário;Roupas;Alta;ok;;19;"";16.7328;3905;3.3347;0.1816;0.1912;16045;;;;;7.9959
1995-1996;Regiões metropolitanas;19201;Calçados e apetrechos;Vestuário;Calçados e acessórios;Alta;ok;;19;"";62.0617;10639;27.0399;1.4724;1.5507;16045;;;;;64.8363
1995-1996;Regiões metropolitanas;19202;Joias e bijuterias;Vestuário;Calçados e acessórios;Alta;ok;;19;"";25.0063;4808;5.7273;0.3119;0.3285;16045;;;;;13.7329
1995-1996;Regiões metropolitanas;20101;Transporte urbano e coletivo;Transporte;Transporte coletivo;Alta;ok;;20;"";67.9527;10985;16.2236;3.6075;3.7993;16045;;;;;158.8538
1995-1996;Regiões metropolitanas;20201;Gasolina para veículo próprio;Transporte;Veículo próprio;Alta;ok;;20;"";20.6965;3023;9.0212;2.006;2.1126;16045;;;;;88.3314
1995-1996;Regiões metropolitanas;20202;Álcool para veículo próprio;Transporte;Veículo próprio;Alta;ok;;20;"";6.0762;844;2.9277;0.651;0.6856;16045;;;;;28.6663
1995-1996;Regiões metropolitanas;20203;Manutenção de veículo próprio;Transporte;Veículo próprio;Alta;ok;;20;"";31.3565;4797;15.1508;3.3689;3.5481;16045;;;;;148.3495
1995-1996;Regiões metropolitanas;20301;Aquisição de veículos;Transporte;Aquisição e outros;Alta;ok;;20;"";15.0388;2503;45.0059;10.0075;10.5397;16045;;;;;440.6756
1995-1996;Regiões metropolitanas;20302;Viagens esporádicas;Transporte;Aquisição e outros;Alta;ok;;20;"";26.9408;4923;10.0891;2.2434;2.3627;16045;;;;;98.7878
1995-1996;Regiões metropolitanas;20303;Outros transportes;Transporte;Aquisição e outros;Alta;ok;;20;"";5.9038;811;1.5817;0.3517;0.3704;16045;;;;;15.487
1995-1996;Regiões metropolitanas;21101;Perfume e colônia;Higiene e cuidados pessoais;Higiene e cuidados pessoais;Alta;ok;;21;"";24.3541;5070;29.5631;0.4634;0.4881;16045;;;;;20.4067
1995-1996;Regiões metropolitanas;21102;Produtos para cabelo;Higiene e cuidados pessoais;Higiene e cuidados pessoais;Alta;ok;;21;"";7.2407;1307;8.3999;0.1317;0.1387;16045;;;;;5.7982
1995-1996;Regiões metropolitanas;21103;Sabonete e produtos de banho;Higiene e cuidados pessoais;Higiene e cuidados pessoais;Alta;ok;;21;"";17.1532;3185;7.7666;0.1217;0.1282;16045;;;;;5.3611
1995-1996;Regiões metropolitanas;21104;Outros produtos de higiene pessoal;Higiene e cuidados pessoais;Higiene e cuidados pessoais;Alta;ok;;21;"";48.5858;8741;54.2704;0.8507;0.896;16045;;;;;37.4616
1995-1996;Regiões metropolitanas;22101;Remédios e produtos farmacêuticos;Assistência à saúde;Medicamentos e materiais;Alta;ok;;22;"";70.4257;11923;30.339;2.2873;2.4089;16045;;;;;100.718
1995-1996;Regiões metropolitanas;22102;Material de tratamento médico;Assistência à saúde;Medicamentos e materiais;Alta;ok;;22;"";10.084;1924;3.2133;0.2423;0.2551;16045;;;;;10.6674
1995-1996;Regiões metropolitanas;22201;Consulta e tratamento dentário;Assistência à saúde;Serviços médicos;Alta;ok;;22;"";15.7676;2333;16.7345;1.2616;1.3287;16045;;;;;55.5544
1995-1996;Regiões metropolitanas;22202;Consulta médica;Assistência à saúde;Serviços médicos;Alta;ok;;22;"";10.1806;1710;4.0212;0.3032;0.3193;16045;;;;;13.3495
1995-1996;Regiões metropolitanas;22203;Tratamento ambulatorial;Assistência à saúde;Serviços médicos;Alta;ok;;22;"";1.2026;178;1.9526;0.1472;0.155;16045;;;;;6.4822
1995-1996;Regiões metropolitanas;22204;Serviços de cirurgia;Assistência à saúde;Serviços médicos;Média;ok;;22;2017;0.7116;128;1.6076;0.1212;0.1276;16045;;;;;5.3369
1995-1996;Regiões metropolitanas;22205;Hospitalização;Assistência à saúde;Serviços médicos;Alta;ok;;22;"";0.7948;162;2.4068;0.1814;0.1911;16045;;;;;7.9899
1995-1996;Regiões metropolitanas;22206;Exames médicos;Assistência à saúde;Serviços médicos;Alta;ok;;22;"";5.1229;1023;1.6482;0.1243;0.1309;16045;;;;;5.4716
1995-1996;Regiões metropolitanas;22301;Plano e seguro de saúde;Assistência à saúde;Plano e outros;Alta;ok;;22;"";24.9483;3897;29.0242;2.1881;2.3045;16045;;;;;96.3534
1995-1996;Regiões metropolitanas;22302;Outros serviços de saúde;Assistência à saúde;Plano e outros;Alta;ok;;22;"";14.0357;1958;9.0526;0.6825;0.7188;16045;;;;;30.0525
1995-1996;Regiões metropolitanas;23101;Cursos regulares (ensino fundamental/médio);Educação;Cursos;Média;ok;;23;1987;14.2689;2743;38.2913;1.4734;1.5518;16045;;;;;64.8808
1995-1996;Regiões metropolitanas;23102;Curso superior;Educação;Cursos;Alta;ok;;23;"";4.112;590;19.5881;0.7537;0.7938;16045;;;;;33.1902
1995-1996;Regiões metropolitanas;23103;Outros cursos e formação;Educação;Cursos;Média;ok;;23;1987;19.8107;3500;28.2;1.0851;1.1428;16045;;;;;47.7821
1995-1996;Regiões metropolitanas;23201;Livros e revistas técnicas;Educação;Material e outros;Média;ok;;23;2017;8.4309;1613;3.9236;0.151;0.159;16045;;;;;6.6481
1995-1996;Regiões metropolitanas;23202;Artigos escolares;Educação;Material e outros;Alta;ok;;23;"";33.137;6245;7.8089;0.3005;0.3165;16045;;;;;13.2313
1995-1996;Regiões metropolitanas;23203;Outros gastos com educação;Educação;Material e outros;Alta;ok;;23;"";5.0385;787;2.1881;0.0842;0.0887;16045;;;;;3.7075
1995-1996;Regiões metropolitanas;24101;Brinquedos e jogos;Recreação e cultura;Diversões e esportes;Alta;ok;;24;"";32.0977;5515;14.9078;0.4516;0.4756;16045;;;;;19.8862
1995-1996;Regiões metropolitanas;24102;Diversões e esportes;Recreação e cultura;Diversões e esportes;Alta;ok;;24;"";42.6152;6907;54.8153;1.6605;1.7488;16045;;;;;73.121
1995-1996;Regiões metropolitanas;24201;Telefone celular e acessórios (aquisição);Recreação e cultura;Dispositivos e mídia;Média (ausência histórica esperada);ok;;24;1987, 2017;0.1365;40;0.272;0.0082;0.0087;16045;;;;;0.3629
1995-1996;Regiões metropolitanas;24202;Periódicos, livros e revistas não técnicas;Recreação e cultura;Dispositivos e mídia;Alta;ok;;24;"";30.6242;4147;26.6179;0.8063;0.8492;16045;;;;;35.507
1995-1996;Regiões metropolitanas;24301;Outras recreações e cultura;Recreação e cultura;Outras recreações;Alta;ok;;24;"";2.9893;433;3.387;0.1026;0.1081;16045;;;;;4.5181
1995-1996;Regiões metropolitanas;25101;Fumo;Serviços pessoais;Serviços pessoais;Alta;ok;;25;"";35.3268;5341;46.2431;1.1565;1.218;16045;;;;;50.9248
1995-1996;Regiões metropolitanas;25102;Cabeleireiro;Serviços pessoais;Serviços pessoais;Alta;ok;;25;"";73.6058;11888;32.2464;0.8064;0.8493;16045;;;;;35.511
1995-1996;Regiões metropolitanas;25103;Manicure e pedicure;Serviços pessoais;Serviços pessoais;Alta;ok;;25;"";18.8884;3357;11.2554;0.2815;0.2964;16045;;;;;12.3949
1995-1996;Regiões metropolitanas;25104;Consertos de artigos pessoais;Serviços pessoais;Serviços pessoais;Alta;ok;;25;"";6.4732;1341;1.162;0.0291;0.0306;16045;;;;;1.2796
1995-1996;Regiões metropolitanas;25105;Outros serviços pessoais;Serviços pessoais;Serviços pessoais;Alta;ok;;25;"";14.0058;2864;9.0931;0.2274;0.2395;16045;;;;;10.0137
1995-1996;Regiões metropolitanas;26101;Jogos e apostas;Despesas diversas;Despesas diversas;Alta;ok;;26;"";13.2686;1898;7.7094;0.4553;0.4795;16045;;;;;20.0471
1995-1996;Regiões metropolitanas;26102;Comunicação (outros);Despesas diversas;Despesas diversas;Média;ausente;;26;1995;;;;;;16045;;;;;
1995-1996;Regiões metropolitanas;26103;Cerimônias e festas;Despesas diversas;Despesas diversas;Alta;ok;;26;"";14.6404;2687;10.5773;0.6246;0.6578;16045;;;;;27.5049
1995-1996;Regiões metropolitanas;26104;Serviços profissionais e cartório;Despesas diversas;Despesas diversas;Média;ok;;26;2017;11.5111;1784;13.5312;0.7991;0.8415;16045;;;;;35.186
1995-1996;Regiões metropolitanas;26105;Imóveis de uso ocasional;Despesas diversas;Despesas diversas;Alta;ok;;26;"";7.9811;1325;40.387;2.385;2.5118;16045;;;;;105.0207
1995-1996;Regiões metropolitanas;26106;Outras despesas diversas;Despesas diversas;Despesas diversas;Alta;ok;;26;"";35.318;5739;27.7951;1.6414;1.7287;16045;;;;;72.2774
2002-2003;Regiões metropolitanas;01101;Arroz integral;Cereais e leguminosas;Cereais;Alta;ok;;1;"";29.6913;2326;58.5736;0.5221;0.6361;6594;28.2249;31.1577;0.4785;0.5657;24.3813
2002-2003;Regiões metropolitanas;01102;Milho seco;Cereais e leguminosas;Cereais;Alta;ok;;1;"";8.0439;580;4.6199;0.0412;0.0502;6594;7.1352;8.9526;0.0331;0.0492;1.923
2002-2003;Regiões metropolitanas;01103;Outros;Cereais e leguminosas;Cereais;Alta;ok;;1;"";4.5631;297;2.9783;0.0265;0.0323;6594;3.8928;5.2333;0.0192;0.0339;1.2397
2002-2003;Regiões metropolitanas;01201;Feijão-fradinho;Cereais e leguminosas;Leguminosas;Alta;ok;;1;"";2.3347;295;2.5092;0.0224;0.0273;6594;2.0199;2.6495;0.0181;0.0266;1.0444
2002-2003;Regiões metropolitanas;01202;Feijão-jalo;Cereais e leguminosas;Leguminosas;Baixa;ok;;1;2008, 2017;0.1528;23;0.1397;0.0012;0.0015;6594;0.0854;0.2201;5e-04;0.002;0.0582
2002-2003;Regiões metropolitanas;01203;Feijão-manteiga;Cereais e leguminosas;Leguminosas;Alta;ok;;1;"";0.3561;33;0.3036;0.0027;0.0033;6594;0.2169;0.4954;0.0015;0.0039;0.1264
2002-2003;Regiões metropolitanas;01204;Feijão-mulatinho;Cereais e leguminosas;Leguminosas;Alta;ok;;1;"";2.0778;206;1.9448;0.0173;0.0211;6594;1.737;2.4186;0.0139;0.0208;0.8095
2002-2003;Regiões metropolitanas;01205;Feijão-preto;Cereais e leguminosas;Leguminosas;Alta;ok;;1;"";10.067;665;11.0004;0.0981;0.1195;6594;9.1258;11.0081;0.0866;0.1095;4.5789
2002-2003;Regiões metropolitanas;01206;Feijão-rajado;Cereais e leguminosas;Leguminosas;Alta;ok;;1;"";9.2537;771;13.3195;0.1187;0.1447;6594;8.4096;10.0978;0.0993;0.1382;5.5443
2002-2003;Regiões metropolitanas;01207;Feijão-roxo;Cereais e leguminosas;Leguminosas;Alta;ok;;1;"";0.1615;18;0.2405;0.0021;0.0026;6594;0.062;0.261;3e-04;0.004;0.1001
2002-2003;Regiões metropolitanas;01208;Outros feijões;Cereais e leguminosas;Leguminosas;Alta;ok;;1;"";3.7406;143;4.3704;0.039;0.0475;6594;2.8839;4.5973;0.0268;0.0511;1.8192
2002-2003;Regiões metropolitanas;01209;Outras;Cereais e leguminosas;Leguminosas;Média;ausente;;1;2002;;;;;;6594;;;;;
2002-2003;Regiões metropolitanas;02101;Agrião;Hortaliças;Hortaliças folhosas e florais;Alta;ok;;2;"";2.272;103;0.8305;0.0054;0.0066;6594;1.7483;2.7958;0.0039;0.0069;0.2536
2002-2003;Regiões metropolitanas;02102;Alface;Hortaliças;Hortaliças folhosas e florais;Alta;ok;;2;"";19.1542;1204;7.3806;0.0483;0.0588;6594;17.6633;20.6451;0.0428;0.0538;2.254
2002-2003;Regiões metropolitanas;02103;Cheiro-verde;Hortaliças;Hortaliças folhosas e florais;Alta;ok;;2;"";9.1095;811;2.2411;0.0147;0.0179;6594;8.2528;9.9663;0.0128;0.0165;0.6844
2002-2003;Regiões metropolitanas;02104;Couve;Hortaliças;Hortaliças folhosas e florais;Alta;ok;;2;"";7.9189;492;3.2493;0.0213;0.0259;6594;7.1008;8.737;0.0183;0.0242;0.9923
2002-2003;Regiões metropolitanas;02105;Couve-flor;Hortaliças;Hortaliças folhosas e florais;Alta;ok;;2;"";2.1361;130;1.2096;0.0079;0.0096;6594;1.6325;2.6397;0.0056;0.0102;0.3694
2002-2003;Regiões metropolitanas;02106;Repolho fresco;Hortaliças;Hortaliças folhosas e florais;Alta;ok;;2;"";6.2512;466;1.7621;0.0115;0.014;6594;5.5107;6.9918;0.0099;0.0131;0.5381
2002-2003;Regiões metropolitanas;02107;Outras;Hortaliças;Hortaliças folhosas e florais;Alta;ok;;2;"";9.0263;627;2.8809;0.0188;0.023;6594;8.0846;9.968;0.0163;0.0214;0.8798
2002-2003;Regiões metropolitanas;02201;Abóbora comum;Hortaliças;Hortaliças frutosas;Alta;ok;;2;"";6.6331;442;2.6298;0.0172;0.021;6594;5.8291;7.4372;0.0149;0.0195;0.8031
2002-2003;Regiões metropolitanas;02202;Abobrinha;Hortaliças;Hortaliças frutosas;Alta;ok;;2;"";3.0255;142;0.9077;0.0059;0.0072;6594;2.3807;3.6704;0.0045;0.0073;0.2772
2002-2003;Regiões metropolitanas;02203;Berinjela;Hortaliças;Hortaliças frutosas;Alta;ok;;2;"";2.5604;121;1.0502;0.0069;0.0084;6594;2.0232;3.0975;0.0051;0.0087;0.3207
2002-2003;Regiões metropolitanas;02204;Cebola;Hortaliças;Hortaliças frutosas;Alta;ok;;2;"";24.8416;1740;8.2979;0.0543;0.0661;6594;23.3623;26.3209;0.0499;0.0587;2.5341
2002-2003;Regiões metropolitanas;02205;Chuchu;Hortaliças;Hortaliças frutosas;Alta;ok;;2;"";7.2961;497;2.5806;0.0169;0.0206;6594;6.4902;8.102;0.0146;0.0191;0.7881
2002-2003;Regiões metropolitanas;02206;Jiló;Hortaliças;Hortaliças frutosas;Alta;ok;;2;"";2.3519;132;0.6944;0.0045;0.0055;6594;1.9227;2.7811;0.0036;0.0055;0.2121
2002-2003;Regiões metropolitanas;02207;Pepino fresco;Hortaliças;Hortaliças frutosas;Alta;ok;;2;"";4.5097;315;1.5045;0.0098;0.012;6594;3.9174;5.1021;0.0079;0.0118;0.4595
2002-2003;Regiões metropolitanas;02208;Pimentão;Hortaliças;Hortaliças frutosas;Alta;ok;;2;"";11.7336;843;3.0798;0.0201;0.0245;6594;10.589;12.8782;0.0171;0.0232;0.9406
2002-2003;Regiões metropolitanas;02209;Quiabo;Hortaliças;Hortaliças frutosas;Alta;ok;;2;"";3.6673;248;1.632;0.0107;0.013;6594;3.0729;4.2616;0.0085;0.0128;0.4984
2002-2003;Regiões metropolitanas;02210;Tomate;Hortaliças;Hortaliças frutosas;Alta;ok;;2;"";27.9473;1955;11.7092;0.0766;0.0933;6594;26.458;29.4366;0.0709;0.0823;3.576
2002-2003;Regiões metropolitanas;02211;Vagem;Hortaliças;Hortaliças frutosas;Alta;ok;;2;"";3.565;188;1.6166;0.0106;0.0129;6594;2.8677;4.2623;0.0084;0.0127;0.4937
2002-2003;Regiões metropolitanas;02212;Outras;Hortaliças;Hortaliças frutosas;Alta;ok;;2;"";6.5722;449;7.459;0.0488;0.0594;6594;5.6499;7.4945;0.0373;0.0602;2.278
2002-2003;Regiões metropolitanas;02301;Alho;Hortaliças;Hortaliças tuberosas e outras;Alta;ok;;2;"";11.672;725;6.698;0.0438;0.0534;6594;10.5984;12.7456;0.0386;0.049;2.0456
2002-2003;Regiões metropolitanas;02302;Batata-doce;Hortaliças;Hortaliças tuberosas e outras;Alta;ok;;2;"";2.4288;196;1.0617;0.0069;0.0085;6594;2.0011;2.8564;0.0053;0.0085;0.3243
2002-2003;Regiões metropolitanas;02303;Batata-inglesa;Hortaliças;Hortaliças tuberosas e outras;Alta;ok;;2;"";20.6153;1474;13.1885;0.0863;0.1051;6594;19.3059;21.9247;0.0786;0.0939;4.0277
2002-2003;Regiões metropolitanas;02304;Batata não especificada;Hortaliças;Hortaliças tuberosas e outras;Alta;ok;;2;"";8.0021;375;5.5393;0.0362;0.0441;6594;6.9164;9.0878;0.0299;0.0425;1.6917
2002-2003;Regiões metropolitanas;02305;Beterraba;Hortaliças;Hortaliças tuberosas e outras;Alta;ok;;2;"";4.0923;313;1.1619;0.0076;0.0093;6594;3.4047;4.78;0.0062;0.009;0.3548
2002-2003;Regiões metropolitanas;02306;Cenoura;Hortaliças;Hortaliças tuberosas e outras;Alta;ok;;2;"";16.041;1083;5.9723;0.0391;0.0476;6594;14.8224;17.2596;0.0355;0.0426;1.8239
2002-2003;Regiões metropolitanas;02307;Inhame;Hortaliças;Hortaliças tuberosas e outras;Alta;ok;;2;"";2.3567;146;1.0819;0.0071;0.0086;6594;1.863;2.8504;0.0055;0.0086;0.3304
2002-2003;Regiões metropolitanas;02308;Mandioca;Hortaliças;Hortaliças tuberosas e outras;Alta;ok;;2;"";4.3842;319;2.0869;0.0136;0.0166;6594;3.7792;4.9893;0.0113;0.016;0.6373
2002-2003;Regiões metropolitanas;02309;Outras;Hortaliças;Hortaliças tuberosas e outras;Alta;ok;;2;"";0.9388;60;0.4937;0.0032;0.0039;6594;0.6172;1.2604;0.0019;0.0045;0.1508
2002-2003;Regiões metropolitanas;03101;Abacate;Frutas;Frutas de clima tropical;Alta;ok;;3;"";2.0945;139;1.0391;0.0064;0.0078;6594;1.546;2.6429;0.0044;0.0085;0.3002
2002-2003;Regiões metropolitanas;03102;Abacaxi;Frutas;Frutas de clima tropical;Alta;ok;;3;"";5.0606;345;3.4909;0.0216;0.0263;6594;4.3109;5.8103;0.0178;0.0254;1.0087
2002-2003;Regiões metropolitanas;03103;Banana-d'água;Frutas;Frutas de clima tropical;Alta;ok;;3;"";7.3255;415;3.8151;0.0236;0.0288;6594;6.4289;8.2221;0.0199;0.0274;1.1024
2002-2003;Regiões metropolitanas;03104;Banana-maçã;Frutas;Frutas de clima tropical;Alta;ok;;3;"";1.2281;130;0.8281;0.0051;0.0062;6594;0.917;1.5392;0.0038;0.0065;0.2393
2002-2003;Regiões metropolitanas;03105;Banana-prata;Frutas;Frutas de clima tropical;Alta;ok;;3;"";15.8118;1196;10.2369;0.0633;0.0772;6594;14.5609;17.0628;0.0561;0.0706;2.9579
2002-2003;Regiões metropolitanas;03106;Outras bananas;Frutas;Frutas de clima tropical;Alta;ok;;3;"";8.8971;551;5.15;0.0319;0.0388;6594;7.8218;9.9724;0.0279;0.0358;1.4881
2002-2003;Regiões metropolitanas;03107;Laranja-baía;Frutas;Frutas de clima tropical;Baixa;ok;;3;1987, 1995;0.3104;19;0.2677;0.0017;0.002;6594;0.1293;0.4914;7e-04;0.0026;0.0774
2002-2003;Regiões metropolitanas;03108;Laranja-lima;Frutas;Frutas de clima tropical;Alta;ok;;3;"";2.1316;104;1.4672;0.0091;0.0111;6594;1.6085;2.6548;0.0061;0.0121;0.4239
2002-2003;Regiões metropolitanas;03109;Laranja-pêra;Frutas;Frutas de clima tropical;Alta;ok;;3;"";8.9238;653;6.4236;0.0397;0.0484;6594;7.9931;9.8546;0.0346;0.0449;1.8561
2002-2003;Regiões metropolitanas;03110;Laranja-seleta;Frutas;Frutas de clima tropical;Alta;ok;;3;"";0.5229;23;0.352;0.0022;0.0027;6594;0.1974;0.8484;7e-04;0.0036;0.1017
2002-2003;Regiões metropolitanas;03111;Limão comum;Frutas;Frutas de clima tropical;Alta;ok;;3;"";6.6674;436;2.2451;0.0139;0.0169;6594;5.9114;7.4234;0.0108;0.0169;0.6487
2002-2003;Regiões metropolitanas;03112;Mamão;Frutas;Frutas de clima tropical;Alta;ok;;3;"";11.5118;797;7.3701;0.0456;0.0556;6594;10.5531;12.4704;0.0406;0.0506;2.1296
2002-2003;Regiões metropolitanas;03113;Manga;Frutas;Frutas de clima tropical;Alta;ok;;3;"";5.4938;337;3.8569;0.0239;0.0291;6594;4.5011;6.4864;0.0191;0.0286;1.1144
2002-2003;Regiões metropolitanas;03114;Maracujá;Frutas;Frutas de clima tropical;Alta;ok;;3;"";3.3435;248;1.6774;0.0104;0.0126;6594;2.753;3.9341;0.0084;0.0124;0.4847
2002-2003;Regiões metropolitanas;03115;Melancia;Frutas;Frutas de clima tropical;Alta;ok;;3;"";4.1665;305;4.4927;0.0278;0.0339;6594;3.4879;4.8452;0.0218;0.0338;1.2982
2002-2003;Regiões metropolitanas;03116;Melão;Frutas;Frutas de clima tropical;Alta;ok;;3;"";2.1815;163;2.1349;0.0132;0.0161;6594;1.7475;2.6155;0.0097;0.0167;0.6169
2002-2003;Regiões metropolitanas;03117;Tangerina;Frutas;Frutas de clima tropical;Alta;ok;;3;"";5.4522;337;5.5837;0.0345;0.0421;6594;4.5984;6.3059;0.0271;0.042;1.6134
2002-2003;Regiões metropolitanas;03118;Outras;Frutas;Frutas de clima tropical;Alta;ok;;3;"";21.5529;1482;21.1941;0.1311;0.1598;6594;20.1903;22.9156;0.1192;0.143;6.1239
2002-2003;Regiões metropolitanas;03201;Caqui;Frutas;Frutas de clima temperado;Baixa;ausente;;3;2002, 2008, 2017;;;;;;6594;;;;;
2002-2003;Regiões metropolitanas;03202;Maçã;Frutas;Frutas de clima temperado;Média;ausente;;3;2002;;;;;;6594;;;;;
2002-2003;Regiões metropolitanas;03203;Pêra;Frutas;Frutas de clima temperado;Alta;ok;;3;"";2.9002;157;3.7032;0.0229;0.0279;6594;2.3388;3.4615;0.0182;0.0277;1.07
2002-2003;Regiões metropolitanas;03204;Uva;Frutas;Frutas de clima temperado;Alta;ok;;3;"";4.4048;313;5.9969;0.0371;0.0452;6594;3.6733;5.1363;0.0291;0.0451;1.7328
2002-2003;Regiões metropolitanas;03205;Outras;Frutas;Frutas de clima temperado;Alta;ok;;3;"";6.175;393;8.6744;0.0537;0.0654;6594;5.3326;7.0173;0.0425;0.0649;2.5064
2002-2003;Regiões metropolitanas;04101;Coco-açaí em pasta;Cocos, castanhas e nozes;Cocos;Alta;ok;;4;"";1.0118;130;29.3851;0.0148;0.018;6594;0.8085;1.2151;0.0106;0.019;0.6906
2002-2003;Regiões metropolitanas;04103;Coco-da-baía;Cocos, castanhas e nozes;Cocos;Alta;ok;;4;"";4.8382;350;50.5335;0.0254;0.031;6594;4.1235;5.5529;0.0195;0.0314;1.1876
2002-2003;Regiões metropolitanas;04104;Outros;Cocos, castanhas e nozes;Cocos;Alta;ok;;4;"";1.1671;87;20.0814;0.0101;0.0123;6594;0.847;1.4871;0.0047;0.0155;0.4719
2002-2003;Regiões metropolitanas;05101;Farinha de mandioca;Farinhas, féculas e massas;Farinhas;Alta;ok;;5;"";11.4061;984;10.6243;0.0578;0.0704;6594;10.5447;12.2676;0.0515;0.064;2.6975
2002-2003;Regiões metropolitanas;05102;Farinha de rosca;Farinhas, féculas e massas;Farinhas;Alta;ok;;5;"";1.0218;63;0.7117;0.0039;0.0047;6594;0.6945;1.3492;0.0026;0.0051;0.1807
2002-2003;Regiões metropolitanas;05103;Farinha de trigo;Farinhas, féculas e massas;Farinhas;Alta;ok;;5;"";7.5926;540;11.6208;0.0632;0.077;6594;6.7024;8.4827;0.0522;0.0741;2.9505
2002-2003;Regiões metropolitanas;05104;Farinha vitaminada;Farinhas, féculas e massas;Farinhas;Alta;ok;;5;"";3.7045;274;7.5403;0.041;0.0499;6594;3.1658;4.2432;0.0301;0.0519;1.9144
2002-2003;Regiões metropolitanas;05105;Outras;Farinhas, féculas e massas;Farinhas;Alta;ok;;5;"";0.3635;29;0.3343;0.0018;0.0022;6594;0.2045;0.5226;0.001;0.0027;0.0849
2002-2003;Regiões metropolitanas;05201;Amido de milho;Farinhas, féculas e massas;Féculas;Alta;ok;;5;"";1.5332;117;1.0216;0.0056;0.0068;6594;1.1404;1.9261;0.0039;0.0072;0.2594
2002-2003;Regiões metropolitanas;05202;Fubá de milho;Farinhas, féculas e massas;Féculas;Alta;ok;;5;"";6.6093;519;5.3075;0.0289;0.0352;6594;5.8414;7.3771;0.0245;0.0332;1.3476
2002-2003;Regiões metropolitanas;05203;Fécula de mandioca;Farinhas, féculas e massas;Féculas;Baixa;ok;;5;2008, 2017;1.855;185;1.5802;0.0086;0.0105;6594;1.441;2.269;0.0061;0.0111;0.4012
2002-2003;Regiões metropolitanas;05204;Flocos de milho;Farinhas, féculas e massas;Féculas;Alta;ok;;5;"";1.8627;144;2.6212;0.0143;0.0174;6594;1.4564;2.2689;0.0095;0.019;0.6655
2002-2003;Regiões metropolitanas;05206;Flocos de cereal;Farinhas, féculas e massas;Féculas;Alta;ok;;5;"";2.551;217;3.874;0.0211;0.0257;6594;2.0738;3.0283;0.0163;0.0259;0.9836
2002-2003;Regiões metropolitanas;05301;Macarrão com ovos;Farinhas, féculas e massas;Massas;Alta;ok;;5;"";26.1752;1927;38.6394;0.2101;0.256;6594;24.7773;27.5732;0.1936;0.2266;9.8104
2002-2003;Regiões metropolitanas;05302;Massa de pastel;Farinhas, féculas e massas;Massas;Alta;ok;;5;"";1.3879;95;1.4851;0.0081;0.0098;6594;1.0375;1.7384;0.006;0.0101;0.3771
2002-2003;Regiões metropolitanas;05303;Massa de pizza;Farinhas, féculas e massas;Massas;Alta;ok;;5;"";5.1118;313;14.6396;0.0796;0.097;6594;4.2753;5.9482;0.0631;0.0961;3.7169
2002-2003;Regiões metropolitanas;06101;Pão de forma industrializado;Panificados;Pães;Alta;ok;;6;"";12.7412;690;6.413;0.1041;0.1269;6594;11.4368;14.0456;0.091;0.1173;4.8634
2002-2003;Regiões metropolitanas;06102;Pão doce;Panificados;Pães;Alta;ok;;6;"";8.312;552;4.7234;0.0767;0.0935;6594;7.3921;9.2318;0.0459;0.1075;3.5821
2002-2003;Regiões metropolitanas;06103;Pão francês;Panificados;Pães;Alta;ok;;6;"";76.8157;5180;54.311;0.882;1.0746;6594;75.145;78.4863;0.8362;0.9279;41.1879
2002-2003;Regiões metropolitanas;06104;Pão caseiro;Panificados;Pães;Alta;ok;;6;"";10.2858;803;4.7096;0.0765;0.0932;6594;9.2372;11.3343;0.0666;0.0864;3.5716
2002-2003;Regiões metropolitanas;06201;Bolo de trigo;Panificados;Bolos;Alta;ok;;6;"";7.0837;508;5.8801;0.0955;0.1163;6594;6.3197;7.8476;0.0715;0.1195;4.4593
2002-2003;Regiões metropolitanas;06301;Biscoito doce;Panificados;Biscoitos, roscas, etc.;Alta;ok;;6;"";26.2477;1819;12.2964;0.1997;0.2433;6594;24.7734;27.722;0.1818;0.2176;9.3253
2002-2003;Regiões metropolitanas;06302;Biscoito salgado;Panificados;Biscoitos, roscas, etc.;Alta;ok;;6;"";23.4804;1683;8.8231;0.1433;0.1746;6594;22.1266;24.8343;0.1308;0.1557;6.6912
2002-2003;Regiões metropolitanas;06303;Biscoito não especificado;Panificados;Biscoitos, roscas, etc.;Alta;ok;;6;"";9.2587;701;2.8432;0.0462;0.0563;6594;8.2415;10.2758;0.0399;0.0524;2.1562
2002-2003;Regiões metropolitanas;07101;Alcatra;Carnes;Carnes bovinas de primeira;Alta;ok;;7;"";6.3271;405;8.8862;0.1573;0.1916;6594;5.4176;7.2365;0.1319;0.1827;7.3438
2002-2003;Regiões metropolitanas;07102;Carne moída;Carnes;Carnes bovinas de primeira;Alta;ok;;7;"";9.809;711;5.5074;0.0975;0.1188;6594;8.7091;10.9089;0.0851;0.1098;4.5515
2002-2003;Regiões metropolitanas;07103;Carne não especificada;Carnes;Carnes bovinas de primeira;Alta;ok;;7;"";9.4364;680;12.2559;0.2169;0.2643;6594;8.4534;10.4194;0.1853;0.2485;10.1286
2002-2003;Regiões metropolitanas;07104;Chã-de-dentro;Carnes;Carnes bovinas de primeira;Alta;ok;;7;"";3.6355;239;3.8648;0.0684;0.0833;6594;2.9618;4.3091;0.0543;0.0825;3.1939
2002-2003;Regiões metropolitanas;07105;Contrafilé;Carnes;Carnes bovinas de primeira;Alta;ok;;7;"";4.1191;264;5.2266;0.0925;0.1127;6594;3.4675;4.7706;0.0714;0.1136;4.3194
2002-2003;Regiões metropolitanas;07106;Filé e filé mignon;Carnes;Carnes bovinas de primeira;Alta;ok;;7;"";0.7517;43;1.5984;0.0283;0.0345;6594;0.4463;1.0571;0.0144;0.0422;1.3209
2002-2003;Regiões metropolitanas;07107;Lagarto comum;Carnes;Carnes bovinas de primeira;Alta;ok;;7;"";1.578;103;1.7562;0.0311;0.0379;6594;1.1281;2.0279;0.0213;0.0409;1.4514
2002-2003;Regiões metropolitanas;07108;Lagarto redondo;Carnes;Carnes bovinas de primeira;Média;ausente;;7;2002;;;;;;6594;;;;;
2002-2003;Regiões metropolitanas;07109;Patinho;Carnes;Carnes bovinas de primeira;Alta;ok;;7;"";3.7716;285;3.8892;0.0688;0.0839;6594;3.1819;4.3613;0.0553;0.0824;3.2141
2002-2003;Regiões metropolitanas;07201;Acém;Carnes;Carnes bovinas de segunda;Alta;ok;;7;"";4.9236;304;4.1911;0.0742;0.0904;6594;4.0575;5.7897;0.0577;0.0907;3.4636
2002-2003;Regiões metropolitanas;07203;Carne moída;Carnes;Carnes bovinas de segunda;Média;ausente;;7;2002;;;;;;6594;;;;;
2002-2003;Regiões metropolitanas;07204;Costela;Carnes;Carnes bovinas de segunda;Alta;ok;;7;"";4.2157;313;3.5279;0.0624;0.0761;6594;3.5636;4.8679;0.05;0.0749;2.9156
2002-2003;Regiões metropolitanas;07205;Músculo;Carnes;Carnes bovinas de segunda;Alta;ok;;7;"";2.5369;154;2.0944;0.0371;0.0452;6594;2.0159;3.0578;0.0272;0.0469;1.7308
2002-2003;Regiões metropolitanas;07206;Pá;Carnes;Carnes bovinas de segunda;Alta;ok;;7;"";1.9847;158;1.715;0.0304;0.037;6594;1.5671;2.4023;0.0237;0.037;1.4173
2002-2003;Regiões metropolitanas;07207;Peito;Carnes;Carnes bovinas de segunda;Alta;ok;;7;"";1.0608;93;0.8802;0.0156;0.019;6594;0.7895;1.3322;0.0112;0.02;0.7274
2002-2003;Regiões metropolitanas;07208;Outros  Capa de filé;Carnes;Carnes bovinas de segunda;Alta;ok;;7;"";13.9941;1091;12.5515;0.2221;0.2706;6594;12.9648;15.0234;0.1873;0.2569;10.3729
2002-2003;Regiões metropolitanas;07401;Carré;Carnes;Carnes suínas com osso e sem osso;Alta;ok;;7;"";2.432;106;2.0094;0.0356;0.0433;6594;1.7967;3.0672;0.025;0.0461;1.6606
2002-2003;Regiões metropolitanas;07402;Costela;Carnes;Carnes suínas com osso e sem osso;Alta;ok;;7;"";1.5822;96;1.1562;0.0205;0.0249;6594;1.1822;1.9823;0.0139;0.027;0.9555
2002-2003;Regiões metropolitanas;07403;Lombo;Carnes;Carnes suínas com osso e sem osso;Alta;ok;;7;"";1.6318;113;1.5601;0.0276;0.0336;6594;1.2381;2.0255;0.016;0.0392;1.2893
2002-2003;Regiões metropolitanas;07404;Pernil;Carnes;Carnes suínas com osso e sem osso;Alta;ok;;7;"";0.7735;52;0.9031;0.016;0.0195;6594;0.5062;1.0409;0.0099;0.022;0.7463
2002-2003;Regiões metropolitanas;07405;Porco eviscerado;Carnes;Carnes suínas com osso e sem osso;Alta;ok;;7;"";0.0352;1;0.9076;0.0161;0.0196;6594;0;0.1042;0;0.0475;0.75
2002-2003;Regiões metropolitanas;07501;Mortadela;Carnes;Carnes suínas outras;Alta;ok;;7;"";10.7886;658;2.7699;0.049;0.0597;6594;9.7199;11.8573;0.0428;0.0552;2.2891
2002-2003;Regiões metropolitanas;07502;Presunto;Carnes;Carnes suínas outras;Alta;ok;;7;"";11.2827;676;4.6408;0.0821;0.1001;6594;10.0897;12.4756;0.0707;0.0936;3.8353
2002-2003;Regiões metropolitanas;07503;Salsicha;Carnes;Carnes suínas outras;Alta;ok;;7;"";10.3761;618;3.5301;0.0625;0.0761;6594;9.4268;11.3254;0.056;0.069;2.9174
2002-2003;Regiões metropolitanas;07504;Toucinho fresco;Carnes;Carnes suínas outras;Alta;ok;;7;"";3.824;228;1.2386;0.0219;0.0267;6594;3.1546;4.4933;0.018;0.0258;1.0236
2002-2003;Regiões metropolitanas;07506;Outras;Carnes;Carnes suínas outras;Alta;ok;;7;"";5.309;396;3.2662;0.0578;0.0704;6594;4.5076;6.1104;0.0445;0.0711;2.6993
2002-2003;Regiões metropolitanas;07601;Linguiça;Carnes;Carnes de outros animais;Alta;ok;;7;"";16.1177;943;9.01;0.1595;0.1943;6594;14.6443;17.591;0.1409;0.178;7.4461
2002-2003;Regiões metropolitanas;07602;Outras;Carnes;Carnes de outros animais;Alta;ok;;7;"";0.7617;59;1.0634;0.0188;0.0229;6594;0.4938;1.0295;0.0066;0.031;0.8788
2002-2003;Regiões metropolitanas;08101;Bovina Fígado;Vísceras;Vísceras;Alta;ok;;8;"";4.2967;279;44.082;0.035;0.0426;6594;3.5973;4.9961;0.0286;0.0413;1.6322
2002-2003;Regiões metropolitanas;08102;Bovina Outras;Vísceras;Vísceras;Alta;ok;;8;"";2.7102;201;30.0384;0.0238;0.029;6594;2.1808;3.2396;0.018;0.0296;1.1122
2002-2003;Regiões metropolitanas;08103;Vísceras suínas;Vísceras;Vísceras;Alta;ok;;8;"";0.8753;55;12.1261;0.0096;0.0117;6594;0.5801;1.1705;0.0063;0.013;0.449
2002-2003;Regiões metropolitanas;08104;Outras vísceras;Vísceras;Vísceras;Alta;ok;;8;"";1.3718;97;13.7536;0.0109;0.0133;6594;1.0169;1.7267;0.0075;0.0143;0.5092
2002-2003;Regiões metropolitanas;09101;Bacalhau;Pescados;Peixes de água salgada (marinhos);Alta;ok;;9;"";0.4423;24;15.6873;0.0445;0.0542;6594;0.1971;0.6876;0.0078;0.0812;2.0782
2002-2003;Regiões metropolitanas;09102;Sardinha fresca;Pescados;Peixes de água salgada (marinhos);Alta;ok;;9;"";0.3546;16;1.0378;0.0029;0.0036;6594;0.1607;0.5486;0.0012;0.0047;0.1375
2002-2003;Regiões metropolitanas;09103;Sardinha em conserva;Pescados;Peixes de água salgada (marinhos);Alta;ok;;9;"";3.0116;214;5.9136;0.0168;0.0204;6594;2.543;3.4802;0.0136;0.02;0.7834
2002-2003;Regiões metropolitanas;09104;Atum e bonito;Pescados;Peixes de água salgada (marinhos);Alta;ok;;9;"";1.6818;97;5.276;0.015;0.0182;6594;1.253;2.1106;0.0112;0.0188;0.6989
2002-2003;Regiões metropolitanas;09105;Pescada;Pescados;Peixes de água salgada (marinhos);Alta;ok;;9;"";1.5001;107;7.8238;0.0222;0.027;6594;1.0964;1.9037;0.0154;0.029;1.0365
2002-2003;Regiões metropolitanas;09106;Corvina;Pescados;Peixes de água salgada (marinhos);Alta;ok;;9;"";1.4507;86;7.9735;0.0226;0.0276;6594;1.0653;1.836;0.016;0.0293;1.0563
2002-2003;Regiões metropolitanas;09107;Cação e tubarão;Pescados;Peixes de água salgada (marinhos);Alta;ok;;9;"";0.2908;17;2.1994;0.0062;0.0076;6594;0.1037;0.4779;0.0021;0.0104;0.2914
2002-2003;Regiões metropolitanas;09108;Outros peixes marinhos - fresco/inteiro;Pescados;Peixes de água salgada (marinhos);Baixa;ok;;9;"";3.0115;234;15.678;0.0445;0.0542;6594;2.4941;3.529;0.0324;0.0565;2.077
2002-2003;Regiões metropolitanas;09109;Outros peixes marinhos - em filé;Pescados;Peixes de água salgada (marinhos);Média;ok;;9;"";1.7786;105;11.1839;0.0317;0.0387;6594;1.3357;2.2215;0.0212;0.0423;1.4816
2002-2003;Regiões metropolitanas;09110;Outros peixes marinhos - em postas;Pescados;Peixes de água salgada (marinhos);Baixa;ok;;9;"";0.5051;28;3.3407;0.0095;0.0115;6594;0.2581;0.7521;0.0044;0.0146;0.4426
2002-2003;Regiões metropolitanas;09111;Outros peixes marinhos - salgado/seco;Pescados;Peixes de água salgada (marinhos);Média;compartilhado;09108, 09105;9;1995;;;;;;6594;;;;;
2002-2003;Regiões metropolitanas;09112;Outros peixes marinhos - em conserva;Pescados;Peixes de água salgada (marinhos);Média;ok;;9;"";0.0157;2;0.0795;2e-04;3e-04;6594;0;0.0423;0;6e-04;0.0105
2002-2003;Regiões metropolitanas;09201;Tilápia;Pescados;Peixes de água doce;Alta;ok;;9;"";0.1362;12;0.7467;0.0021;0.0026;6594;0.0228;0.2496;4e-04;0.0038;0.0989
2002-2003;Regiões metropolitanas;09202;Outros peixes de água doce (nominados);Pescados;Peixes de água doce;Média;ok;;9;"";0.4381;60;1.9183;0.0054;0.0066;6594;0.325;0.5512;0.0037;0.0072;0.2541
2002-2003;Regiões metropolitanas;09203;Peixes de água doce - fresco/inteiro;Pescados;Peixes de água doce;Média;ok;;9;"";2.2226;174;11.954;0.0339;0.0413;6594;1.7533;2.6919;0.0252;0.0426;1.5836
2002-2003;Regiões metropolitanas;09204;Peixes de água doce - filé/postas;Pescados;Peixes de água doce;Média;ok;;9;"";0.2831;35;1.669;0.0047;0.0058;6594;0.1682;0.398;0.0026;0.0069;0.2211
2002-2003;Regiões metropolitanas;09205;Peixes de água doce - salgado/conserva;Pescados;Peixes de água doce;Média;compartilhado;09203;9;1995;;;;;;6594;;;;;
2002-2003;Regiões metropolitanas;09401;Camarão;Pescados;Crustáceos;Alta;ok;;9;"";0.9819;78;6.8042;0.0193;0.0235;6594;0.6928;1.2709;0.0102;0.0284;0.9014
2002-2003;Regiões metropolitanas;09402;Camarão processado;Pescados;Crustáceos;Média;compartilhado;09401;9;1987, 1995;;;;;;6594;;;;;
2002-2003;Regiões metropolitanas;09403;Lagosta;Pescados;Crustáceos;Alta;ok;;9;"";0.0176;2;0.1301;4e-04;4e-04;6594;0;0.0437;0;0.001;0.0172
2002-2003;Regiões metropolitanas;09404;Caranguejo e siri;Pescados;Crustáceos;Alta;ok;;9;"";0.0457;5;0.307;9e-04;0.0011;6594;0;0.0933;0;0.0019;0.0407
2002-2003;Regiões metropolitanas;09501;Ostras, mariscos e mexilhões;Pescados;Moluscos;Alta;ok;;9;"";0.0903;7;0.2772;8e-04;0.001;6594;0.0196;0.1611;1e-04;0.0015;0.0367
2002-2003;Regiões metropolitanas;09502;Lula e polvo;Pescados;Moluscos;Alta;sem_registro;;9;"";0;0;0;0;0;6594;0;0;0;0;0
2002-2003;Regiões metropolitanas;09601;Rã;Pescados;Outros pescados e preparações;Alta;sem_compra;;9;"";0;0;0;0;0;6594;0;0;0;0;0
2002-2003;Regiões metropolitanas;10101;Asa de frango;Aves e ovos;Aves;Alta;ok;;10;"";2.9095;129;3.1151;0.0271;0.033;6594;2.2421;3.5768;0.0202;0.0339;1.2632
2002-2003;Regiões metropolitanas;10102;Carne de frango não especificada;Aves e ovos;Aves;Alta;ok;;10;"";0.7177;35;0.6133;0.0053;0.0065;6594;0.4316;1.0038;0.0027;0.0079;0.2487
2002-2003;Regiões metropolitanas;10103;Coxa de frango;Aves e ovos;Aves;Alta;ok;;10;"";6.21;341;9.2231;0.0801;0.0976;6594;5.249;7.1709;0.0663;0.0939;3.74
2002-2003;Regiões metropolitanas;10104;Frango abatido (inteiro);Aves e ovos;Aves;Alta;ok;;10;"";22.6898;1731;43.5941;0.3786;0.4612;6594;21.5601;23.8195;0.3513;0.4058;17.6774
2002-2003;Regiões metropolitanas;10105;Frango vivo;Aves e ovos;Aves;Alta;ok;;10;"";0.6401;38;1.3969;0.0121;0.0148;6594;0.2575;1.0227;0.004;0.0202;0.5664
2002-2003;Regiões metropolitanas;10106;Peito de frango;Aves e ovos;Aves;Alta;ok;;10;"";7.7683;396;14.8679;0.1291;0.1573;6594;6.8937;8.643;0.1104;0.1478;6.0289
2002-2003;Regiões metropolitanas;10107;Outras;Aves e ovos;Aves;Alta;ok;;10;"";5.023;279;8.0235;0.0697;0.0849;6594;4.1789;5.8671;0.0508;0.0885;3.2535
2002-2003;Regiões metropolitanas;10201;Ovo de galinha;Aves e ovos;Ovos;Alta;ok;;10;"";28.1161;1952;18.8948;0.1641;0.1999;6594;26.5553;29.677;0.1514;0.1767;7.6618
2002-2003;Regiões metropolitanas;10202;Outros;Aves e ovos;Ovos;Alta;ok;;10;"";0.4778;17;0.2714;0.0024;0.0029;6594;0.1915;0.764;0.001;0.0037;0.11
2002-2003;Regiões metropolitanas;11101;Creme de leite;Laticínios;Leite e creme de leite;Alta;ok;;11;"";5.2404;357;1.9903;0.0316;0.0384;6594;4.4901;5.9908;0.0253;0.0378;1.4733
2002-2003;Regiões metropolitanas;11102;Leite condensado;Laticínios;Leite e creme de leite;Alta;ok;;11;"";6.6162;422;2.8726;0.0455;0.0555;6594;5.8135;7.419;0.0386;0.0525;2.1264
2002-2003;Regiões metropolitanas;11103;Leite de vaca fresco;Laticínios;Leite e creme de leite;Alta;ok;;11;"";1.7044;139;0.8908;0.0141;0.0172;6594;1.1975;2.2114;0.0092;0.0191;0.6594
2002-2003;Regiões metropolitanas;11104;Leite de vaca pasteurizado;Laticínios;Leite e creme de leite;Alta;ok;;11;"";45.1576;3067;42.7923;0.6783;0.8265;6594;43.3271;46.988;0.6248;0.7319;31.6761
2002-2003;Regiões metropolitanas;11105;Leite em pó integral;Laticínios;Leite e creme de leite;Alta;ok;;11;"";13.242;1165;12.6422;0.2004;0.2442;6594;12.3573;14.1268;0.1768;0.224;9.3581
2002-2003;Regiões metropolitanas;11106;Outros;Laticínios;Leite e creme de leite;Alta;ok;;11;"";4.061;262;2.1732;0.0344;0.042;6594;3.4176;4.7043;0.0279;0.041;1.6086
2002-2003;Regiões metropolitanas;11201;Queijo minas;Laticínios;Queijos e requeijão;Alta;ok;;11;"";6.4769;442;4.3017;0.0682;0.0831;6594;5.6777;7.2761;0.0586;0.0778;3.1842
2002-2003;Regiões metropolitanas;11202;Queijo mozarela;Laticínios;Queijos e requeijão;Alta;ok;;11;"";8.8913;589;4.7668;0.0756;0.0921;6594;7.8444;9.9381;0.065;0.0861;3.5285
2002-2003;Regiões metropolitanas;11203;Queijo prato;Laticínios;Queijos e requeijão;Alta;ok;;11;"";8.8823;524;4.9768;0.0789;0.0961;6594;7.9156;9.8491;0.0688;0.089;3.6839
2002-2003;Regiões metropolitanas;11204;Outros queijos;Laticínios;Queijos e requeijão;Alta;ok;;11;"";8.4395;532;4.7445;0.0752;0.0916;6594;7.5409;9.3381;0.0626;0.0878;3.512
2002-2003;Regiões metropolitanas;11205;Requeijão;Laticínios;Queijos e requeijão;Alta;ok;;11;"";6.0585;355;3.4032;0.0539;0.0657;6594;5.2889;6.8282;0.0449;0.063;2.5191
2002-2003;Regiões metropolitanas;11301;Iogurte;Laticínios;Outros laticínios;Alta;ok;;11;"";17.4563;1156;9.3968;0.149;0.1815;6594;16.2524;18.6603;0.134;0.1639;6.9558
2002-2003;Regiões metropolitanas;11302;Leite fermentado;Laticínios;Outros laticínios;Alta;ok;;11;"";2.5809;142;1.7475;0.0277;0.0338;6594;2.0708;3.0909;0.019;0.0364;1.2936
2002-2003;Regiões metropolitanas;11303;Manteiga;Laticínios;Outros laticínios;Alta;ok;;11;"";6.5385;433;3.094;0.049;0.0598;6594;5.7745;7.3024;0.0423;0.0558;2.2903
2002-2003;Regiões metropolitanas;11304;Outros;Laticínios;Outros laticínios;Alta;ok;;11;"";0.6772;66;0.2073;0.0033;0.004;6594;0.4809;0.8736;0.0022;0.0044;0.1535
2002-2003;Regiões metropolitanas;12101;Açúcar cristal;Açúcares e produtos de confeitaria;Açúcares, doces e produtos de confeitaria;Alta;ok;;12;"";12.164;1193;13.7606;0.1212;0.1477;6594;11.2798;13.0481;0.1059;0.1365;5.6591
2002-2003;Regiões metropolitanas;12102;Açúcar refinado;Açúcares e produtos de confeitaria;Açúcares, doces e produtos de confeitaria;Alta;ok;;12;"";17.0149;955;17.8675;0.1574;0.1917;6594;15.5509;18.4789;0.1407;0.1741;7.3481
2002-2003;Regiões metropolitanas;12103;Outros;Açúcares e produtos de confeitaria;Açúcares, doces e produtos de confeitaria;Alta;ok;;12;"";2.5684;191;2.0904;0.0184;0.0224;6594;2.1119;3.0248;0.0136;0.0232;0.8597
2002-2003;Regiões metropolitanas;12201;Doce a base de leite;Açúcares e produtos de confeitaria;Doces e derivados;Alta;ok;;12;"";3.5852;238;5.5845;0.0492;0.0599;6594;2.9645;4.2059;0.0327;0.0657;2.2967
2002-2003;Regiões metropolitanas;12202;Doce de fruta;Açúcares e produtos de confeitaria;Doces e derivados;Alta;ok;;12;"";5.2441;406;4.8587;0.0428;0.0521;6594;4.6371;5.8511;0.0255;0.06;1.9982
2002-2003;Regiões metropolitanas;12203;Sorvete;Açúcares e produtos de confeitaria;Doces e derivados;Alta;ok;;12;"";3.8545;249;6.4255;0.0566;0.0689;6594;3.1369;4.5721;0.0429;0.0703;2.6425
2002-2003;Regiões metropolitanas;12204;Outros;Açúcares e produtos de confeitaria;Doces e derivados;Alta;ok;;12;"";31.9833;2266;36.4969;0.3214;0.3916;6594;30.2928;33.6738;0.2734;0.3694;15.0096
2002-2003;Regiões metropolitanas;12301;Chocolate em pó;Açúcares e produtos de confeitaria;Outros açucares e produtos de confeitaria;Alta;ok;;12;"";9.5368;622;8.8486;0.0779;0.0949;6594;8.5109;10.5627;0.0672;0.0887;3.639
2002-2003;Regiões metropolitanas;12302;Outros;Açúcares e produtos de confeitaria;Outros açucares e produtos de confeitaria;Alta;ok;;12;"";4.8733;330;4.0673;0.0358;0.0436;6594;4.2102;5.5365;0.0284;0.0432;1.6727
2002-2003;Regiões metropolitanas;13101;Sal grosso;Sais e condimentos;Sais;Alta;ok;;13;"";0.2928;27;0.2355;6e-04;7e-04;6594;0.1632;0.4225;3e-04;0.001;0.0287
2002-2003;Regiões metropolitanas;13102;Sal refinado;Sais e condimentos;Sais;Alta;ok;;13;"";10.2974;715;5.9795;0.0156;0.019;6594;9.2619;11.333;0.0133;0.0179;0.7285
2002-2003;Regiões metropolitanas;13103;Outros;Sais e condimentos;Sais;Alta;ok;;13;"";0.3852;19;0.5331;0.0014;0.0017;6594;0.1242;0.6462;1e-04;0.0027;0.0649
2002-2003;Regiões metropolitanas;13201;Caldo de carne em tablete;Sais e condimentos;Condimentos;Alta;ok;;13;"";2.4675;159;3.0336;0.0079;0.0096;6594;1.9982;2.9369;0.006;0.0098;0.3696
2002-2003;Regiões metropolitanas;13202;Caldo de galinha em tablete;Sais e condimentos;Condimentos;Alta;ok;;13;"";3.3469;243;3.863;0.0101;0.0123;6594;2.8104;3.8833;0.0079;0.0122;0.4707
2002-2003;Regiões metropolitanas;13203;Fermento;Sais e condimentos;Condimentos;Alta;ok;;13;"";2.8459;192;4.7081;0.0123;0.015;6594;2.2737;3.4181;0.0094;0.0151;0.5736
2002-2003;Regiões metropolitanas;13204;Maionese;Sais e condimentos;Condimentos;Alta;ok;;13;"";7.2118;489;16.1474;0.0421;0.0513;6594;6.2771;8.1464;0.0358;0.0485;1.9673
2002-2003;Regiões metropolitanas;13205;Massa de tomate;Sais e condimentos;Condimentos;Alta;ok;;13;"";12.2226;780;22.0314;0.0575;0.07;6594;10.9679;13.4774;0.0469;0.0681;2.6842
2002-2003;Regiões metropolitanas;13206;Molho de tomate;Sais e condimentos;Condimentos;Alta;ok;;13;"";6.4771;395;14.2655;0.0372;0.0453;6594;5.6805;7.2737;0.0314;0.043;1.738
2002-2003;Regiões metropolitanas;13207;Tempero misto;Sais e condimentos;Condimentos;Alta;ok;;13;"";4.8539;341;7.6764;0.02;0.0244;6594;4.197;5.5109;0.0166;0.0235;0.9352
2002-2003;Regiões metropolitanas;13208;Vinagre de álcool;Sais e condimentos;Condimentos;Alta;ok;;13;"";1.6218;173;1.4638;0.0038;0.0047;6594;1.3444;1.8992;0.003;0.0046;0.1783
2002-2003;Regiões metropolitanas;13209;Vinagre de vinho;Sais e condimentos;Condimentos;Alta;ok;;13;"";1.7187;88;1.5172;0.004;0.0048;6594;1.2927;2.1446;0.0028;0.0051;0.1849
2002-2003;Regiões metropolitanas;13210;Outros;Sais e condimentos;Condimentos;Alta;ok;;13;"";11.3549;835;18.5457;0.0484;0.059;6594;10.2348;12.4749;0.0408;0.0559;2.2595
2002-2003;Regiões metropolitanas;14101;Azeite de oliva;Óleos e gorduras;Óleos;Alta;ok;;14;"";3.215;183;10.9968;0.0506;0.0617;6594;2.6354;3.7946;0.0393;0.062;2.3648
2002-2003;Regiões metropolitanas;14102;Óleo de milho;Óleos e gorduras;Óleos;Alta;ok;;14;"";0.8374;59;1.7457;0.008;0.0098;6594;0.5519;1.123;0.0053;0.0108;0.3754
2002-2003;Regiões metropolitanas;14103;Óleo de soja;Óleos e gorduras;Óleos;Alta;ok;;14;"";20.1566;1468;51.6111;0.2377;0.2896;6594;18.7266;21.5866;0.2142;0.2611;11.0984
2002-2003;Regiões metropolitanas;14104;Óleo não especificado;Óleos e gorduras;Óleos;Alta;ok;;14;"";2.0329;144;6.0924;0.0281;0.0342;6594;1.5882;2.4776;0.0201;0.036;1.3101
2002-2003;Regiões metropolitanas;14201;Margarina vegetal;Óleos e gorduras;Gorduras;Alta;ok;;14;"";21.7744;1662;28.8934;0.1331;0.1621;6594;20.4617;23.0871;0.1215;0.1446;6.2132
2002-2003;Regiões metropolitanas;14202;Outras;Óleos e gorduras;Gorduras;Alta;ok;;14;"";0.3075;22;0.6606;0.003;0.0037;6594;0.1589;0.456;0.0014;0.0047;0.1421
2002-2003;Regiões metropolitanas;15101;Outras aguardentes;Bebidas e infusões;Bebidas alcoólicas;Alta;ok;;15;"";2.4865;172;1.5577;0.0342;0.0416;6594;1.984;2.989;0.0214;0.0469;1.5959
2002-2003;Regiões metropolitanas;15102;Cerveja;Bebidas e infusões;Bebidas alcoólicas;Alta;ok;;15;"";19.6077;1311;30.9433;0.6789;0.8272;6594;18.1582;21.0571;0.5886;0.7692;31.7033
2002-2003;Regiões metropolitanas;15103;Vinho;Bebidas e infusões;Bebidas alcoólicas;Média;ok;;15;1995;2.4354;168;2.0517;0.045;0.0548;6594;1.9467;2.9241;0.0332;0.0568;2.1021
2002-2003;Regiões metropolitanas;15104;Outras;Bebidas e infusões;Bebidas alcoólicas;Alta;ok;;15;"";3.4579;216;4.1265;0.0905;0.1103;6594;2.7597;4.1562;0.0556;0.1255;4.2278
2002-2003;Regiões metropolitanas;15201;Água mineral;Bebidas e infusões;Bebidas não alcoólicas;Alta;ok;;15;"";26.5453;1795;12.1848;0.2673;0.3257;6594;24.9752;28.1153;0.2457;0.2889;12.4841
2002-2003;Regiões metropolitanas;15202;Refrigerante de cola;Bebidas e infusões;Bebidas não alcoólicas;Alta;ok;;15;"";19.7719;1389;8.8637;0.1945;0.2369;6594;18.3587;21.1851;0.1752;0.2138;9.0814
2002-2003;Regiões metropolitanas;15203;Refrigerante de guaraná;Bebidas e infusões;Bebidas não alcoólicas;Alta;ok;;15;"";20.3067;1308;6.1381;0.1347;0.1641;6594;18.8102;21.8031;0.1213;0.148;6.2888
2002-2003;Regiões metropolitanas;15204;Refrigerante de laranja;Bebidas e infusões;Bebidas não alcoólicas;Alta;ok;;15;"";4.4029;346;0.8948;0.0196;0.0239;6594;3.7288;5.077;0.0162;0.0231;0.9167
2002-2003;Regiões metropolitanas;15205;Refrigerante de limão;Bebidas e infusões;Bebidas não alcoólicas;Alta;ok;;15;"";1.4909;93;0.2821;0.0062;0.0075;6594;1.0892;1.8926;0.0043;0.008;0.289
2002-2003;Regiões metropolitanas;15206;Outros refrigerantes;Bebidas e infusões;Bebidas não alcoólicas;Alta;ok;;15;"";19.1576;1196;7.4009;0.1624;0.1978;6594;17.6801;20.635;0.145;0.1797;7.5827
2002-2003;Regiões metropolitanas;15207;Suco de fruta em pó;Bebidas e infusões;Bebidas não alcoólicas;Alta;ok;;15;"";9.7729;686;2.084;0.0457;0.0557;6594;8.6883;10.8575;0.0384;0.053;2.1352
2002-2003;Regiões metropolitanas;15208;Suco de fruta envasado;Bebidas e infusões;Bebidas não alcoólicas;Alta;ok;;15;"";17.2266;1236;7.3436;0.1611;0.1963;6594;15.883;18.5702;0.1426;0.1797;7.524
2002-2003;Regiões metropolitanas;15209;Outras;Bebidas e infusões;Bebidas não alcoólicas;Alta;ok;;15;"";6.407;345;2.3061;0.0506;0.0616;6594;5.555;7.2589;0.041;0.0602;2.3628
2002-2003;Regiões metropolitanas;15301;Café moído;Bebidas e infusões;Cafés;Alta;ok;;15;"";30.9889;2098;10.9709;0.2407;0.2933;6594;29.2177;32.7601;0.2204;0.261;11.2403
2002-2003;Regiões metropolitanas;15302;Café solúvel;Bebidas e infusões;Cafés;Alta;ok;;15;"";3.6468;305;1.2157;0.0267;0.0325;6594;3.0415;4.2521;0.0204;0.0329;1.2456
2002-2003;Regiões metropolitanas;15303;Outros;Bebidas e infusões;Cafés;Alta;ok;;15;"";0.0467;1;0.0129;3e-04;3e-04;6594;0;0.1383;0;8e-04;0.0133
2002-2003;Regiões metropolitanas;15401;Chá-mate;Bebidas e infusões;Chás;Alta;ok;;15;"";2.3655;189;0.649;0.0142;0.0173;6594;1.9736;2.7573;0.0109;0.0176;0.6649
2002-2003;Regiões metropolitanas;15402;Outros;Bebidas e infusões;Chás;Alta;ok;;15;"";2.6101;179;0.9745;0.0214;0.026;6594;2.1221;3.0981;0.0139;0.0289;0.9984
2002-2003;Regiões metropolitanas;16101;Frango assado ou defumado;Outros produtos;Outros produtos;Baixa;ausente;;16;2002, 2008, 2017;;;;;;6594;;;;;
2002-2003;Regiões metropolitanas;16102;Massa;Outros produtos;Outros produtos;Média;ok;;16;2017;0.4085;21;0.0919;0.0046;0.0056;6594;0.1729;0.6441;0.0016;0.0075;0.2129
2002-2003;Regiões metropolitanas;16103;Outros produtos;Outros produtos;Outros produtos;Alta;ok;;16;"";11.3779;864;11.3094;0.5607;0.6831;6594;10.268;12.4878;0.4588;0.6626;26.1824
2002-2003;Regiões metropolitanas;16104;Refeição;Outros produtos;Outros produtos;Alta;ok;;16;"";57.7238;3907;74.5795;3.6974;4.5048;6594;55.8166;59.6309;3.4383;3.9565;172.6585
2002-2003;Regiões metropolitanas;16105;Salgadinho;Outros produtos;Outros produtos;Alta;ok;;16;"";39.1742;2798;13.744;0.6814;0.8302;6594;37.3022;41.0462;0.6281;0.7347;31.8187
2002-2003;Regiões metropolitanas;16106;Mistura para bolo;Outros produtos;Outros produtos;Alta;ok;;16;"";2.2674;140;0.2751;0.0136;0.0166;6594;1.7168;2.8179;0.0102;0.0171;0.6369
2002-2003;Regiões metropolitanas;17101;Aluguel;Serviços e taxas de habitação;Habitação e utilidades;Alta;ok;;17;"";99.5965;6575;63.1373;17.9227;;6594;99.358;99.835;17.3454;18.4999;836.9332
2002-2003;Regiões metropolitanas;17102;Energia elétrica;Serviços e taxas de habitação;Habitação e utilidades;Alta;ok;;17;"";91.1971;6048;9.3268;2.6476;3.2257;6594;89.6949;92.6993;2.5315;2.7636;123.634
2002-2003;Regiões metropolitanas;17103;Gás doméstico;Serviços e taxas de habitação;Habitação e utilidades;Alta;ok;;17;"";93.4388;6191;3.5777;1.0156;1.2374;6594;92.2306;94.6469;0.9664;1.0648;47.4253
2002-2003;Regiões metropolitanas;17104;Água e esgoto;Serviços e taxas de habitação;Habitação e utilidades;Alta;ok;;17;"";65.1198;4353;3.1269;0.8876;1.0815;6594;62.0868;68.1528;0.8172;0.9581;41.4497
2002-2003;Regiões metropolitanas;17201;Telefone fixo;Serviços e taxas de habitação;Telefonia e comunicações;Alta;ok;;17;"";64.9637;4156;9.6477;2.7387;3.3367;6594;63.198;66.7295;2.6147;2.8626;127.8871
2002-2003;Regiões metropolitanas;17202;Telefone celular (plano/serviço);Serviços e taxas de habitação;Telefonia e comunicações;Média (ausência histórica esperada);ok;;17;1987;27.7896;2010;3.6286;1.03;1.255;6594;26.2503;29.329;0.934;1.1261;48.0997
2002-2003;Regiões metropolitanas;17301;Outros serviços e taxas de habitação;Serviços e taxas de habitação;Outros serviços de habitação;Alta;ok;;17;"";28.9872;1804;7.555;2.1446;2.6129;6594;26.8861;31.0884;1.9486;2.3406;100.1474
2002-2003;Regiões metropolitanas;18101;Manutenção do lar;Habitação;Manutenção e limpeza;Alta;ok;;18;"";47.6528;3318;43.6072;4.1226;5.0228;6594;45.5832;49.7225;3.6487;4.5965;192.5137
2002-2003;Regiões metropolitanas;18102;Artigos de limpeza doméstica;Habitação;Manutenção e limpeza;Alta;ok;;18;"";39.0373;2790;6.9606;0.6581;0.8017;6594;37.4896;40.5849;0.6144;0.7017;30.729
2002-2003;Regiões metropolitanas;18103;Consertos de artigos do lar;Habitação;Manutenção e limpeza;Alta;ok;;18;"";19.2543;1342;3.9341;0.3719;0.4531;6594;17.8768;20.6319;0.3287;0.4152;17.3681
2002-2003;Regiões metropolitanas;18201;Mobiliários e artigos do lar;Habitação;Mobiliário e eletrodomésticos;Alta;ok;;18;"";71.0335;4888;21.6007;2.0421;2.488;6594;69.124;72.9431;1.8984;2.1859;95.361
2002-2003;Regiões metropolitanas;18202;Eletrodomésticos;Habitação;Mobiliário e eletrodomésticos;Alta;ok;;18;"";68.7959;4558;23.8975;2.2593;2.7526;6594;66.9659;70.6259;2.1148;2.4037;105.5009
2002-2003;Regiões metropolitanas;19101;Roupa de homem;Vestuário;Roupas;Alta;ok;;19;"";56.8382;3966;24.6244;1.2233;1.4905;6594;55.0357;58.6408;1.1368;1.3098;57.126
2002-2003;Regiões metropolitanas;19102;Roupa de mulher;Vestuário;Roupas;Alta;ok;;19;"";62.0949;4311;28.525;1.4171;1.7266;6594;60.2007;63.9891;1.2758;1.5584;66.175
2002-2003;Regiões metropolitanas;19103;Roupa de criança;Vestuário;Roupas;Alta;ok;;19;"";48.3523;3308;14.174;0.7042;0.8579;6594;46.4695;50.2351;0.6481;0.7602;32.8821
2002-2003;Regiões metropolitanas;19104;Tecidos e armarinhos;Vestuário;Roupas;Alta;ok;;19;"";12.0641;964;1.3577;0.0674;0.0822;6594;10.9834;13.1448;0.0509;0.084;3.1497
2002-2003;Regiões metropolitanas;19201;Calçados e apetrechos;Vestuário;Calçados e acessórios;Alta;ok;;19;"";71.7548;4945;25.9568;1.2895;1.5711;6594;69.9934;73.5162;1.2121;1.367;60.2171
2002-2003;Regiões metropolitanas;19202;Joias e bijuterias;Vestuário;Calçados e acessórios;Alta;ok;;19;"";37.5413;2868;5.3621;0.2664;0.3246;6594;35.7823;39.3002;0.2406;0.2921;12.4394
2002-2003;Regiões metropolitanas;20101;Transporte urbano e coletivo;Transporte;Transporte coletivo;Alta;ok;;20;"";66.1724;4353;19.1031;3.5908;4.3748;6594;64.3536;67.9913;3.3642;3.8173;167.6775
2002-2003;Regiões metropolitanas;20201;Gasolina para veículo próprio;Transporte;Veículo próprio;Alta;ok;;20;"";25.9661;1769;19.2656;3.6213;4.4121;6594;24.4554;27.4768;3.3637;3.8789;169.1041
2002-2003;Regiões metropolitanas;20202;Álcool para veículo próprio;Transporte;Veículo próprio;Alta;ok;;20;"";3.1802;164;1.6357;0.3075;0.3746;6594;2.5057;3.8547;0.2046;0.4103;14.3573
2002-2003;Regiões metropolitanas;20203;Manutenção de veículo próprio;Transporte;Veículo próprio;Alta;ok;;20;"";29.5012;2059;8.1139;1.5251;1.8582;6594;27.8571;31.1454;1.3658;1.6844;71.2196
2002-2003;Regiões metropolitanas;20301;Aquisição de veículos;Transporte;Aquisição e outros;Alta;ok;;20;"";25.8033;1763;36.9183;6.9394;8.4547;6594;24.2599;27.3466;6.2827;7.5961;324.05
2002-2003;Regiões metropolitanas;20302;Viagens esporádicas;Transporte;Aquisição e outros;Alta;ok;;20;"";30.9127;2188;8.5552;1.6081;1.9592;6594;29.0777;32.7478;1.4159;1.8003;75.0932
2002-2003;Regiões metropolitanas;20303;Outros transportes;Transporte;Aquisição e outros;Alta;ok;;20;"";30.0695;1954;6.4082;1.2045;1.4676;6594;28.3238;31.8151;1.0406;1.3685;56.2481
2002-2003;Regiões metropolitanas;21101;Perfume e colônia;Higiene e cuidados pessoais;Higiene e cuidados pessoais;Alta;ok;;21;"";35.6107;2640;36.1296;0.712;0.8675;6594;34.0612;37.1601;0.6573;0.7667;33.249
2002-2003;Regiões metropolitanas;21102;Produtos para cabelo;Higiene e cuidados pessoais;Higiene e cuidados pessoais;Alta;ok;;21;"";17.2918;1131;11.0206;0.2172;0.2646;6594;15.8458;18.7377;0.1902;0.2442;10.142
2002-2003;Regiões metropolitanas;21103;Sabonete e produtos de banho;Higiene e cuidados pessoais;Higiene e cuidados pessoais;Alta;ok;;21;"";22.1461;1546;6.0937;0.1201;0.1463;6594;20.7638;23.5284;0.1087;0.1315;5.6079
2002-2003;Regiões metropolitanas;21104;Outros produtos de higiene pessoal;Higiene e cuidados pessoais;Higiene e cuidados pessoais;Alta;ok;;21;"";62.0774;4281;46.7561;0.9214;1.1226;6594;60.2228;63.932;0.8702;0.9727;43.0283
2002-2003;Regiões metropolitanas;22101;Remédios e produtos farmacêuticos;Assistência à saúde;Medicamentos e materiais;Alta;ok;;22;"";76.8632;5174;35.1233;2.2032;2.6844;6594;75.372;78.3543;2.0919;2.3146;102.8848
2002-2003;Regiões metropolitanas;22102;Material de tratamento médico;Assistência à saúde;Medicamentos e materiais;Alta;ok;;22;"";17.6913;1122;5.2161;0.3272;0.3987;6594;16.3243;19.0582;0.2833;0.3711;15.2794
2002-2003;Regiões metropolitanas;22201;Consulta e tratamento dentário;Assistência à saúde;Serviços médicos;Alta;ok;;22;"";12.1271;773;12.2232;0.7667;0.9342;6594;10.9329;13.3213;0.6291;0.9044;35.8048
2002-2003;Regiões metropolitanas;22202;Consulta médica;Assistência à saúde;Serviços médicos;Alta;ok;;22;"";15.5256;1252;4.0597;0.2547;0.3103;6594;14.2764;16.7747;0.2205;0.2888;11.8919
2002-2003;Regiões metropolitanas;22203;Tratamento ambulatorial;Assistência à saúde;Serviços médicos;Alta;ok;;22;"";1.6545;120;1.0381;0.0651;0.0793;6594;1.3052;2.0038;0.0392;0.091;3.0407
2002-2003;Regiões metropolitanas;22204;Serviços de cirurgia;Assistência à saúde;Serviços médicos;Média;ok;;22;2017;0.7452;58;2.3958;0.1503;0.1831;6594;0.4928;0.9975;0.0694;0.2312;7.0179
2002-2003;Regiões metropolitanas;22205;Hospitalização;Assistência à saúde;Serviços médicos;Alta;ok;;22;"";0.398;33;0.3911;0.0245;0.0299;6594;0.2206;0.5754;0.0061;0.043;1.1457
2002-2003;Regiões metropolitanas;22206;Exames médicos;Assistência à saúde;Serviços médicos;Alta;ok;;22;"";7.1499;616;1.7329;0.1087;0.1324;6594;6.3575;7.9424;0.0889;0.1286;5.0762
2002-2003;Regiões metropolitanas;22301;Plano e seguro de saúde;Assistência à saúde;Plano e outros;Alta;ok;;22;"";35.1282;2306;36.6842;2.3012;2.8037;6594;33.4219;36.8346;2.1108;2.4916;107.4572
2002-2003;Regiões metropolitanas;22302;Outros serviços de saúde;Assistência à saúde;Plano e outros;Alta;ok;;22;"";4.5772;283;1.1355;0.0712;0.0868;6594;3.8322;5.3223;0.0435;0.099;3.3263
2002-2003;Regiões metropolitanas;23101;Cursos regulares (ensino fundamental/médio);Educação;Cursos;Média;ok;;23;1987;15.8485;1199;33.3992;1.6783;2.0448;6594;14.7017;16.9953;1.4663;1.8903;78.3729
2002-2003;Regiões metropolitanas;23102;Curso superior;Educação;Cursos;Alta;ok;;23;"";7.8653;545;32.2921;1.6227;1.977;6594;6.8438;8.8867;1.3494;1.896;75.7751
2002-2003;Regiões metropolitanas;23103;Outros cursos e formação;Educação;Cursos;Média;ok;;23;1987;24.7593;1697;20.1506;1.0126;1.2337;6594;23.2076;26.3109;0.8646;1.1605;47.2845
2002-2003;Regiões metropolitanas;23201;Livros e revistas técnicas;Educação;Material e outros;Média;ok;;23;2017;20.3908;1578;4.0585;0.2039;0.2485;6594;18.9314;21.8502;0.1811;0.2268;9.5234
2002-2003;Regiões metropolitanas;23202;Artigos escolares;Educação;Material e outros;Alta;ok;;23;"";45.9827;3187;4.7255;0.2375;0.2893;6594;44.0398;47.9256;0.2139;0.261;11.0885
2002-2003;Regiões metropolitanas;23203;Outros gastos com educação;Educação;Material e outros;Alta;ok;;23;"";28.303;2091;5.3741;0.2701;0.329;6594;26.5764;30.0297;0.2324;0.3077;12.6106
2002-2003;Regiões metropolitanas;24101;Brinquedos e jogos;Recreação e cultura;Diversões e esportes;Alta;ok;;24;"";34.9871;2408;11.6664;0.3305;0.4026;6594;33.268;36.7062;0.2991;0.3619;15.4324
2002-2003;Regiões metropolitanas;24102;Diversões e esportes;Recreação e cultura;Diversões e esportes;Alta;ok;;24;"";48.0076;3251;53.4086;1.5129;1.8433;6594;46.0836;49.9317;1.4021;1.6237;70.6493
2002-2003;Regiões metropolitanas;24201;Telefone celular e acessórios (aquisição);Recreação e cultura;Dispositivos e mídia;Média (ausência histórica esperada);ok;;24;1987, 2017;20.6445;1514;11.0398;0.3127;0.381;6594;19.1952;22.0938;0.2845;0.341;14.6035
2002-2003;Regiões metropolitanas;24202;Periódicos, livros e revistas não técnicas;Recreação e cultura;Dispositivos e mídia;Alta;ok;;24;"";28.8537;1749;18.2742;0.5177;0.6307;6594;27.1085;30.5988;0.4501;0.5853;24.1733
2002-2003;Regiões metropolitanas;24301;Outras recreações e cultura;Recreação e cultura;Outras recreações;Alta;ok;;24;"";7.9343;524;5.611;0.1589;0.1937;6594;7.0218;8.8469;0.1138;0.2041;7.4223
2002-2003;Regiões metropolitanas;25101;Fumo;Serviços pessoais;Serviços pessoais;Alta;ok;;25;"";28.3304;1738;36.5178;0.619;0.7542;6594;26.3428;30.3179;0.5653;0.6727;28.9063
2002-2003;Regiões metropolitanas;25102;Cabeleireiro;Serviços pessoais;Serviços pessoais;Alta;ok;;25;"";81.4451;5347;39.2229;0.6649;0.8101;6594;80.0283;82.8619;0.6306;0.6991;31.0476
2002-2003;Regiões metropolitanas;25103;Manicure e pedicure;Serviços pessoais;Serviços pessoais;Alta;ok;;25;"";24.872;1750;13.2191;0.2241;0.273;6594;23.376;26.3681;0.2056;0.2426;10.4638
2002-2003;Regiões metropolitanas;25104;Consertos de artigos pessoais;Serviços pessoais;Serviços pessoais;Alta;ok;;25;"";9.1777;615;2.1329;0.0362;0.044;6594;8.2627;10.0927;0.0245;0.0478;1.6883
2002-2003;Regiões metropolitanas;25105;Outros serviços pessoais;Serviços pessoais;Serviços pessoais;Alta;ok;;25;"";16.1195;1175;8.9074;0.151;0.184;6594;14.7982;17.4408;0.1321;0.1699;7.0508
2002-2003;Regiões metropolitanas;26101;Jogos e apostas;Despesas diversas;Despesas diversas;Alta;ok;;26;"";14.1037;925;10.0503;0.289;0.3521;6594;12.8795;15.328;0.2072;0.3708;13.4956
2002-2003;Regiões metropolitanas;26102;Comunicação (outros);Despesas diversas;Despesas diversas;Média;ok;;26;1995;15.456;998;8.3377;0.2398;0.2921;6594;13.8876;17.0244;0.1998;0.2797;11.1959
2002-2003;Regiões metropolitanas;26103;Cerimônias e festas;Despesas diversas;Despesas diversas;Alta;ok;;26;"";26.1714;2031;20.1856;0.5805;0.7072;6594;24.4319;27.9109;0.4999;0.661;27.1053
2002-2003;Regiões metropolitanas;26104;Serviços profissionais e cartório;Despesas diversas;Despesas diversas;Média;ok;;26;2017;10.095;644;28.8096;0.8284;1.0093;6594;9.0019;11.1882;0.3391;1.3178;38.6856
2002-2003;Regiões metropolitanas;26105;Imóveis de uso ocasional;Despesas diversas;Despesas diversas;Alta;ok;;26;"";16.7532;1093;23.3943;0.6727;0.8196;6594;15.4208;18.0855;0.5682;0.7773;31.414
2002-2003;Regiões metropolitanas;26106;Outras despesas diversas;Despesas diversas;Despesas diversas;Alta;ok;;26;"";44.0925;3155;9.2225;0.2652;0.3231;6594;42.0111;46.1739;0.2389;0.2915;12.384
2008-2009;Regiões metropolitanas;01101;Arroz integral;Cereais e leguminosas;Cereais;Alta;ok;;1;"";25.6995;2326;56.3949;0.3898;0.469;8599;24.2211;27.1778;0.3505;0.4291;17.8038
2008-2009;Regiões metropolitanas;01102;Milho seco;Cereais e leguminosas;Cereais;Alta;ok;;1;"";9.2465;828;6.4755;0.0448;0.0539;8599;8.4183;10.0747;0.0388;0.0507;2.0443
2008-2009;Regiões metropolitanas;01103;Outros;Cereais e leguminosas;Cereais;Alta;ok;;1;"";1.8861;155;1.6829;0.0116;0.014;8599;1.5125;2.2598;0.0087;0.0145;0.5313
2008-2009;Regiões metropolitanas;01201;Feijão-fradinho;Cereais e leguminosas;Leguminosas;Alta;ok;;1;"";2.5461;279;3.2274;0.0223;0.0268;8599;2.1606;2.9316;0.0157;0.0289;1.0189
2008-2009;Regiões metropolitanas;01202;Feijão-jalo;Cereais e leguminosas;Leguminosas;Baixa;ausente;;1;2008, 2017;;;;;;8599;;;;;
2008-2009;Regiões metropolitanas;01203;Feijão-manteiga;Cereais e leguminosas;Leguminosas;Alta;ok;;1;"";0.5473;43;0.6315;0.0044;0.0053;8599;0.3182;0.7764;0.0021;0.0067;0.1994
2008-2009;Regiões metropolitanas;01204;Feijão-mulatinho;Cereais e leguminosas;Leguminosas;Alta;ok;;1;"";2.3467;274;3.4292;0.0237;0.0285;8599;1.9796;2.7138;0.0165;0.0309;1.0826
2008-2009;Regiões metropolitanas;01205;Feijão-preto;Cereais e leguminosas;Leguminosas;Alta;ok;;1;"";8.1262;645;12.9906;0.0898;0.108;8599;7.2538;8.9986;0.0765;0.1031;4.1011
2008-2009;Regiões metropolitanas;01206;Feijão-rajado;Cereais e leguminosas;Leguminosas;Alta;ok;;1;"";8.6042;734;12.5444;0.0867;0.1043;8599;7.6787;9.5297;0.0732;0.1002;3.9603
2008-2009;Regiões metropolitanas;01207;Feijão-roxo;Cereais e leguminosas;Leguminosas;Alta;ok;;1;"";0.0586;6;0.1054;7e-04;9e-04;8599;0.0081;0.109;0;0.0014;0.0333
2008-2009;Regiões metropolitanas;01208;Outros feijões;Cereais e leguminosas;Leguminosas;Alta;ok;;1;"";1.1428;175;1.9852;0.0137;0.0165;8599;0.91;1.3755;0.0095;0.0179;0.6267
2008-2009;Regiões metropolitanas;01209;Outras;Cereais e leguminosas;Leguminosas;Média;ok;;1;2002;0.9257;59;0.5329;0.0037;0.0044;8599;0.6366;1.2149;0.0024;0.005;0.1682
2008-2009;Regiões metropolitanas;02101;Agrião;Hortaliças;Hortaliças folhosas e florais;Alta;ok;;2;"";1.8196;110;0.6624;0.0039;0.0047;8599;1.3265;2.3127;0.0025;0.0052;0.177
2008-2009;Regiões metropolitanas;02102;Alface;Hortaliças;Hortaliças folhosas e florais;Alta;ok;;2;"";17.8962;1421;7.091;0.0415;0.0499;8599;16.5137;19.2788;0.0378;0.0451;1.8947
2008-2009;Regiões metropolitanas;02103;Cheiro-verde;Hortaliças;Hortaliças folhosas e florais;Alta;ok;;2;"";9.5742;927;2.5791;0.0151;0.0182;8599;8.6206;10.5277;0.0133;0.0169;0.6891
2008-2009;Regiões metropolitanas;02104;Couve;Hortaliças;Hortaliças folhosas e florais;Alta;ok;;2;"";7.4852;579;3.9349;0.023;0.0277;8599;6.6585;8.312;0.0195;0.0265;1.0514
2008-2009;Regiões metropolitanas;02105;Couve-flor;Hortaliças;Hortaliças folhosas e florais;Alta;ok;;2;"";1.8708;136;1.1963;0.007;0.0084;8599;1.4673;2.2744;0.0054;0.0086;0.3197
2008-2009;Regiões metropolitanas;02106;Repolho fresco;Hortaliças;Hortaliças folhosas e florais;Alta;ok;;2;"";4.9174;437;1.7633;0.0103;0.0124;8599;4.3222;5.5125;0.0089;0.0117;0.4712
2008-2009;Regiões metropolitanas;02107;Outras;Hortaliças;Hortaliças folhosas e florais;Alta;ok;;2;"";8.1228;690;3.3448;0.0196;0.0235;8599;7.2746;8.971;0.0166;0.0225;0.8937
2008-2009;Regiões metropolitanas;02201;Abóbora comum;Hortaliças;Hortaliças frutosas;Alta;ok;;2;"";5.1431;487;2.5548;0.0149;0.018;8599;4.5478;5.7384;0.0128;0.0171;0.6826
2008-2009;Regiões metropolitanas;02202;Abobrinha;Hortaliças;Hortaliças frutosas;Alta;ok;;2;"";3.3206;212;1.437;0.0084;0.0101;8599;2.7294;3.9118;0.0068;0.0101;0.384
2008-2009;Regiões metropolitanas;02203;Berinjela;Hortaliças;Hortaliças frutosas;Alta;ok;;2;"";1.9061;123;0.8906;0.0052;0.0063;8599;1.4985;2.3136;0.0039;0.0065;0.238
2008-2009;Regiões metropolitanas;02204;Cebola;Hortaliças;Hortaliças frutosas;Alta;ok;;2;"";20.6851;1879;8.8761;0.0519;0.0625;8599;19.4061;21.9641;0.0477;0.0562;2.3717
2008-2009;Regiões metropolitanas;02205;Chuchu;Hortaliças;Hortaliças frutosas;Alta;ok;;2;"";5.2593;490;1.773;0.0104;0.0125;8599;4.6439;5.8747;0.0089;0.0118;0.4737
2008-2009;Regiões metropolitanas;02206;Jiló;Hortaliças;Hortaliças frutosas;Alta;ok;;2;"";1.2826;114;0.4615;0.0027;0.0032;8599;0.9607;1.6045;0.0019;0.0035;0.1233
2008-2009;Regiões metropolitanas;02207;Pepino fresco;Hortaliças;Hortaliças frutosas;Alta;ok;;2;"";3.3491;271;1.1046;0.0065;0.0078;8599;2.7254;3.9728;0.0051;0.0078;0.2952
2008-2009;Regiões metropolitanas;02208;Pimentão;Hortaliças;Hortaliças frutosas;Alta;ok;;2;"";9.1379;858;2.6228;0.0153;0.0185;8599;8.3037;9.9721;0.0133;0.0174;0.7008
2008-2009;Regiões metropolitanas;02209;Quiabo;Hortaliças;Hortaliças frutosas;Alta;ok;;2;"";1.7611;169;0.957;0.0056;0.0067;8599;1.4439;2.0784;0.0044;0.0068;0.2557
2008-2009;Regiões metropolitanas;02210;Tomate;Hortaliças;Hortaliças frutosas;Alta;ok;;2;"";25.2967;2268;18.0839;0.1058;0.1273;8599;23.8531;26.7404;0.0973;0.1143;4.832
2008-2009;Regiões metropolitanas;02211;Vagem;Hortaliças;Hortaliças frutosas;Alta;ok;;2;"";2.2023;164;1.2667;0.0074;0.0089;8599;1.7423;2.6624;0.0056;0.0092;0.3385
2008-2009;Regiões metropolitanas;02212;Outras;Hortaliças;Hortaliças frutosas;Alta;ok;;2;"";5.8882;497;5.0187;0.0294;0.0353;8599;5.225;6.5514;0.0246;0.0341;1.341
2008-2009;Regiões metropolitanas;02301;Alho;Hortaliças;Hortaliças tuberosas e outras;Alta;ok;;2;"";9.5461;768;5.2273;0.0306;0.0368;8599;8.688;10.4042;0.0271;0.034;1.3967
2008-2009;Regiões metropolitanas;02302;Batata-doce;Hortaliças;Hortaliças tuberosas e outras;Alta;ok;;2;"";1.8709;179;0.8526;0.005;0.006;8599;1.4989;2.2428;0.0038;0.0061;0.2278
2008-2009;Regiões metropolitanas;02303;Batata-inglesa;Hortaliças;Hortaliças tuberosas e outras;Alta;ok;;2;"";15.7042;1377;10.4303;0.061;0.0734;8599;14.5422;16.8663;0.0549;0.0672;2.7869
2008-2009;Regiões metropolitanas;02304;Batata não especificada;Hortaliças;Hortaliças tuberosas e outras;Alta;ok;;2;"";8.0361;633;5.7427;0.0336;0.0404;8599;7.2062;8.8659;0.0289;0.0383;1.5344
2008-2009;Regiões metropolitanas;02305;Beterraba;Hortaliças;Hortaliças tuberosas e outras;Alta;ok;;2;"";3.6154;331;1.634;0.0096;0.0115;8599;3.1251;4.1058;0.0079;0.0112;0.4366
2008-2009;Regiões metropolitanas;02306;Cenoura;Hortaliças;Hortaliças tuberosas e outras;Alta;ok;;2;"";12.6968;1084;5.5174;0.0323;0.0388;8599;11.6506;13.7429;0.0291;0.0354;1.4742
2008-2009;Regiões metropolitanas;02307;Inhame;Hortaliças;Hortaliças tuberosas e outras;Alta;ok;;2;"";1.9661;167;1.1624;0.0068;0.0082;8599;1.5769;2.3553;0.0054;0.0082;0.3106
2008-2009;Regiões metropolitanas;02308;Mandioca;Hortaliças;Hortaliças tuberosas e outras;Alta;ok;;2;"";3.8885;384;2.7855;0.0163;0.0196;8599;3.3673;4.4096;0.0133;0.0193;0.7443
2008-2009;Regiões metropolitanas;02309;Outras;Hortaliças;Hortaliças tuberosas e outras;Alta;ok;;2;"";1.4734;134;1.0294;0.006;0.0072;8599;1.1508;1.796;0.0042;0.0078;0.2751
2008-2009;Regiões metropolitanas;03101;Abacate;Frutas;Frutas de clima tropical;Alta;ok;;3;"";1.9507;159;0.9803;0.0056;0.0068;8599;1.5053;2.3961;0.0043;0.007;0.2579
2008-2009;Regiões metropolitanas;03102;Abacaxi;Frutas;Frutas de clima tropical;Alta;ok;;3;"";4.29;355;3.3769;0.0195;0.0234;8599;3.6528;4.9272;0.0164;0.0225;0.8884
2008-2009;Regiões metropolitanas;03103;Banana-d'água;Frutas;Frutas de clima tropical;Alta;ok;;3;"";7.9679;525;5.1314;0.0296;0.0356;8599;7.0554;8.8804;0.0255;0.0336;1.35
2008-2009;Regiões metropolitanas;03104;Banana-maçã;Frutas;Frutas de clima tropical;Alta;ok;;3;"";0.7823;80;0.5869;0.0034;0.0041;8599;0.5214;1.0432;0.002;0.0047;0.1544
2008-2009;Regiões metropolitanas;03105;Banana-prata;Frutas;Frutas de clima tropical;Alta;ok;;3;"";13.7847;1213;11.2695;0.0649;0.0781;8599;12.6932;14.8761;0.0592;0.0706;2.9648
2008-2009;Regiões metropolitanas;03106;Outras bananas;Frutas;Frutas de clima tropical;Alta;ok;;3;"";7.4884;749;5.7911;0.0334;0.0401;8599;6.6915;8.2854;0.0287;0.0381;1.5235
2008-2009;Regiões metropolitanas;03107;Laranja-baía;Frutas;Frutas de clima tropical;Baixa;ok;;3;1987, 1995;0.5482;53;0.4044;0.0023;0.0028;8599;0.3847;0.7116;0.0014;0.0032;0.1064
2008-2009;Regiões metropolitanas;03108;Laranja-lima;Frutas;Frutas de clima tropical;Alta;ok;;3;"";2.012;143;1.5033;0.0087;0.0104;8599;1.591;2.4331;0.0065;0.0108;0.3955
2008-2009;Regiões metropolitanas;03109;Laranja-pêra;Frutas;Frutas de clima tropical;Alta;ok;;3;"";9.4398;756;6.4918;0.0374;0.045;8599;8.4131;10.4665;0.0322;0.0426;1.7079
2008-2009;Regiões metropolitanas;03110;Laranja-seleta;Frutas;Frutas de clima tropical;Alta;ok;;3;"";0.3058;22;0.2343;0.0013;0.0016;8599;0.1547;0.4569;5e-04;0.0022;0.0616
2008-2009;Regiões metropolitanas;03111;Limão comum;Frutas;Frutas de clima tropical;Alta;ok;;3;"";6.825;519;2.3634;0.0136;0.0164;8599;5.8612;7.7888;0.0116;0.0157;0.6218
2008-2009;Regiões metropolitanas;03112;Mamão;Frutas;Frutas de clima tropical;Alta;ok;;3;"";9.7528;802;8.4294;0.0486;0.0584;8599;8.8412;10.6644;0.043;0.0541;2.2176
2008-2009;Regiões metropolitanas;03113;Manga;Frutas;Frutas de clima tropical;Alta;ok;;3;"";4.9712;392;3.7428;0.0216;0.0259;8599;4.3195;5.6229;0.018;0.0251;0.9847
2008-2009;Regiões metropolitanas;03114;Maracujá;Frutas;Frutas de clima tropical;Alta;ok;;3;"";2.0075;204;1.5655;0.009;0.0108;8599;1.6331;2.382;0.007;0.0111;0.4119
2008-2009;Regiões metropolitanas;03115;Melancia;Frutas;Frutas de clima tropical;Alta;ok;;3;"";3.7003;346;3.8466;0.0222;0.0267;8599;3.1139;4.2867;0.0179;0.0264;1.012
2008-2009;Regiões metropolitanas;03116;Melão;Frutas;Frutas de clima tropical;Alta;ok;;3;"";2.0766;168;2.2798;0.0131;0.0158;8599;1.6101;2.543;0.0099;0.0164;0.5998
2008-2009;Regiões metropolitanas;03117;Tangerina;Frutas;Frutas de clima tropical;Alta;ok;;3;"";5.4514;419;3.4832;0.0201;0.0241;8599;4.6694;6.2335;0.0166;0.0236;0.9164
2008-2009;Regiões metropolitanas;03118;Outras;Frutas;Frutas de clima tropical;Alta;ok;;3;"";20.1481;1758;19.7761;0.1139;0.1371;8599;18.8256;21.4707;0.1039;0.1239;5.2027
2008-2009;Regiões metropolitanas;03201;Caqui;Frutas;Frutas de clima temperado;Baixa;ausente;;3;2002, 2008, 2017;;;;;;8599;;;;;
2008-2009;Regiões metropolitanas;03202;Maçã;Frutas;Frutas de clima temperado;Média;ok;;3;2002;0.0629;4;0.0849;5e-04;6e-04;8599;0;0.1456;0;0.0011;0.0223
2008-2009;Regiões metropolitanas;03203;Pêra;Frutas;Frutas de clima temperado;Alta;ok;;3;"";3.7514;295;4.1171;0.0237;0.0285;8599;3.1078;4.3951;0.0193;0.0281;1.0831
2008-2009;Regiões metropolitanas;03204;Uva;Frutas;Frutas de clima temperado;Alta;ok;;3;"";4.0689;344;5.2559;0.0303;0.0364;8599;3.4875;4.6504;0.0247;0.0358;1.3827
2008-2009;Regiões metropolitanas;03205;Outras;Frutas;Frutas de clima temperado;Alta;ok;;3;"";7.3629;576;9.2855;0.0535;0.0644;8599;6.4966;8.2292;0.0451;0.0619;2.4428
2008-2009;Regiões metropolitanas;04101;Coco-açaí em pasta;Cocos, castanhas e nozes;Cocos;Alta;ok;;4;"";1.3632;168;40.7755;0.0161;0.0193;8599;1.0582;1.6682;0.0127;0.0194;0.7335
2008-2009;Regiões metropolitanas;04103;Coco-da-baía;Cocos, castanhas e nozes;Cocos;Alta;ok;;4;"";2.4633;224;29.4317;0.0116;0.0139;8599;1.9955;2.931;0.0085;0.0146;0.5294
2008-2009;Regiões metropolitanas;04104;Outros;Cocos, castanhas e nozes;Cocos;Alta;ok;;4;"";1.1319;120;29.7928;0.0117;0.0141;8599;0.8612;1.4027;0.0069;0.0166;0.5359
2008-2009;Regiões metropolitanas;05101;Farinha de mandioca;Farinhas, féculas e massas;Farinhas;Alta;ok;;5;"";8.9662;1021;12.1357;0.0458;0.0551;8599;8.2362;9.6962;0.0407;0.0509;2.0908
2008-2009;Regiões metropolitanas;05102;Farinha de rosca;Farinhas, féculas e massas;Farinhas;Alta;ok;;5;"";0.6575;42;0.5222;0.002;0.0024;8599;0.3816;0.9333;0.0011;0.0028;0.09
2008-2009;Regiões metropolitanas;05103;Farinha de trigo;Farinhas, féculas e massas;Farinhas;Alta;ok;;5;"";6.9901;552;9.6449;0.0364;0.0438;8599;6.1994;7.7808;0.0307;0.042;1.6617
2008-2009;Regiões metropolitanas;05104;Farinha vitaminada;Farinhas, féculas e massas;Farinhas;Alta;ok;;5;"";2.1841;225;5.3928;0.0203;0.0245;8599;1.8434;2.5249;0.0157;0.025;0.9291
2008-2009;Regiões metropolitanas;05105;Outras;Farinhas, féculas e massas;Farinhas;Alta;ok;;5;"";0.7852;72;1.3235;0.005;0.006;8599;0.5636;1.0068;0.0031;0.0069;0.228
2008-2009;Regiões metropolitanas;05201;Amido de milho;Farinhas, féculas e massas;Féculas;Alta;ok;;5;"";1.2109;107;1.2255;0.0046;0.0056;8599;0.8817;1.5401;0.0032;0.006;0.2111
2008-2009;Regiões metropolitanas;05202;Fubá de milho;Farinhas, féculas e massas;Féculas;Alta;ok;;5;"";4.8549;498;4.666;0.0176;0.0212;8599;4.2316;5.4782;0.0146;0.0206;0.8039
2008-2009;Regiões metropolitanas;05203;Fécula de mandioca;Farinhas, féculas e massas;Féculas;Baixa;ausente;;5;2008, 2017;;;;;;8599;;;;;
2008-2009;Regiões metropolitanas;05204;Flocos de milho;Farinhas, féculas e massas;Féculas;Alta;ok;;5;"";2.2159;190;4.0967;0.0155;0.0186;8599;1.7385;2.6934;0.0116;0.0193;0.7058
2008-2009;Regiões metropolitanas;05206;Flocos de cereal;Farinhas, féculas e massas;Féculas;Alta;ok;;5;"";2.4857;216;5.5249;0.0208;0.0251;8599;2.0432;2.9282;0.0154;0.0263;0.9519
2008-2009;Regiões metropolitanas;05301;Macarrão com ovos;Farinhas, féculas e massas;Massas;Alta;ok;;5;"";22.926;2038;40.6667;0.1534;0.1846;8599;21.6404;24.2115;0.1373;0.1695;7.0063
2008-2009;Regiões metropolitanas;05302;Massa de pastel;Farinhas, féculas e massas;Massas;Alta;ok;;5;"";1.872;136;2.8174;0.0106;0.0128;8599;1.4507;2.2933;0.0076;0.0137;0.4854
2008-2009;Regiões metropolitanas;05303;Massa de pizza;Farinhas, féculas e massas;Massas;Alta;ok;;5;"";3.8459;332;11.9837;0.0452;0.0544;8599;3.3049;4.387;0.0368;0.0536;2.0646
2008-2009;Regiões metropolitanas;06101;Pão de forma industrializado;Panificados;Pães;Alta;ok;;6;"";12.2773;802;5.7475;0.0784;0.0943;8599;11.1275;13.427;0.069;0.0877;3.5803
2008-2009;Regiões metropolitanas;06102;Pão doce;Panificados;Pães;Alta;ok;;6;"";8.3456;703;4.6323;0.0632;0.076;8599;7.4127;9.2784;0.0515;0.0748;2.8856
2008-2009;Regiões metropolitanas;06103;Pão francês;Panificados;Pães;Alta;ok;;6;"";72.4233;6312;51.2823;0.6994;0.8415;8599;70.9956;73.8509;0.6549;0.7439;31.9449
2008-2009;Regiões metropolitanas;06104;Pão caseiro;Panificados;Pães;Alta;ok;;6;"";14.4436;1314;8.0728;0.1101;0.1325;8599;13.3643;15.5229;0.0993;0.1209;5.0287
2008-2009;Regiões metropolitanas;06201;Bolo de trigo;Panificados;Bolos;Alta;ok;;6;"";8.7705;744;6.8363;0.0932;0.1122;8599;7.6414;9.8996;0.0755;0.111;4.2585
2008-2009;Regiões metropolitanas;06301;Biscoito doce;Panificados;Biscoitos, roscas, etc.;Alta;ok;;6;"";24.5198;2158;12.6539;0.1726;0.2076;8599;23.1134;25.9262;0.1578;0.1873;7.8824
2008-2009;Regiões metropolitanas;06302;Biscoito salgado;Panificados;Biscoitos, roscas, etc.;Alta;ok;;6;"";21.8191;1911;9.6546;0.1317;0.1584;8599;20.4505;23.1876;0.1166;0.1467;6.0141
2008-2009;Regiões metropolitanas;06303;Biscoito não especificado;Panificados;Biscoitos, roscas, etc.;Alta;ok;;6;"";2.9971;316;1.1203;0.0153;0.0184;8599;2.5189;3.4753;0.0122;0.0184;0.6979
2008-2009;Regiões metropolitanas;07101;Alcatra;Carnes;Carnes bovinas de primeira;Alta;ok;;7;"";3.8069;325;6.9517;0.1338;0.161;8599;3.2542;4.3596;0.1097;0.1579;6.1104
2008-2009;Regiões metropolitanas;07102;Carne moída;Carnes;Carnes bovinas de primeira;Alta;ok;;7;"";7.7681;667;10.926;0.2103;0.253;8599;6.9803;8.5558;0.1744;0.2461;9.6037
2008-2009;Regiões metropolitanas;07103;Carne não especificada;Carnes;Carnes bovinas de primeira;Alta;ok;;7;"";7.5431;607;10.7582;0.207;0.2491;8599;6.7083;8.378;0.178;0.2361;9.4562
2008-2009;Regiões metropolitanas;07104;Chã-de-dentro;Carnes;Carnes bovinas de primeira;Alta;ok;;7;"";3.9908;289;4.5614;0.0878;0.1056;8599;3.3824;4.5992;0.0716;0.104;4.0094
2008-2009;Regiões metropolitanas;07105;Contrafilé;Carnes;Carnes bovinas de primeira;Alta;ok;;7;"";0.0442;2;0.2639;0.0051;0.0061;8599;0;0.1097;0;0.0127;0.232
2008-2009;Regiões metropolitanas;07106;Filé e filé mignon;Carnes;Carnes bovinas de primeira;Alta;ok;;7;"";0.7007;49;1.5463;0.0298;0.0358;8599;0.4224;0.9791;0.0182;0.0413;1.3591
2008-2009;Regiões metropolitanas;07107;Lagarto comum;Carnes;Carnes bovinas de primeira;Alta;ok;;7;"";1.5545;127;1.8511;0.0356;0.0429;8599;1.1597;1.9494;0.0248;0.0464;1.627
2008-2009;Regiões metropolitanas;07108;Lagarto redondo;Carnes;Carnes bovinas de primeira;Média;sem_registro;;7;2002;0;0;0;0;0;8599;0;0;0;0;0
2008-2009;Regiões metropolitanas;07109;Patinho;Carnes;Carnes bovinas de primeira;Alta;ok;;7;"";0.0061;1;0.0157;3e-04;4e-04;8599;0;0.018;0;9e-04;0.0138
2008-2009;Regiões metropolitanas;07201;Acém;Carnes;Carnes bovinas de segunda;Alta;ok;;7;"";4.6421;326;4.2346;0.0815;0.0981;8599;3.8555;5.4287;0.0639;0.0991;3.7221
2008-2009;Regiões metropolitanas;07203;Carne moída;Carnes;Carnes bovinas de segunda;Média;ok;;7;2002;9.4257;846;7.8582;0.1512;0.182;8599;8.5534;10.298;0.1316;0.1709;6.9071
2008-2009;Regiões metropolitanas;07204;Costela;Carnes;Carnes bovinas de segunda;Alta;ok;;7;"";3.9299;351;4.3949;0.0846;0.1018;8599;3.3452;4.5147;0.0678;0.1013;3.863
2008-2009;Regiões metropolitanas;07205;Músculo;Carnes;Carnes bovinas de segunda;Alta;ok;;7;"";2.0017;196;1.9381;0.0373;0.0449;8599;1.604;2.3993;0.0288;0.0458;1.7035
2008-2009;Regiões metropolitanas;07206;Pá;Carnes;Carnes bovinas de segunda;Alta;ok;;7;"";1.6114;162;1.5762;0.0303;0.0365;8599;1.2688;1.954;0.023;0.0377;1.3854
2008-2009;Regiões metropolitanas;07207;Peito;Carnes;Carnes bovinas de segunda;Alta;ok;;7;"";1.0015;104;0.7737;0.0149;0.0179;8599;0.7303;1.2728;0.0104;0.0194;0.6801
2008-2009;Regiões metropolitanas;07208;Outros  Capa de filé;Carnes;Carnes bovinas de segunda;Alta;ok;;7;"";24.9439;2316;22.7916;0.4386;0.5277;8599;23.6476;26.2401;0.3984;0.4789;20.0333
2008-2009;Regiões metropolitanas;07401;Carré;Carnes;Carnes suínas com osso e sem osso;Alta;ok;;7;"";2.0702;126;1.3999;0.0269;0.0324;8599;1.6261;2.5142;0.0207;0.0332;1.2305
2008-2009;Regiões metropolitanas;07402;Costela;Carnes;Carnes suínas com osso e sem osso;Alta;ok;;7;"";1.9759;157;1.6401;0.0316;0.038;8599;1.5399;2.4118;0.0234;0.0397;1.4416
2008-2009;Regiões metropolitanas;07403;Lombo;Carnes;Carnes suínas com osso e sem osso;Alta;ok;;7;"";0.7346;59;0.5325;0.0102;0.0123;8599;0.4501;1.0191;0.0063;0.0142;0.4681
2008-2009;Regiões metropolitanas;07404;Pernil;Carnes;Carnes suínas com osso e sem osso;Alta;ok;;7;"";0.1099;11;0.1179;0.0023;0.0027;8599;0.0389;0.181;5e-04;0.0041;0.1036
2008-2009;Regiões metropolitanas;07405;Porco eviscerado;Carnes;Carnes suínas com osso e sem osso;Alta;ok;;7;"";0.2291;28;0.2216;0.0043;0.0051;8599;0.1318;0.3264;0.0016;0.0069;0.1947
2008-2009;Regiões metropolitanas;07501;Mortadela;Carnes;Carnes suínas outras;Alta;ok;;7;"";11.2232;888;2.6264;0.0505;0.0608;8599;10.2516;12.1948;0.045;0.0561;2.3085
2008-2009;Regiões metropolitanas;07502;Presunto;Carnes;Carnes suínas outras;Alta;ok;;7;"";11.073;910;3.5265;0.0679;0.0817;8599;10.0577;12.0884;0.0601;0.0756;3.0997
2008-2009;Regiões metropolitanas;07503;Salsicha;Carnes;Carnes suínas outras;Alta;ok;;7;"";10.0304;859;3.6052;0.0694;0.0835;8599;9.1134;10.9475;0.0592;0.0795;3.1689
2008-2009;Regiões metropolitanas;07504;Toucinho fresco;Carnes;Carnes suínas outras;Alta;ok;;7;"";3.3334;281;1.1338;0.0218;0.0263;8599;2.8548;3.812;0.018;0.0256;0.9966
2008-2009;Regiões metropolitanas;07506;Outras;Carnes;Carnes suínas outras;Alta;ok;;7;"";2.917;283;2.1459;0.0413;0.0497;8599;2.4437;3.3903;0.0332;0.0494;1.8862
2008-2009;Regiões metropolitanas;07601;Linguiça;Carnes;Carnes de outros animais;Alta;ok;;7;"";1.7976;143;0.7174;0.0138;0.0166;8599;1.4113;2.1839;0.0105;0.0171;0.6306
2008-2009;Regiões metropolitanas;07602;Outras;Carnes;Carnes de outros animais;Alta;ok;;7;"";2.78;276;1.8914;0.0364;0.0438;8599;2.2851;3.275;0.0286;0.0442;1.6625
2008-2009;Regiões metropolitanas;08101;Bovina Fígado;Vísceras;Vísceras;Alta;ok;;8;"";3.2528;318;50.1303;0.0256;0.0307;8599;2.7372;3.7685;0.0212;0.0299;1.1671
2008-2009;Regiões metropolitanas;08102;Bovina Outras;Vísceras;Vísceras;Alta;ok;;8;"";1.3514;158;23.7714;0.0121;0.0146;8599;1.0918;1.611;0.009;0.0152;0.5534
2008-2009;Regiões metropolitanas;08103;Vísceras suínas;Vísceras;Vísceras;Alta;ok;;8;"";0.3504;32;6.3951;0.0033;0.0039;8599;0.2094;0.4914;0.0016;0.005;0.1489
2008-2009;Regiões metropolitanas;08104;Outras vísceras;Vísceras;Vísceras;Alta;ok;;8;"";1.2028;98;19.7031;0.01;0.0121;8599;0.9004;1.5053;0.0071;0.013;0.4587
2008-2009;Regiões metropolitanas;09101;Bacalhau;Pescados;Peixes de água salgada (marinhos);Alta;ok;;9;"";0.4249;35;9.6962;0.023;0.0276;8599;0.2475;0.6023;0.0079;0.038;1.049
2008-2009;Regiões metropolitanas;09102;Sardinha fresca;Pescados;Peixes de água salgada (marinhos);Alta;ok;;9;"";0.2492;26;1.0841;0.0026;0.0031;8599;0.1332;0.3651;0.0011;0.004;0.1173
2008-2009;Regiões metropolitanas;09103;Sardinha em conserva;Pescados;Peixes de água salgada (marinhos);Alta;ok;;9;"";2.5396;249;6.9543;0.0165;0.0198;8599;2.1128;2.9664;0.0127;0.0203;0.7523
2008-2009;Regiões metropolitanas;09104;Atum e bonito;Pescados;Peixes de água salgada (marinhos);Alta;ok;;9;"";1.4334;95;4.9214;0.0117;0.014;8599;1.0472;1.8196;0.008;0.0153;0.5324
2008-2009;Regiões metropolitanas;09105;Pescada;Pescados;Peixes de água salgada (marinhos);Alta;ok;;9;"";1.1453;125;7.9905;0.0189;0.0228;8599;0.8811;1.4096;0.0135;0.0243;0.8644
2008-2009;Regiões metropolitanas;09106;Corvina;Pescados;Peixes de água salgada (marinhos);Alta;ok;;9;"";0.6007;60;6.0669;0.0144;0.0173;8599;0.4157;0.7857;0.0072;0.0216;0.6563
2008-2009;Regiões metropolitanas;09107;Cação e tubarão;Pescados;Peixes de água salgada (marinhos);Alta;ok;;9;"";0.2841;22;2.1752;0.0052;0.0062;8599;0.1355;0.4326;0.0023;0.008;0.2353
2008-2009;Regiões metropolitanas;09108;Outros peixes marinhos - fresco/inteiro;Pescados;Peixes de água salgada (marinhos);Baixa;ok;;9;"";2.0012;193;11.9546;0.0283;0.0341;8599;1.6083;2.3941;0.0205;0.0361;1.2933
2008-2009;Regiões metropolitanas;09109;Outros peixes marinhos - em filé;Pescados;Peixes de água salgada (marinhos);Média;ok;;9;"";1.3821;116;12.9487;0.0307;0.0369;8599;1.0927;1.6715;0.0205;0.0408;1.4008
2008-2009;Regiões metropolitanas;09110;Outros peixes marinhos - em postas;Pescados;Peixes de água salgada (marinhos);Baixa;ok;;9;"";0.5539;50;5.3202;0.0126;0.0152;8599;0.3317;0.7761;0.0069;0.0183;0.5756
2008-2009;Regiões metropolitanas;09111;Outros peixes marinhos - salgado/seco;Pescados;Peixes de água salgada (marinhos);Média;compartilhado;09108, 09105;9;1995;;;;;;8599;;;;;
2008-2009;Regiões metropolitanas;09112;Outros peixes marinhos - em conserva;Pescados;Peixes de água salgada (marinhos);Média;ok;;9;"";0.2085;18;0.8179;0.0019;0.0023;8599;0.0784;0.3386;6e-04;0.0033;0.0885
2008-2009;Regiões metropolitanas;09201;Tilápia;Pescados;Peixes de água doce;Alta;ok;;9;"";0.2075;23;1.0995;0.0026;0.0031;8599;0.0975;0.3175;0.0011;0.0041;0.119
2008-2009;Regiões metropolitanas;09202;Outros peixes de água doce (nominados);Pescados;Peixes de água doce;Média;ok;;9;"";0.6703;61;3.9741;0.0094;0.0113;8599;0.3616;0.979;0.0055;0.0134;0.4299
2008-2009;Regiões metropolitanas;09203;Peixes de água doce - fresco/inteiro;Pescados;Peixes de água doce;Média;ok;;9;"";1.3057;157;10.9149;0.0259;0.0311;8599;1.0053;1.606;0.0176;0.0341;1.1808
2008-2009;Regiões metropolitanas;09204;Peixes de água doce - filé/postas;Pescados;Peixes de água doce;Média;ok;;9;"";0.397;47;3.6691;0.0087;0.0105;8599;0.2503;0.5436;0.004;0.0134;0.3969
2008-2009;Regiões metropolitanas;09205;Peixes de água doce - salgado/conserva;Pescados;Peixes de água doce;Média;compartilhado;09203;9;1995;;;;;;8599;;;;;
2008-2009;Regiões metropolitanas;09401;Camarão;Pescados;Crustáceos;Alta;ok;;9;"";0.9019;83;9.6517;0.0229;0.0275;8599;0.6532;1.1507;0.0144;0.0314;1.0442
2008-2009;Regiões metropolitanas;09402;Camarão processado;Pescados;Crustáceos;Média;ok;;9;1987, 1995;0.0076;1;0.0157;0;0;8599;0;0.0224;0;1e-04;0.0017
2008-2009;Regiões metropolitanas;09403;Lagosta;Pescados;Crustáceos;Alta;ok;;9;"";0.0096;1;0.2339;6e-04;7e-04;8599;0;0.0283;0;0.0016;0.0253
2008-2009;Regiões metropolitanas;09404;Caranguejo e siri;Pescados;Crustáceos;Alta;ok;;9;"";0.0238;4;0.1407;3e-04;4e-04;8599;7e-04;0.0468;0;8e-04;0.0152
2008-2009;Regiões metropolitanas;09501;Ostras, mariscos e mexilhões;Pescados;Moluscos;Alta;ok;;9;"";0.0423;6;0.2298;5e-04;7e-04;8599;7e-04;0.0838;0;0.0012;0.0249
2008-2009;Regiões metropolitanas;09502;Lula e polvo;Pescados;Moluscos;Alta;ok;;9;"";0.015;1;0.1405;3e-04;4e-04;8599;0;0.0444;0;0.001;0.0152
2008-2009;Regiões metropolitanas;09601;Rã;Pescados;Outros pescados e preparações;Alta;sem_compra;;9;"";0;0;0;0;0;8599;0;0;0;0;0
2008-2009;Regiões metropolitanas;10101;Asa de frango;Aves e ovos;Aves;Alta;ok;;10;"";2.5489;209;4.2714;0.0307;0.037;8599;2.1388;2.9589;0.0246;0.0368;1.4032
2008-2009;Regiões metropolitanas;10102;Carne de frango não especificada;Aves e ovos;Aves;Alta;ok;;10;"";3.7642;307;6.5334;0.047;0.0565;8599;3.2347;4.2936;0.0384;0.0555;2.1462
2008-2009;Regiões metropolitanas;10103;Coxa de frango;Aves e ovos;Aves;Alta;ok;;10;"";5.8126;457;10.5245;0.0757;0.0911;8599;5.105;6.5202;0.0645;0.0868;3.4573
2008-2009;Regiões metropolitanas;10104;Frango abatido (inteiro);Aves e ovos;Aves;Alta;ok;;10;"";14.2862;1504;33.3719;0.24;0.2888;8599;13.1905;15.3819;0.2163;0.2637;10.9626
2008-2009;Regiões metropolitanas;10105;Frango vivo;Aves e ovos;Aves;Alta;ok;;10;"";0.2016;19;0.6864;0.0049;0.0059;8599;0.0919;0.3112;0.002;0.0079;0.2255
2008-2009;Regiões metropolitanas;10106;Peito de frango;Aves e ovos;Aves;Alta;ok;;10;"";9.076;670;18.6371;0.134;0.1613;8599;8.2119;9.94;0.1185;0.1496;6.1222
2008-2009;Regiões metropolitanas;10107;Outras;Aves e ovos;Aves;Alta;ok;;10;"";6.0549;503;9.0451;0.0651;0.0783;8599;5.3008;6.8091;0.0517;0.0784;2.9713
2008-2009;Regiões metropolitanas;10201;Ovo de galinha;Aves e ovos;Ovos;Alta;ok;;10;"";24.2101;2237;16.6548;0.1198;0.1441;8599;22.9485;25.4717;0.1113;0.1283;5.4711
2008-2009;Regiões metropolitanas;10202;Outros;Aves e ovos;Ovos;Alta;ok;;10;"";0.4992;40;0.2753;0.002;0.0024;8599;0.2997;0.6987;0.0011;0.0028;0.0904
2008-2009;Regiões metropolitanas;11101;Creme de leite;Laticínios;Leite e creme de leite;Alta;ok;;11;"";5.7157;509;1.9016;0.0251;0.0302;8599;5.0349;6.3964;0.0216;0.0285;1.1451
2008-2009;Regiões metropolitanas;11102;Leite condensado;Laticínios;Leite e creme de leite;Alta;ok;;11;"";6.5545;554;3.0461;0.0402;0.0483;8599;5.8702;7.2388;0.0347;0.0456;1.8343
2008-2009;Regiões metropolitanas;11103;Leite de vaca fresco;Laticínios;Leite e creme de leite;Alta;ok;;11;"";36.3262;2993;35.1622;0.4636;0.5578;8599;34.6966;37.9559;0.4268;0.5003;21.1738
2008-2009;Regiões metropolitanas;11104;Leite de vaca pasteurizado;Laticínios;Leite e creme de leite;Alta;ok;;11;"";7.2282;565;5.7655;0.076;0.0915;8599;6.2788;8.1776;0.0631;0.089;3.4718
2008-2009;Regiões metropolitanas;11105;Leite em pó integral;Laticínios;Leite e creme de leite;Alta;ok;;11;"";8.8998;988;9.4978;0.1252;0.1507;8599;8.1389;9.6607;0.1087;0.1417;5.7193
2008-2009;Regiões metropolitanas;11106;Outros;Laticínios;Leite e creme de leite;Alta;ok;;11;"";10.6674;908;5.288;0.0697;0.0839;8599;9.7988;11.536;0.0622;0.0773;3.1843
2008-2009;Regiões metropolitanas;11201;Queijo minas;Laticínios;Queijos e requeijão;Alta;ok;;11;"";6.9031;596;6.3731;0.084;0.1011;8599;6.1798;7.6264;0.0716;0.0964;3.8377
2008-2009;Regiões metropolitanas;11202;Queijo mozarela;Laticínios;Queijos e requeijão;Alta;ok;;11;"";12.4553;977;7.7956;0.1028;0.1237;8599;11.3843;13.5263;0.091;0.1146;4.6943
2008-2009;Regiões metropolitanas;11203;Queijo prato;Laticínios;Queijos e requeijão;Alta;ok;;11;"";6.8003;513;4.0515;0.0534;0.0643;8599;5.9962;7.6045;0.0458;0.0611;2.4397
2008-2009;Regiões metropolitanas;11204;Outros queijos;Laticínios;Queijos e requeijão;Alta;ok;;11;"";6.6268;483;4.1198;0.0543;0.0654;8599;5.8119;7.4417;0.0446;0.064;2.4809
2008-2009;Regiões metropolitanas;11205;Requeijão;Laticínios;Queijos e requeijão;Alta;ok;;11;"";6.0543;396;2.9547;0.039;0.0469;8599;5.1899;6.9188;0.0333;0.0446;1.7792
2008-2009;Regiões metropolitanas;11301;Iogurte;Laticínios;Outros laticínios;Alta;ok;;11;"";14.991;1304;8.6228;0.1137;0.1368;8599;13.8155;16.1666;0.1025;0.1249;5.1924
2008-2009;Regiões metropolitanas;11302;Leite fermentado;Laticínios;Outros laticínios;Alta;ok;;11;"";4.5037;361;2.5788;0.034;0.0409;8599;3.8463;5.1611;0.0278;0.0402;1.5529
2008-2009;Regiões metropolitanas;11303;Manteiga;Laticínios;Outros laticínios;Alta;ok;;11;"";4.9866;470;2.4971;0.0329;0.0396;8599;4.4057;5.5675;0.0284;0.0374;1.5037
2008-2009;Regiões metropolitanas;11304;Outros;Laticínios;Outros laticínios;Alta;ok;;11;"";0.9937;100;0.3453;0.0046;0.0055;8599;0.7436;1.2438;0.0032;0.0059;0.2079
2008-2009;Regiões metropolitanas;12101;Açúcar cristal;Açúcares e produtos de confeitaria;Açúcares, doces e produtos de confeitaria;Alta;ok;;12;"";15.5106;1518;17.3768;0.0947;0.114;8599;14.3222;16.699;0.0838;0.1057;4.3273
2008-2009;Regiões metropolitanas;12102;Açúcar refinado;Açúcares e produtos de confeitaria;Açúcares, doces e produtos de confeitaria;Alta;ok;;12;"";6.4807;472;7.4653;0.0407;0.049;8599;5.5399;7.4215;0.0326;0.0488;1.859
2008-2009;Regiões metropolitanas;12103;Outros;Açúcares e produtos de confeitaria;Açúcares, doces e produtos de confeitaria;Alta;ok;;12;"";1.9206;184;2.5497;0.0139;0.0167;8599;1.5445;2.2967;0.0104;0.0174;0.6349
2008-2009;Regiões metropolitanas;12201;Doce a base de leite;Açúcares e produtos de confeitaria;Doces e derivados;Alta;ok;;12;"";2.7493;248;2.8662;0.0156;0.0188;8599;2.3007;3.1979;0.0126;0.0187;0.7138
2008-2009;Regiões metropolitanas;12202;Doce de fruta;Açúcares e produtos de confeitaria;Doces e derivados;Alta;ok;;12;"";3.338;344;3.557;0.0194;0.0233;8599;2.859;3.817;0.0158;0.023;0.8858
2008-2009;Regiões metropolitanas;12203;Sorvete;Açúcares e produtos de confeitaria;Doces e derivados;Alta;ok;;12;"";5.1314;431;14.2641;0.0778;0.0936;8599;4.4987;5.764;0.0642;0.0913;3.5521
2008-2009;Regiões metropolitanas;12204;Outros;Açúcares e produtos de confeitaria;Doces e derivados;Alta;ok;;12;"";27.7714;2451;50.1218;0.2733;0.3288;8599;26.2648;29.278;0.247;0.2996;12.4815
2008-2009;Regiões metropolitanas;12301;Chocolate em pó;Açúcares e produtos de confeitaria;Outros açucares e produtos de confeitaria;Alta;ok;;12;"";0.0431;7;0.0468;3e-04;3e-04;8599;0.0047;0.0815;0;5e-04;0.0117
2008-2009;Regiões metropolitanas;12302;Outros;Açúcares e produtos de confeitaria;Outros açucares e produtos de confeitaria;Alta;ok;;12;"";1.4248;126;1.7523;0.0096;0.0115;8599;1.095;1.7547;0.0071;0.012;0.4364
2008-2009;Regiões metropolitanas;13101;Sal grosso;Sais e condimentos;Sais;Alta;ok;;13;"";0.6034;71;1.4575;0.003;0.0036;8599;0.4462;0.7607;0;0.0059;0.1361
2008-2009;Regiões metropolitanas;13102;Sal refinado;Sais e condimentos;Sais;Alta;ok;;13;"";6.043;560;5.8722;0.012;0.0144;8599;5.3294;6.7567;0.0095;0.0145;0.5484
2008-2009;Regiões metropolitanas;13103;Outros;Sais e condimentos;Sais;Alta;ok;;13;"";0.2423;20;0.4356;9e-04;0.0011;8599;0.1086;0.3761;1e-04;0.0017;0.0407
2008-2009;Regiões metropolitanas;13201;Caldo de carne em tablete;Sais e condimentos;Condimentos;Alta;ok;;13;"";2.5316;234;3.5636;0.0073;0.0088;8599;2.0966;2.9665;0.0052;0.0093;0.3328
2008-2009;Regiões metropolitanas;13202;Caldo de galinha em tablete;Sais e condimentos;Condimentos;Alta;ok;;13;"";2.8025;230;3.9341;0.008;0.0097;8599;2.3535;3.2515;0.0059;0.0102;0.3674
2008-2009;Regiões metropolitanas;13203;Fermento;Sais e condimentos;Condimentos;Alta;ok;;13;"";2.2424;170;3.6064;0.0074;0.0089;8599;1.8263;2.6585;0.0058;0.0089;0.3368
2008-2009;Regiões metropolitanas;13204;Maionese;Sais e condimentos;Condimentos;Alta;ok;;13;"";5.5552;455;11.9839;0.0245;0.0295;8599;4.8723;6.238;0.0208;0.0282;1.1191
2008-2009;Regiões metropolitanas;13205;Massa de tomate;Sais e condimentos;Condimentos;Alta;ok;;13;"";7.9916;692;16.9834;0.0347;0.0418;8599;7.2234;8.7598;0.0295;0.04;1.586
2008-2009;Regiões metropolitanas;13206;Molho de tomate;Sais e condimentos;Condimentos;Alta;ok;;13;"";8.4291;594;19.9463;0.0408;0.0491;8599;7.5318;9.3265;0.0354;0.0462;1.8627
2008-2009;Regiões metropolitanas;13207;Tempero misto;Sais e condimentos;Condimentos;Alta;ok;;13;"";4.0383;419;6.1702;0.0126;0.0152;8599;3.5053;4.5713;0.0097;0.0155;0.5762
2008-2009;Regiões metropolitanas;13208;Vinagre de álcool;Sais e condimentos;Condimentos;Alta;ok;;13;"";1.6842;194;1.7474;0.0036;0.0043;8599;1.3861;1.9822;0.0029;0.0043;0.1632
2008-2009;Regiões metropolitanas;13209;Vinagre de vinho;Sais e condimentos;Condimentos;Alta;ok;;13;"";0.7796;54;0.9064;0.0019;0.0022;8599;0.5304;1.0289;0.0012;0.0025;0.0846
2008-2009;Regiões metropolitanas;13210;Outros;Sais e condimentos;Condimentos;Alta;ok;;13;"";10.1673;869;23.3931;0.0478;0.0575;8599;9.2096;11.125;0.0412;0.0545;2.1846
2008-2009;Regiões metropolitanas;14101;Azeite de oliva;Óleos e gorduras;Óleos;Alta;ok;;14;"";3.3923;236;17.8079;0.0564;0.0679;8599;2.8132;3.9713;0.0459;0.067;2.578
2008-2009;Regiões metropolitanas;14102;Óleo de milho;Óleos e gorduras;Óleos;Alta;ok;;14;"";0.6127;37;2.6499;0.0084;0.0101;8599;0.363;0.8624;0.0045;0.0123;0.3836
2008-2009;Regiões metropolitanas;14103;Óleo de soja;Óleos e gorduras;Óleos;Alta;ok;;14;"";15.9971;1494;40.5346;0.1285;0.1546;8599;14.9083;17.0859;0.1155;0.1415;5.8681
2008-2009;Regiões metropolitanas;14104;Óleo não especificado;Óleos e gorduras;Óleos;Alta;ok;;14;"";1.925;174;5.761;0.0183;0.022;8599;1.5494;2.3007;0.0136;0.0229;0.834
2008-2009;Regiões metropolitanas;14201;Margarina vegetal;Óleos e gorduras;Gorduras;Alta;ok;;14;"";20.0585;1803;33.0726;0.1048;0.1261;8599;18.8948;21.2221;0.0955;0.1141;4.7879
2008-2009;Regiões metropolitanas;14202;Outras;Óleos e gorduras;Gorduras;Alta;ok;;14;"";0.1033;10;0.174;6e-04;7e-04;8599;0.0182;0.1883;1e-04;0.001;0.0252
2008-2009;Regiões metropolitanas;15101;Outras aguardentes;Bebidas e infusões;Bebidas alcoólicas;Alta;ok;;15;"";1.3773;134;1.019;0.0182;0.0219;8599;1.0718;1.6829;0.0112;0.0252;0.8329
2008-2009;Regiões metropolitanas;15102;Cerveja;Bebidas e infusões;Bebidas alcoólicas;Alta;ok;;15;"";14.8871;1273;27.4279;0.4908;0.5906;8599;13.7821;15.992;0.4326;0.549;22.4182
2008-2009;Regiões metropolitanas;15103;Vinho;Bebidas e infusões;Bebidas alcoólicas;Média;ok;;15;1995;2.3121;185;3.5734;0.0639;0.0769;8599;1.8899;2.7343;0.0422;0.0857;2.9207
2008-2009;Regiões metropolitanas;15104;Outras;Bebidas e infusões;Bebidas alcoólicas;Alta;ok;;15;"";1.7184;125;2.8725;0.0514;0.0618;8599;1.3049;2.1319;0.0297;0.0731;2.3479
2008-2009;Regiões metropolitanas;15201;Água mineral;Bebidas e infusões;Bebidas não alcoólicas;Alta;ok;;15;"";7.2509;645;2.8321;0.0507;0.061;8599;6.3969;8.105;0.0416;0.0598;2.3148
2008-2009;Regiões metropolitanas;15202;Refrigerante de cola;Bebidas e infusões;Bebidas não alcoólicas;Alta;ok;;15;"";33.8504;2851;21.2202;0.3797;0.4569;8599;32.0248;35.676;0.3448;0.4147;17.3444
2008-2009;Regiões metropolitanas;15203;Refrigerante de guaraná;Bebidas e infusões;Bebidas não alcoólicas;Alta;ok;;15;"";12.7796;1171;4.4204;0.0791;0.0952;8599;11.7092;13.8499;0.0706;0.0877;3.613
2008-2009;Regiões metropolitanas;15204;Refrigerante de laranja;Bebidas e infusões;Bebidas não alcoólicas;Alta;ok;;15;"";3.0942;279;0.9012;0.0161;0.0194;8599;2.5771;3.6113;0.0129;0.0194;0.7366
2008-2009;Regiões metropolitanas;15205;Refrigerante de limão;Bebidas e infusões;Bebidas não alcoólicas;Alta;ok;;15;"";2.476;179;0.7122;0.0127;0.0153;8599;1.8994;3.0525;0.0093;0.0162;0.5821
2008-2009;Regiões metropolitanas;15206;Outros refrigerantes;Bebidas e infusões;Bebidas não alcoólicas;Alta;ok;;15;"";8.945;731;3.6564;0.0654;0.0787;8599;7.9199;9.9702;0.0543;0.0765;2.9886
2008-2009;Regiões metropolitanas;15207;Suco de fruta em pó;Bebidas e infusões;Bebidas não alcoólicas;Alta;ok;;15;"";9.7735;860;2.4402;0.0437;0.0525;8599;8.557;10.99;0.0367;0.0506;1.9945
2008-2009;Regiões metropolitanas;15208;Suco de fruta envasado;Bebidas e infusões;Bebidas não alcoólicas;Alta;ok;;15;"";15.351;1292;8.889;0.1591;0.1914;8599;14.0406;16.6615;0.1324;0.1857;7.2654
2008-2009;Regiões metropolitanas;15209;Outras;Bebidas e infusões;Bebidas não alcoólicas;Alta;ok;;15;"";2.9969;202;2.2184;0.0397;0.0478;8599;2.4178;3.576;0.0294;0.05;1.8132
2008-2009;Regiões metropolitanas;15301;Café moído;Bebidas e infusões;Cafés;Alta;ok;;15;"";28.1945;2435;15.3077;0.2739;0.3296;8599;26.794;29.5951;0.2493;0.2986;12.5118
2008-2009;Regiões metropolitanas;15302;Café solúvel;Bebidas e infusões;Cafés;Alta;ok;;15;"";3.1211;329;1.24;0.0222;0.0267;8599;2.6324;3.6097;0.018;0.0264;1.0136
2008-2009;Regiões metropolitanas;15303;Outros;Bebidas e infusões;Cafés;Alta;ok;;15;"";0.0894;9;0.0565;0.001;0.0012;8599;0.0225;0.1564;0;0.0024;0.0462
2008-2009;Regiões metropolitanas;15401;Chá-mate;Bebidas e infusões;Chás;Alta;ok;;15;"";2.2744;191;0.7078;0.0127;0.0152;8599;1.8359;2.713;0.0099;0.0154;0.5786
2008-2009;Regiões metropolitanas;15402;Outros;Bebidas e infusões;Chás;Alta;ok;;15;"";2.0312;155;0.5049;0.009;0.0109;8599;1.6301;2.4322;0.0069;0.0112;0.4127
2008-2009;Regiões metropolitanas;16101;Frango assado ou defumado;Outros produtos;Outros produtos;Baixa;ausente;;16;2002, 2008, 2017;;;;;;8599;;;;;
2008-2009;Regiões metropolitanas;16102;Massa;Outros produtos;Outros produtos;Média;ok;;16;2017;0.0348;2;0.0059;4e-04;5e-04;8599;0;0.0834;0;9e-04;0.0174
2008-2009;Regiões metropolitanas;16103;Outros produtos;Outros produtos;Outros produtos;Alta;ok;;16;"";9.8503;753;12.1619;0.7918;0.9527;8599;8.7531;10.9474;0.585;0.9986;36.1654
2008-2009;Regiões metropolitanas;16104;Refeição;Outros produtos;Outros produtos;Alta;ok;;16;"";57.3808;4595;74.2283;4.8326;5.8146;8599;55.6044;59.1571;4.5578;5.1075;220.7292
2008-2009;Regiões metropolitanas;16105;Salgadinho;Outros produtos;Outros produtos;Alta;ok;;16;"";37.4845;3368;13.4258;0.8741;1.0517;8599;35.7412;39.2278;0.8016;0.9466;39.9237
2008-2009;Regiões metropolitanas;16106;Mistura para bolo;Outros produtos;Outros produtos;Alta;ok;;16;"";2.1233;200;0.1781;0.0116;0.014;8599;1.7221;2.5245;0.0081;0.0151;0.5297
2008-2009;Regiões metropolitanas;17101;Aluguel;Serviços e taxas de habitação;Habitação e utilidades;Alta;ok;;17;"";99.1312;8518;61.0223;16.8878;;8599;98.9013;99.3611;16.312;17.4635;771.345
2008-2009;Regiões metropolitanas;17102;Energia elétrica;Serviços e taxas de habitação;Habitação e utilidades;Alta;ok;;17;"";91.9962;7886;9.9757;2.7608;3.3217;8599;90.8222;93.1702;2.6399;2.8816;126.0971
2008-2009;Regiões metropolitanas;17103;Gás doméstico;Serviços e taxas de habitação;Habitação e utilidades;Alta;ok;;17;"";90.2012;7826;2.9118;0.8058;0.9696;8599;88.849;91.5534;0.7621;0.8495;36.8059
2008-2009;Regiões metropolitanas;17104;Água e esgoto;Serviços e taxas de habitação;Habitação e utilidades;Alta;ok;;17;"";66.8293;5960;3.9033;1.0802;1.2997;8599;64.1828;69.4758;0.999;1.1615;49.3389
2008-2009;Regiões metropolitanas;17201;Telefone fixo;Serviços e taxas de habitação;Telefonia e comunicações;Alta;ok;;17;"";43.5533;3385;5.2592;1.4555;1.7512;8599;41.8655;45.2411;1.3617;1.5492;66.478
2008-2009;Regiões metropolitanas;17202;Telefone celular (plano/serviço);Serviços e taxas de habitação;Telefonia e comunicações;Média (ausência histórica esperada);ok;;17;1987;54.819;5070;7.6222;2.1094;2.5381;8599;52.8087;56.8293;1.9667;2.2521;96.3479
2008-2009;Regiões metropolitanas;17301;Outros serviços e taxas de habitação;Serviços e taxas de habitação;Outros serviços de habitação;Alta;ok;;17;"";35.9334;2908;9.3055;2.5753;3.0985;8599;33.6021;38.2648;2.2283;2.9222;117.6246
2008-2009;Regiões metropolitanas;18101;Manutenção do lar;Habitação;Manutenção e limpeza;Alta;ok;;18;"";39.4011;3320;49.9204;5.1537;6.2009;8599;37.6264;41.1759;4.418;5.8894;235.3952
2008-2009;Regiões metropolitanas;18102;Artigos de limpeza doméstica;Habitação;Manutenção e limpeza;Alta;ok;;18;"";34.7472;3060;5.4454;0.5622;0.6764;8599;33.2149;36.2796;0.5213;0.6031;25.6774
2008-2009;Regiões metropolitanas;18103;Consertos de artigos do lar;Habitação;Manutenção e limpeza;Alta;ok;;18;"";13.8972;1268;2.4755;0.2556;0.3075;8599;12.8579;14.9365;0.2215;0.2897;11.673
2008-2009;Regiões metropolitanas;18201;Mobiliários e artigos do lar;Habitação;Mobiliário e eletrodomésticos;Alta;ok;;18;"";65.516;5731;18.5017;1.9101;2.2982;8599;63.7503;67.2817;1.7482;2.072;87.2431
2008-2009;Regiões metropolitanas;18202;Eletrodomésticos;Habitação;Mobiliário e eletrodomésticos;Alta;ok;;18;"";72.7574;6263;23.657;2.4423;2.9386;8599;71.0272;74.4876;2.3113;2.5733;111.5523
2008-2009;Regiões metropolitanas;19101;Roupa de homem;Vestuário;Roupas;Alta;ok;;19;"";54.031;4694;23.4622;1.1566;1.3916;8599;52.1377;55.9244;1.0892;1.224;52.827
2008-2009;Regiões metropolitanas;19102;Roupa de mulher;Vestuário;Roupas;Alta;ok;;19;"";61.0344;5302;29.4907;1.4538;1.7492;8599;59.1917;62.8771;1.3826;1.5249;66.4006
2008-2009;Regiões metropolitanas;19103;Roupa de criança;Vestuário;Roupas;Alta;ok;;19;"";39.0547;3457;10.7411;0.5295;0.6371;8599;37.4941;40.6154;0.4879;0.5711;24.1844
2008-2009;Regiões metropolitanas;19104;Tecidos e armarinhos;Vestuário;Roupas;Alta;ok;;19;"";8.0476;802;1.0316;0.0509;0.0612;8599;7.2231;8.8721;0.0386;0.0631;2.3227
2008-2009;Regiões metropolitanas;19201;Calçados e apetrechos;Vestuário;Calçados e acessórios;Alta;ok;;19;"";65.6627;5773;30.155;1.4865;1.7886;8599;63.7669;67.5585;1.2864;1.6867;67.8963
2008-2009;Regiões metropolitanas;19202;Joias e bijuterias;Vestuário;Calçados e acessórios;Alta;ok;;19;"";31.7625;2883;5.1194;0.2524;0.3036;8599;30.0725;33.4526;0.2189;0.2858;11.5267
2008-2009;Regiões metropolitanas;20101;Transporte urbano e coletivo;Transporte;Transporte coletivo;Alta;ok;;20;"";65.9276;5567;19.0881;3.8977;4.6897;8599;64.285;67.5702;3.6431;4.1523;178.0267
2008-2009;Regiões metropolitanas;20201;Gasolina para veículo próprio;Transporte;Veículo próprio;Alta;ok;;20;"";26.8159;2217;15.2656;3.1172;3.7506;8599;25.3488;28.2829;2.9051;3.3293;142.3758
2008-2009;Regiões metropolitanas;20202;Álcool para veículo próprio;Transporte;Veículo próprio;Alta;ok;;20;"";4.964;320;2.2767;0.4649;0.5593;8599;4.1055;5.8224;0.385;0.5448;21.2336
2008-2009;Regiões metropolitanas;20203;Manutenção de veículo próprio;Transporte;Veículo próprio;Alta;ok;;20;"";27.3668;2340;8.16;1.6662;2.0048;8599;25.7257;29.0079;1.4993;1.8332;76.1048
2008-2009;Regiões metropolitanas;20301;Aquisição de veículos;Transporte;Aquisição e outros;Alta;ok;;20;"";21.6476;1751;37.5467;7.6669;9.2247;8599;20.1687;23.1265;6.8327;8.501;350.1814
2008-2009;Regiões metropolitanas;20302;Viagens esporádicas;Transporte;Aquisição e outros;Alta;ok;;20;"";27.1198;2412;12.3267;2.517;3.0285;8599;25.456;28.7836;2.1272;2.9069;114.9653
2008-2009;Regiões metropolitanas;20303;Outros transportes;Transporte;Aquisição e outros;Alta;ok;;20;"";31.2264;2372;5.3363;1.0896;1.311;8599;29.3739;33.0788;0.9709;1.2084;49.7689
2008-2009;Regiões metropolitanas;21101;Perfume e colônia;Higiene e cuidados pessoais;Higiene e cuidados pessoais;Alta;ok;;21;"";35.329;3153;38.8863;0.875;1.0528;8599;33.5506;37.1074;0.802;0.9481;39.9675
2008-2009;Regiões metropolitanas;21102;Produtos para cabelo;Higiene e cuidados pessoais;Higiene e cuidados pessoais;Alta;ok;;21;"";15.065;1290;7.0449;0.1585;0.1907;8599;13.749;16.381;0.1423;0.1748;7.2408
2008-2009;Regiões metropolitanas;21103;Sabonete e produtos de banho;Higiene e cuidados pessoais;Higiene e cuidados pessoais;Alta;ok;;21;"";17.4555;1524;4.7577;0.1071;0.1288;8599;16.3284;18.5826;0.0958;0.1184;4.89
2008-2009;Regiões metropolitanas;21104;Outros produtos de higiene pessoal;Higiene e cuidados pessoais;Higiene e cuidados pessoais;Alta;ok;;21;"";60.4925;5353;49.3111;1.1096;1.3351;8599;58.7187;62.2662;1.027;1.1923;50.6823
2008-2009;Regiões metropolitanas;22101;Remédios e produtos farmacêuticos;Assistência à saúde;Medicamentos e materiais;Alta;ok;;22;"";81.8304;7067;41.5194;2.9759;3.5806;8599;80.3772;83.2836;2.5927;3.3591;135.9243
2008-2009;Regiões metropolitanas;22102;Material de tratamento médico;Assistência à saúde;Medicamentos e materiais;Alta;ok;;22;"";12.7183;969;4.1751;0.2993;0.3601;8599;11.3659;14.0706;0.241;0.3575;13.6683
2008-2009;Regiões metropolitanas;22201;Consulta e tratamento dentário;Assistência à saúde;Serviços médicos;Alta;ok;;22;"";4.5119;393;4.0286;0.2887;0.3474;8599;3.8204;5.2033;0.2149;0.3626;13.1885
2008-2009;Regiões metropolitanas;22202;Consulta médica;Assistência à saúde;Serviços médicos;Alta;ok;;22;"";10.1276;941;2.6973;0.1933;0.2326;8599;9.1174;11.1378;0.1481;0.2385;8.8302
2008-2009;Regiões metropolitanas;22203;Tratamento ambulatorial;Assistência à saúde;Serviços médicos;Alta;ok;;22;"";2.4424;156;3.1314;0.2244;0.27;8599;1.8413;3.0434;0.1433;0.3056;10.2513
2008-2009;Regiões metropolitanas;22204;Serviços de cirurgia;Assistência à saúde;Serviços médicos;Média;ok;;22;2017;0.5434;42;1.2117;0.0869;0.1045;8599;0.3271;0.7597;0.0446;0.1291;3.9669
2008-2009;Regiões metropolitanas;22205;Hospitalização;Assistência à saúde;Serviços médicos;Alta;ok;;22;"";0.2451;20;0.3184;0.0228;0.0275;8599;0.1105;0.3797;0.0068;0.0388;1.0422
2008-2009;Regiões metropolitanas;22206;Exames médicos;Assistência à saúde;Serviços médicos;Alta;ok;;22;"";6.8651;706;1.4474;0.1037;0.1248;8599;6.1643;7.5659;0.0848;0.1227;4.7384
2008-2009;Regiões metropolitanas;22301;Plano e seguro de saúde;Assistência à saúde;Plano e outros;Alta;ok;;22;"";35.6397;2714;40.7356;2.9197;3.513;8599;33.6988;37.5805;2.6929;3.1466;133.3583
2008-2009;Regiões metropolitanas;22302;Outros serviços de saúde;Assistência à saúde;Plano e outros;Alta;ok;;22;"";4.4174;347;0.7352;0.0527;0.0634;8599;3.7291;5.1056;0.0356;0.0698;2.4067
2008-2009;Regiões metropolitanas;23101;Cursos regulares (ensino fundamental/médio);Educação;Cursos;Média;ok;;23;1987;9.6747;890;30.413;1.0794;1.2988;8599;8.7075;10.642;0.845;1.3138;49.3027
2008-2009;Regiões metropolitanas;23102;Curso superior;Educação;Cursos;Alta;ok;;23;"";6.3488;542;33.0763;1.174;1.4125;8599;5.4624;7.2352;0.9374;1.4106;53.6202
2008-2009;Regiões metropolitanas;23103;Outros cursos e formação;Educação;Cursos;Média;ok;;23;1987;19.7562;1641;22.7748;0.8083;0.9726;8599;18.2968;21.2156;0.703;0.9137;36.9204
2008-2009;Regiões metropolitanas;23201;Livros e revistas técnicas;Educação;Material e outros;Média;ok;;23;2017;11.9686;1181;4.0627;0.1442;0.1735;8599;10.9548;12.9824;0.1213;0.1671;6.5861
2008-2009;Regiões metropolitanas;23202;Artigos escolares;Educação;Material e outros;Alta;ok;;23;"";36.2536;3309;4.9281;0.1749;0.2105;8599;34.3671;38.1402;0.1562;0.1936;7.989
2008-2009;Regiões metropolitanas;23203;Outros gastos com educação;Educação;Material e outros;Alta;ok;;23;"";13.4703;1382;4.745;0.1684;0.2026;8599;12.3798;14.5609;0.137;0.1998;7.6921
2008-2009;Regiões metropolitanas;24101;Brinquedos e jogos;Recreação e cultura;Diversões e esportes;Alta;ok;;24;"";27.6506;2514;12.4718;0.2764;0.3326;8599;26.2549;29.0462;0.24;0.3129;12.6253
2008-2009;Regiões metropolitanas;24102;Diversões e esportes;Recreação e cultura;Diversões e esportes;Alta;ok;;24;"";24.3776;2025;32.7715;0.7263;0.8739;8599;22.8975;25.8577;0.6344;0.8182;33.1748
2008-2009;Regiões metropolitanas;24201;Telefone celular e acessórios (aquisição);Recreação e cultura;Dispositivos e mídia;Média (ausência histórica esperada);ok;;24;1987, 2017;30.0933;2893;14.0848;0.3122;0.3756;8599;28.4475;31.7391;0.2891;0.3352;14.2582
2008-2009;Regiões metropolitanas;24202;Periódicos, livros e revistas não técnicas;Recreação e cultura;Dispositivos e mídia;Alta;ok;;24;"";26.083;2176;19.5337;0.4329;0.5209;8599;24.3395;27.8265;0.374;0.4919;19.7741
2008-2009;Regiões metropolitanas;24301;Outras recreações e cultura;Recreação e cultura;Outras recreações;Alta;ok;;24;"";27.715;2439;21.1381;0.4685;0.5637;8599;26.0579;29.3721;0.4233;0.5137;21.3983
2008-2009;Regiões metropolitanas;25101;Fumo;Serviços pessoais;Serviços pessoais;Alta;ok;;25;"";20.3141;1660;30.3678;0.5179;0.6232;8599;19.0263;21.602;0.465;0.5708;23.6563
2008-2009;Regiões metropolitanas;25102;Cabeleireiro;Serviços pessoais;Serviços pessoais;Alta;ok;;25;"";82.8599;7053;45.4083;0.7744;0.9318;8599;81.66;84.0598;0.7414;0.8075;35.3726
2008-2009;Regiões metropolitanas;25103;Manicure e pedicure;Serviços pessoais;Serviços pessoais;Alta;ok;;25;"";28.7558;2472;13.7035;0.2337;0.2812;8599;27.0011;30.5106;0.2139;0.2535;10.6749
2008-2009;Regiões metropolitanas;25104;Consertos de artigos pessoais;Serviços pessoais;Serviços pessoais;Alta;ok;;25;"";5.856;521;1.3055;0.0223;0.0268;8599;5.1084;6.6036;0.017;0.0275;1.017
2008-2009;Regiões metropolitanas;25105;Outros serviços pessoais;Serviços pessoais;Serviços pessoais;Alta;ok;;25;"";12.1565;1085;9.2149;0.1572;0.1891;8599;10.9678;13.3452;0.125;0.1893;7.1783
2008-2009;Regiões metropolitanas;26101;Jogos e apostas;Despesas diversas;Despesas diversas;Alta;ok;;26;"";14.1035;1256;11.5745;0.291;0.3501;8599;12.9193;15.2877;0.21;0.372;13.2917
2008-2009;Regiões metropolitanas;26102;Comunicação (outros);Despesas diversas;Despesas diversas;Média;ok;;26;1995;13.208;1154;8.8834;0.2233;0.2687;8599;11.9301;14.4859;0.1892;0.2575;10.2014
2008-2009;Regiões metropolitanas;26103;Cerimônias e festas;Despesas diversas;Despesas diversas;Alta;ok;;26;"";22.3603;1881;25.2717;0.6354;0.7645;8599;20.4719;24.2486;0.5513;0.7194;29.0211
2008-2009;Regiões metropolitanas;26104;Serviços profissionais e cartório;Despesas diversas;Despesas diversas;Média;ok;;26;2017;7.0887;557;21.1779;0.5325;0.6407;8599;6.0239;8.1536;0.3888;0.6762;24.3199
2008-2009;Regiões metropolitanas;26105;Imóveis de uso ocasional;Despesas diversas;Despesas diversas;Alta;ok;;26;"";5.2371;429;10.2825;0.2585;0.3111;8599;4.4702;6.0041;0.1773;0.3398;11.808
2008-2009;Regiões metropolitanas;26106;Outras despesas diversas;Despesas diversas;Despesas diversas;Alta;ok;;26;"";37.8436;3390;22.81;0.5735;0.69;8599;36.032;39.6552;0.4889;0.6581;26.1941
2017-2018;Regiões metropolitanas;01101;Arroz integral;Cereais e leguminosas;Cereais;Alta;ok;;1;"";19.6783;2294;52.7483;0.2035;0.2552;11072;18.5244;20.8323;0.1842;0.2227;10.0065
2017-2018;Regiões metropolitanas;01102;Milho seco;Cereais e leguminosas;Cereais;Alta;ok;;1;"";10.1468;1083;12.7828;0.0493;0.0618;11072;9.3141;10.9795;0.042;0.0566;2.4249
2017-2018;Regiões metropolitanas;01103;Outros;Cereais e leguminosas;Cereais;Alta;ok;;1;"";2.7372;291;4.3797;0.0169;0.0212;11072;2.3252;3.1492;0.0133;0.0204;0.8308
2017-2018;Regiões metropolitanas;01201;Feijão-fradinho;Cereais e leguminosas;Leguminosas;Alta;ok;;1;"";1.1987;213;1.8272;0.007;0.0088;11072;0.9992;1.3982;0.0056;0.0085;0.3466
2017-2018;Regiões metropolitanas;01202;Feijão-jalo;Cereais e leguminosas;Leguminosas;Baixa;ausente;;1;2008, 2017;;;;;;11072;;;;;
2017-2018;Regiões metropolitanas;01203;Feijão-manteiga;Cereais e leguminosas;Leguminosas;Alta;ok;;1;"";0.0289;5;0.0604;2e-04;3e-04;11072;3e-04;0.0574;0;5e-04;0.0115
2017-2018;Regiões metropolitanas;01204;Feijão-mulatinho;Cereais e leguminosas;Leguminosas;Alta;ok;;1;"";1.6439;219;2.7401;0.0106;0.0133;11072;1.3485;1.9392;0.0079;0.0132;0.5198
2017-2018;Regiões metropolitanas;01205;Feijão-preto;Cereais e leguminosas;Leguminosas;Alta;ok;;1;"";5.9342;670;9.832;0.0379;0.0476;11072;5.324;6.5444;0.0331;0.0427;1.8652
2017-2018;Regiões metropolitanas;01206;Feijão-rajado;Cereais e leguminosas;Leguminosas;Alta;ok;;1;"";5.9896;664;9.1051;0.0351;0.044;11072;5.3696;6.6097;0.0301;0.0402;1.7273
2017-2018;Regiões metropolitanas;01207;Feijão-roxo;Cereais e leguminosas;Leguminosas;Alta;ok;;1;"";0.137;8;0.2008;8e-04;0.001;11072;0.0023;0.2716;0;0.0016;0.0381
2017-2018;Regiões metropolitanas;01208;Outros feijões;Cereais e leguminosas;Leguminosas;Alta;ok;;1;"";2.2841;258;3.6891;0.0142;0.0178;11072;1.8796;2.6886;0.011;0.0175;0.6998
2017-2018;Regiões metropolitanas;01209;Outras;Cereais e leguminosas;Leguminosas;Média;ok;;1;2002;1.5962;172;2.6346;0.0102;0.0127;11072;1.2827;1.9097;0.0078;0.0125;0.4998
2017-2018;Regiões metropolitanas;02101;Agrião;Hortaliças;Hortaliças folhosas e florais;Alta;ok;;2;"";1.0513;91;0.4348;0.0025;0.0031;11072;0.7699;1.3326;0.0017;0.0032;0.1217
2017-2018;Regiões metropolitanas;02102;Alface;Hortaliças;Hortaliças folhosas e florais;Alta;ok;;2;"";13.9483;1355;6.6302;0.0377;0.0473;11072;12.9515;14.9451;0.0342;0.0412;1.8553
2017-2018;Regiões metropolitanas;02103;Cheiro-verde;Hortaliças;Hortaliças folhosas e florais;Alta;ok;;2;"";7.858;918;3.0843;0.0175;0.022;11072;7.1295;8.5865;0.0157;0.0194;0.8631
2017-2018;Regiões metropolitanas;02104;Couve;Hortaliças;Hortaliças folhosas e florais;Alta;ok;;2;"";7.5317;724;4.9389;0.0281;0.0352;11072;6.8312;8.2323;0.0244;0.0318;1.382
2017-2018;Regiões metropolitanas;02105;Couve-flor;Hortaliças;Hortaliças folhosas e florais;Alta;ok;;2;"";1.7667;156;1.297;0.0074;0.0093;11072;1.3966;2.1368;0.0056;0.0092;0.3629
2017-2018;Regiões metropolitanas;02106;Repolho fresco;Hortaliças;Hortaliças folhosas e florais;Alta;ok;;2;"";3.7092;412;1.4148;0.008;0.0101;11072;3.2676;4.1507;0.0068;0.0093;0.3959
2017-2018;Regiões metropolitanas;02107;Outras;Hortaliças;Hortaliças folhosas e florais;Alta;ok;;2;"";7.8784;863;3.9046;0.0222;0.0279;11072;7.1866;8.5701;0.019;0.0254;1.0926
2017-2018;Regiões metropolitanas;02201;Abóbora comum;Hortaliças;Hortaliças frutosas;Alta;ok;;2;"";5.2368;605;2.4879;0.0142;0.0178;11072;4.6214;5.8521;0.0116;0.0167;0.6962
2017-2018;Regiões metropolitanas;02202;Abobrinha;Hortaliças;Hortaliças frutosas;Alta;ok;;2;"";3.6265;305;1.5274;0.0087;0.0109;11072;3.0522;4.2008;0.007;0.0103;0.4274
2017-2018;Regiões metropolitanas;02203;Berinjela;Hortaliças;Hortaliças frutosas;Alta;ok;;2;"";1.9732;175;0.7488;0.0043;0.0053;11072;1.6128;2.3337;0.0033;0.0052;0.2095
2017-2018;Regiões metropolitanas;02204;Cebola;Hortaliças;Hortaliças frutosas;Alta;ok;;2;"";19.4469;2135;7.606;0.0433;0.0543;11072;18.2765;20.6174;0.0394;0.0472;2.1283
2017-2018;Regiões metropolitanas;02205;Chuchu;Hortaliças;Hortaliças frutosas;Alta;ok;;2;"";4.469;494;1.4881;0.0085;0.0106;11072;3.938;5;0.0069;0.01;0.4164
2017-2018;Regiões metropolitanas;02206;Jiló;Hortaliças;Hortaliças frutosas;Alta;ok;;2;"";1.2369;102;0.5346;0.003;0.0038;11072;0.8975;1.5764;0.002;0.0041;0.1496
2017-2018;Regiões metropolitanas;02207;Pepino fresco;Hortaliças;Hortaliças frutosas;Alta;ok;;2;"";3.5762;358;1.3808;0.0079;0.0099;11072;3.1191;4.0332;0.0064;0.0093;0.3864
2017-2018;Regiões metropolitanas;02208;Pimentão;Hortaliças;Hortaliças frutosas;Alta;ok;;2;"";6.9977;848;2.6363;0.015;0.0188;11072;6.3785;7.6168;0.013;0.017;0.7377
2017-2018;Regiões metropolitanas;02209;Quiabo;Hortaliças;Hortaliças frutosas;Alta;ok;;2;"";2.0861;229;1.315;0.0075;0.0094;11072;1.7224;2.4499;0.0057;0.0093;0.368
2017-2018;Regiões metropolitanas;02210;Tomate;Hortaliças;Hortaliças frutosas;Alta;ok;;2;"";20.8157;2295;17.9186;0.1019;0.1279;11072;19.6742;21.9572;0.0917;0.1122;5.0141
2017-2018;Regiões metropolitanas;02211;Vagem;Hortaliças;Hortaliças frutosas;Alta;ok;;2;"";1.6295;158;1.0598;0.006;0.0076;11072;1.3189;1.9402;0.0047;0.0073;0.2966
2017-2018;Regiões metropolitanas;02212;Outras;Hortaliças;Hortaliças frutosas;Alta;ok;;2;"";5.5276;584;4.7865;0.0272;0.0342;11072;4.9019;6.1534;0.0231;0.0314;1.3394
2017-2018;Regiões metropolitanas;02301;Alho;Hortaliças;Hortaliças tuberosas e outras;Alta;ok;;2;"";9.9781;1031;7.7753;0.0442;0.0555;11072;9.1442;10.8119;0.0395;0.049;2.1757
2017-2018;Regiões metropolitanas;02302;Batata-doce;Hortaliças;Hortaliças tuberosas e outras;Alta;ok;;2;"";5.5031;587;2.8015;0.0159;0.02;11072;4.8761;6.1301;0.0139;0.0179;0.7839
2017-2018;Regiões metropolitanas;02303;Batata-inglesa;Hortaliças;Hortaliças tuberosas e outras;Alta;ok;;2;"";15.4908;1652;10.4849;0.0597;0.0748;11072;14.4686;16.5129;0.0541;0.0652;2.9339
2017-2018;Regiões metropolitanas;02304;Batata não especificada;Hortaliças;Hortaliças tuberosas e outras;Alta;ok;;2;"";3.9568;318;2.7243;0.0155;0.0194;11072;3.4273;4.4863;0.013;0.018;0.7623
2017-2018;Regiões metropolitanas;02305;Beterraba;Hortaliças;Hortaliças tuberosas e outras;Alta;ok;;2;"";3.2902;340;1.2595;0.0072;0.009;11072;2.8108;3.7696;0.0058;0.0085;0.3524
2017-2018;Regiões metropolitanas;02306;Cenoura;Hortaliças;Hortaliças tuberosas e outras;Alta;ok;;2;"";11.146;1232;4.4811;0.0255;0.032;11072;10.3209;11.9711;0.0231;0.0279;1.2539
2017-2018;Regiões metropolitanas;02307;Inhame;Hortaliças;Hortaliças tuberosas e outras;Alta;ok;;2;"";1.5048;182;1.0728;0.0061;0.0077;11072;1.2296;1.7799;0.0048;0.0075;0.3002
2017-2018;Regiões metropolitanas;02308;Mandioca;Hortaliças;Hortaliças tuberosas e outras;Alta;ok;;2;"";3.2676;426;2.3195;0.0132;0.0166;11072;2.848;3.6872;0.0112;0.0152;0.6491
2017-2018;Regiões metropolitanas;02309;Outras;Hortaliças;Hortaliças tuberosas e outras;Alta;ok;;2;"";2.3749;254;1.8868;0.0107;0.0135;11072;1.9904;2.7594;0.0084;0.0131;0.528
2017-2018;Regiões metropolitanas;03101;Abacate;Frutas;Frutas de clima tropical;Alta;ok;;3;"";2.553;259;2.1339;0.012;0.015;11072;2.1474;2.9587;0.0095;0.0145;0.59
2017-2018;Regiões metropolitanas;03102;Abacaxi;Frutas;Frutas de clima tropical;Alta;ok;;3;"";4.3716;471;3.4877;0.0196;0.0246;11072;3.845;4.8982;0.017;0.0222;0.9644
2017-2018;Regiões metropolitanas;03103;Banana-d'água;Frutas;Frutas de clima tropical;Alta;ok;;3;"";9.9338;867;7.3731;0.0415;0.052;11072;9.1319;10.7356;0.0365;0.0464;2.0387
2017-2018;Regiões metropolitanas;03104;Banana-maçã;Frutas;Frutas de clima tropical;Alta;ok;;3;"";1.0193;94;0.9124;0.0051;0.0064;11072;0.72;1.3186;0.0036;0.0067;0.2523
2017-2018;Regiões metropolitanas;03105;Banana-prata;Frutas;Frutas de clima tropical;Alta;ok;;3;"";13.9229;1605;12.0352;0.0677;0.0849;11072;12.984;14.8619;0.062;0.0733;3.3278
2017-2018;Regiões metropolitanas;03106;Outras bananas;Frutas;Frutas de clima tropical;Alta;ok;;3;"";4.3703;550;3.523;0.0198;0.0248;11072;3.8652;4.8754;0.0171;0.0225;0.9741
2017-2018;Regiões metropolitanas;03107;Laranja-baía;Frutas;Frutas de clima tropical;Baixa;ok;;3;1987, 1995;0.4716;55;0.4904;0.0028;0.0035;11072;0.321;0.6222;0.0017;0.0038;0.1356
2017-2018;Regiões metropolitanas;03108;Laranja-lima;Frutas;Frutas de clima tropical;Alta;ok;;3;"";1.8807;195;1.3661;0.0077;0.0096;11072;1.5351;2.2263;0.006;0.0093;0.3777
2017-2018;Regiões metropolitanas;03109;Laranja-pêra;Frutas;Frutas de clima tropical;Alta;ok;;3;"";7.8235;792;6.0101;0.0338;0.0424;11072;7.1386;8.5084;0.0295;0.0381;1.6618
2017-2018;Regiões metropolitanas;03110;Laranja-seleta;Frutas;Frutas de clima tropical;Alta;ok;;3;"";0.3052;31;0.2637;0.0015;0.0019;11072;0.1864;0.424;9e-04;0.0021;0.0729
2017-2018;Regiões metropolitanas;03111;Limão comum;Frutas;Frutas de clima tropical;Alta;ok;;3;"";9.2499;902;4.2156;0.0237;0.0297;11072;8.4183;10.0816;0.0211;0.0263;1.1656
2017-2018;Regiões metropolitanas;03112;Mamão;Frutas;Frutas de clima tropical;Alta;ok;;3;"";8.6004;923;7.0881;0.0398;0.05;11072;7.8896;9.3113;0.035;0.0447;1.9599
2017-2018;Regiões metropolitanas;03113;Manga;Frutas;Frutas de clima tropical;Alta;ok;;3;"";6.2572;605;5.5955;0.0315;0.0395;11072;5.5848;6.9295;0.0247;0.0382;1.5472
2017-2018;Regiões metropolitanas;03114;Maracujá;Frutas;Frutas de clima tropical;Alta;ok;;3;"";2.8024;331;2.2185;0.0125;0.0156;11072;2.4207;3.1842;0.0103;0.0146;0.6134
2017-2018;Regiões metropolitanas;03115;Melancia;Frutas;Frutas de clima tropical;Alta;ok;;3;"";3.4937;372;3.6436;0.0205;0.0257;11072;3.029;3.9584;0.0162;0.0248;1.0075
2017-2018;Regiões metropolitanas;03116;Melão;Frutas;Frutas de clima tropical;Alta;ok;;3;"";3.4026;391;3.3764;0.019;0.0238;11072;2.9738;3.8314;0.016;0.022;0.9336
2017-2018;Regiões metropolitanas;03117;Tangerina;Frutas;Frutas de clima tropical;Alta;ok;;3;"";4.4738;436;3.0821;0.0173;0.0217;11072;3.8561;5.0916;0.0144;0.0202;0.8522
2017-2018;Regiões metropolitanas;03118;Outras;Frutas;Frutas de clima tropical;Alta;ok;;3;"";16.458;1806;14.9285;0.0839;0.1053;11072;15.4952;17.4208;0.0772;0.0907;4.1278
2017-2018;Regiões metropolitanas;03201;Caqui;Frutas;Frutas de clima temperado;Baixa;ausente;;3;2002, 2008, 2017;;;;;;11072;;;;;
2017-2018;Regiões metropolitanas;03202;Maçã;Frutas;Frutas de clima temperado;Média;ok;;3;2002;0.0959;9;0.0922;5e-04;6e-04;11072;0.0244;0.1673;1e-04;9e-04;0.0255
2017-2018;Regiões metropolitanas;03203;Pêra;Frutas;Frutas de clima temperado;Alta;ok;;3;"";3.705;340;3.7229;0.0209;0.0263;11072;3.1969;4.213;0.0172;0.0247;1.0294
2017-2018;Regiões metropolitanas;03204;Uva;Frutas;Frutas de clima temperado;Alta;ok;;3;"";5.0208;521;5.8006;0.0326;0.0409;11072;4.4291;5.6124;0.0281;0.0371;1.6039
2017-2018;Regiões metropolitanas;03205;Outras;Frutas;Frutas de clima temperado;Alta;ok;;3;"";6.8255;674;8.6404;0.0486;0.0609;11072;6.0473;7.6037;0.0418;0.0554;2.3891
2017-2018;Regiões metropolitanas;04101;Coco-açaí em pasta;Cocos, castanhas e nozes;Cocos;Alta;ok;;4;"";1.1395;114;32.1552;0.021;0.0263;11072;0.8829;1.3961;0.0158;0.0262;1.0327
2017-2018;Regiões metropolitanas;04103;Coco-da-baía;Cocos, castanhas e nozes;Cocos;Alta;ok;;4;"";2.8788;310;24.1285;0.0158;0.0198;11072;2.4864;3.2712;0.0129;0.0186;0.7749
2017-2018;Regiões metropolitanas;04104;Outros;Cocos, castanhas e nozes;Cocos;Alta;ok;;4;"";1.4858;146;43.7163;0.0285;0.0358;11072;1.1288;1.8429;0.0199;0.0372;1.404
2017-2018;Regiões metropolitanas;05101;Farinha de mandioca;Farinhas, féculas e massas;Farinhas;Alta;ok;;5;"";7.6291;965;17.4583;0.0509;0.0638;11072;6.9999;8.2583;0.0448;0.0569;2.5019
2017-2018;Regiões metropolitanas;05102;Farinha de rosca;Farinhas, féculas e massas;Farinhas;Alta;ok;;5;"";0.8652;77;1.1852;0.0035;0.0043;11072;0.62;1.1104;0.0024;0.0045;0.1698
2017-2018;Regiões metropolitanas;05103;Farinha de trigo;Farinhas, féculas e massas;Farinhas;Alta;ok;;5;"";5.3158;564;6.5402;0.0191;0.0239;11072;4.6781;5.9534;0.0165;0.0216;0.9372
2017-2018;Regiões metropolitanas;05104;Farinha vitaminada;Farinhas, féculas e massas;Farinhas;Alta;ok;;5;"";1.1338;165;2.7161;0.0079;0.0099;11072;0.9179;1.3498;0.0061;0.0098;0.3892
2017-2018;Regiões metropolitanas;05105;Outras;Farinhas, féculas e massas;Farinhas;Alta;ok;;5;"";0.9234;98;1.8373;0.0054;0.0067;11072;0.6456;1.2011;0.0033;0.0074;0.2633
2017-2018;Regiões metropolitanas;05201;Amido de milho;Farinhas, féculas e massas;Féculas;Alta;ok;;5;"";0.9767;103;1.3335;0.0039;0.0049;11072;0.7409;1.2124;0.0028;0.005;0.1911
2017-2018;Regiões metropolitanas;05202;Fubá de milho;Farinhas, féculas e massas;Féculas;Alta;ok;;5;"";3.2327;408;3.7356;0.0109;0.0137;11072;2.8186;3.6467;0.0091;0.0126;0.5353
2017-2018;Regiões metropolitanas;05203;Fécula de mandioca;Farinhas, féculas e massas;Féculas;Baixa;ausente;;5;2008, 2017;;;;;;11072;;;;;
2017-2018;Regiões metropolitanas;05204;Flocos de milho;Farinhas, féculas e massas;Féculas;Alta;ok;;5;"";2.5775;374;5.361;0.0156;0.0196;11072;2.2136;2.9414;0.0126;0.0186;0.7683
2017-2018;Regiões metropolitanas;05206;Flocos de cereal;Farinhas, féculas e massas;Féculas;Alta;ok;;5;"";2.2724;251;5.1868;0.0151;0.019;11072;1.9142;2.6306;0.0119;0.0183;0.7433
2017-2018;Regiões metropolitanas;05301;Macarrão com ovos;Farinhas, féculas e massas;Massas;Alta;ok;;5;"";17.0445;1915;30.4947;0.0889;0.1114;11072;16.1201;17.969;0.0805;0.0972;4.37
2017-2018;Regiões metropolitanas;05302;Massa de pastel;Farinhas, féculas e massas;Massas;Alta;ok;;5;"";1.3085;140;2.7861;0.0081;0.0102;11072;1.0498;1.5673;0.0059;0.0104;0.3993
2017-2018;Regiões metropolitanas;05303;Massa de pizza;Farinhas, féculas e massas;Massas;Alta;ok;;5;"";5.3016;540;21.3652;0.0623;0.0781;11072;4.7658;5.8374;0.0541;0.0704;3.0617
2017-2018;Regiões metropolitanas;06101;Pão de forma industrializado;Panificados;Pães;Alta;ok;;6;"";9.6137;916;5.664;0.0614;0.0771;11072;8.7665;10.4608;0.0553;0.0676;3.0219
2017-2018;Regiões metropolitanas;06102;Pão doce;Panificados;Pães;Alta;ok;;6;"";8.8036;854;5.2667;0.0571;0.0717;11072;8.0113;9.5959;0.0493;0.065;2.81
2017-2018;Regiões metropolitanas;06103;Pão francês;Panificados;Pães;Alta;ok;;6;"";55.7109;6310;42.7921;0.4642;0.5822;11072;54.2103;57.2114;0.4337;0.4947;22.8312
2017-2018;Regiões metropolitanas;06104;Pão caseiro;Panificados;Pães;Alta;ok;;6;"";16.341;1759;12.1105;0.1314;0.1648;11072;15.357;17.3249;0.1185;0.1443;6.4614
2017-2018;Regiões metropolitanas;06201;Bolo de trigo;Panificados;Bolos;Alta;ok;;6;"";8.3369;909;8.5955;0.0932;0.1169;11072;7.6591;9.0146;0.0785;0.108;4.586
2017-2018;Regiões metropolitanas;06301;Biscoito doce;Panificados;Biscoitos, roscas, etc.;Alta;ok;;6;"";20.3099;2274;13.6404;0.148;0.1856;11072;19.2912;21.3287;0.1257;0.1702;7.2776
2017-2018;Regiões metropolitanas;06302;Biscoito salgado;Panificados;Biscoitos, roscas, etc.;Alta;ok;;6;"";18.6128;2123;10.0218;0.1087;0.1364;11072;17.5935;19.632;0.0993;0.1181;5.347
2017-2018;Regiões metropolitanas;06303;Biscoito não especificado;Panificados;Biscoitos, roscas, etc.;Alta;ok;;6;"";3.7538;437;1.9091;0.0207;0.026;11072;3.3259;4.1816;0.0175;0.0239;1.0186
2017-2018;Regiões metropolitanas;07101;Alcatra;Carnes;Carnes bovinas de primeira;Alta;ok;;7;"";3.151;304;6.906;0.1055;0.1323;11072;2.6678;3.6341;0.076;0.1349;5.1883
2017-2018;Regiões metropolitanas;07102;Carne moída;Carnes;Carnes bovinas de primeira;Alta;ok;;7;"";4.4663;521;6.8632;0.1048;0.1315;11072;3.9628;4.9699;0.0892;0.1204;5.1562
2017-2018;Regiões metropolitanas;07103;Carne não especificada;Carnes;Carnes bovinas de primeira;Alta;ok;;7;"";7.172;737;13.5764;0.2074;0.2601;11072;6.5157;7.8282;0.1831;0.2316;10.1996
2017-2018;Regiões metropolitanas;07104;Chã-de-dentro;Carnes;Carnes bovinas de primeira;Alta;ok;;7;"";2.7669;286;4.2735;0.0653;0.0819;11072;2.3397;3.1942;0.0527;0.0779;3.2106
2017-2018;Regiões metropolitanas;07105;Contrafilé;Carnes;Carnes bovinas de primeira;Alta;ok;;7;"";0.0578;1;0.1131;0.0017;0.0022;11072;0;0.1705;0;0.0051;0.085
2017-2018;Regiões metropolitanas;07106;Filé e filé mignon;Carnes;Carnes bovinas de primeira;Alta;ok;;7;"";0.786;67;2.8139;0.043;0.0539;11072;0.533;1.039;0.0281;0.0579;2.114
2017-2018;Regiões metropolitanas;07107;Lagarto comum;Carnes;Carnes bovinas de primeira;Alta;ok;;7;"";1.431;127;1.9781;0.0302;0.0379;11072;1.0927;1.7693;0.022;0.0384;1.4861
2017-2018;Regiões metropolitanas;07108;Lagarto redondo;Carnes;Carnes bovinas de primeira;Média;sem_registro;;7;2002;0;0;0;0;0;11072;0;0;0;0;0
2017-2018;Regiões metropolitanas;07109;Patinho;Carnes;Carnes bovinas de primeira;Alta;sem_registro;;7;"";0;0;0;0;0;11072;0;0;0;0;0
2017-2018;Regiões metropolitanas;07201;Acém;Carnes;Carnes bovinas de segunda;Alta;ok;;7;"";3.5648;360;3.947;0.0603;0.0756;11072;3.0868;4.0428;0.0491;0.0715;2.9653
2017-2018;Regiões metropolitanas;07203;Carne moída;Carnes;Carnes bovinas de segunda;Média;ok;;7;2002;4.5412;520;5.0963;0.0778;0.0976;11072;3.995;5.0873;0.0655;0.0902;3.8287
2017-2018;Regiões metropolitanas;07204;Costela;Carnes;Carnes bovinas de segunda;Alta;ok;;7;"";2.8538;342;3.2899;0.0503;0.063;11072;2.4547;3.2529;0.0417;0.0588;2.4716
2017-2018;Regiões metropolitanas;07205;Músculo;Carnes;Carnes bovinas de segunda;Alta;ok;;7;"";2.4303;246;3.1132;0.0476;0.0596;11072;2.0341;2.8265;0.0382;0.0569;2.3389
2017-2018;Regiões metropolitanas;07206;Pá;Carnes;Carnes bovinas de segunda;Alta;ok;;7;"";1.2777;157;1.4395;0.022;0.0276;11072;1.0338;1.5217;0.0172;0.0268;1.0815
2017-2018;Regiões metropolitanas;07207;Peito;Carnes;Carnes bovinas de segunda;Alta;ok;;7;"";0.7041;87;0.8029;0.0123;0.0154;11072;0.5101;0.898;0.0082;0.0163;0.6032
2017-2018;Regiões metropolitanas;07208;Outros  Capa de filé;Carnes;Carnes bovinas de segunda;Alta;ok;;7;"";20.0047;2223;24.5603;0.3752;0.4705;11072;18.9713;21.0382;0.342;0.4083;18.4515
2017-2018;Regiões metropolitanas;07401;Carré;Carnes;Carnes suínas com osso e sem osso;Alta;ok;;7;"";2.3879;275;1.6962;0.0259;0.0325;11072;2.0229;2.7528;0.021;0.0308;1.2743
2017-2018;Regiões metropolitanas;07402;Costela;Carnes;Carnes suínas com osso e sem osso;Alta;ok;;7;"";1.7286;172;1.8786;0.0287;0.036;11072;1.3431;2.1142;0.0217;0.0357;1.4113
2017-2018;Regiões metropolitanas;07403;Lombo;Carnes;Carnes suínas com osso e sem osso;Alta;ok;;7;"";1.2814;141;1.0965;0.0167;0.021;11072;1.0344;1.5284;0.013;0.0205;0.8238
2017-2018;Regiões metropolitanas;07404;Pernil;Carnes;Carnes suínas com osso e sem osso;Alta;ok;;7;"";0.1317;10;0.0656;0.001;0.0013;11072;0;0.2666;2e-04;0.0018;0.0493
2017-2018;Regiões metropolitanas;07405;Porco eviscerado;Carnes;Carnes suínas com osso e sem osso;Alta;ok;;7;"";0.1198;17;0.1244;0.0019;0.0024;11072;0.0508;0.1887;7e-04;0.0031;0.0934
2017-2018;Regiões metropolitanas;07501;Mortadela;Carnes;Carnes suínas outras;Alta;ok;;7;"";7.4732;805;2.0574;0.0314;0.0394;11072;6.8246;8.1218;0.0278;0.0351;1.5457
2017-2018;Regiões metropolitanas;07502;Presunto;Carnes;Carnes suínas outras;Alta;ok;;7;"";10.1965;1037;3.9327;0.0601;0.0753;11072;9.3599;11.033;0.0525;0.0677;2.9546
2017-2018;Regiões metropolitanas;07503;Salsicha;Carnes;Carnes suínas outras;Alta;ok;;7;"";5.8317;670;2.429;0.0371;0.0465;11072;5.2686;6.3948;0.0322;0.042;1.8249
2017-2018;Regiões metropolitanas;07504;Toucinho fresco;Carnes;Carnes suínas outras;Alta;ok;;7;"";3.1476;333;1.37;0.0209;0.0262;11072;2.7302;3.5651;0.0175;0.0243;1.0293
2017-2018;Regiões metropolitanas;07506;Outras;Carnes;Carnes suínas outras;Alta;ok;;7;"";3.2605;359;3.077;0.047;0.059;11072;2.7878;3.7331;0.038;0.056;2.3117
2017-2018;Regiões metropolitanas;07601;Linguiça;Carnes;Carnes de outros animais;Alta;ok;;7;"";1.7077;164;0.9662;0.0148;0.0185;11072;1.4083;2.0071;0.0115;0.018;0.7259
2017-2018;Regiões metropolitanas;07602;Outras;Carnes;Carnes de outros animais;Alta;ok;;7;"";2.8373;327;2.5331;0.0387;0.0485;11072;2.4493;3.2254;0.0321;0.0453;1.9031
2017-2018;Regiões metropolitanas;08101;Bovina Fígado;Vísceras;Vísceras;Alta;ok;;8;"";1.8437;240;43.375;0.0157;0.0197;11072;1.5651;2.1224;0.0128;0.0186;0.7706
2017-2018;Regiões metropolitanas;08102;Bovina Outras;Vísceras;Vísceras;Alta;ok;;8;"";0.8899;104;25.1683;0.0091;0.0114;11072;0.6744;1.1053;0.0065;0.0117;0.4472
2017-2018;Regiões metropolitanas;08103;Vísceras suínas;Vísceras;Vísceras;Alta;ok;;8;"";0.2486;33;6.6467;0.0024;0.003;11072;0.1527;0.3445;0.0013;0.0035;0.1181
2017-2018;Regiões metropolitanas;08104;Outras vísceras;Vísceras;Vísceras;Alta;ok;;8;"";0.8337;95;24.8101;0.009;0.0112;11072;0.6205;1.0468;0.0057;0.0122;0.4408
2017-2018;Regiões metropolitanas;09101;Bacalhau;Pescados;Peixes de água salgada (marinhos);Alta;ok;;9;"";0.6255;49;9.2032;0.0184;0.0231;11072;0.3624;0.8887;0.01;0.0267;0.9044
2017-2018;Regiões metropolitanas;09102;Sardinha fresca;Pescados;Peixes de água salgada (marinhos);Alta;ok;;9;"";0.0538;11;0.2493;5e-04;6e-04;11072;0.0209;0.0867;2e-04;8e-04;0.0245
2017-2018;Regiões metropolitanas;09103;Sardinha em conserva;Pescados;Peixes de água salgada (marinhos);Alta;ok;;9;"";1.9886;254;6.7905;0.0136;0.017;11072;1.6818;2.2954;0.0109;0.0162;0.6673
2017-2018;Regiões metropolitanas;09104;Atum e bonito;Pescados;Peixes de água salgada (marinhos);Alta;ok;;9;"";1.3367;132;6.7957;0.0136;0.017;11072;1.0458;1.6275;0.0101;0.0171;0.6678
2017-2018;Regiões metropolitanas;09105;Pescada;Pescados;Peixes de água salgada (marinhos);Alta;ok;;9;"";0.4035;40;4.262;0.0085;0.0107;11072;0.256;0.5509;0.005;0.0121;0.4188
2017-2018;Regiões metropolitanas;09106;Corvina;Pescados;Peixes de água salgada (marinhos);Alta;ok;;9;"";0.5793;55;6.0912;0.0122;0.0153;11072;0.1911;0.9674;0.0019;0.0224;0.5986
2017-2018;Regiões metropolitanas;09107;Cação e tubarão;Pescados;Peixes de água salgada (marinhos);Alta;ok;;9;"";0.1094;8;1.3625;0.0027;0.0034;11072;0.0258;0.193;3e-04;0.0051;0.1339
2017-2018;Regiões metropolitanas;09108;Outros peixes marinhos - fresco/inteiro;Pescados;Peixes de água salgada (marinhos);Baixa;ok;;9;"";1.6673;216;15.2058;0.0304;0.0381;11072;1.371;1.9636;0.0222;0.0385;1.4943
2017-2018;Regiões metropolitanas;09109;Outros peixes marinhos - em filé;Pescados;Peixes de água salgada (marinhos);Média;ok;;9;"";1.3534;137;14.8454;0.0297;0.0372;11072;1.0407;1.6662;0.0221;0.0372;1.4589
2017-2018;Regiões metropolitanas;09110;Outros peixes marinhos - em postas;Pescados;Peixes de água salgada (marinhos);Baixa;ok;;9;"";0.3563;54;2.9665;0.0059;0.0074;11072;0.237;0.4756;0.004;0.0079;0.2915
2017-2018;Regiões metropolitanas;09111;Outros peixes marinhos - salgado/seco;Pescados;Peixes de água salgada (marinhos);Média;compartilhado;09108, 09105;9;1995;;;;;;11072;;;;;
2017-2018;Regiões metropolitanas;09112;Outros peixes marinhos - em conserva;Pescados;Peixes de água salgada (marinhos);Média;ok;;9;"";0.0412;8;0.4549;9e-04;0.0011;11072;0.0083;0.0741;0;0.0021;0.0447
2017-2018;Regiões metropolitanas;09201;Tilápia;Pescados;Peixes de água doce;Alta;ok;;9;"";0.7685;97;8.6914;0.0174;0.0218;11072;0.5811;0.9559;0.0126;0.0221;0.8541
2017-2018;Regiões metropolitanas;09202;Outros peixes de água doce (nominados);Pescados;Peixes de água doce;Média;ok;;9;"";0.1558;25;1.8606;0.0037;0.0047;11072;0.0877;0.224;0.0019;0.0055;0.1829
2017-2018;Regiões metropolitanas;09203;Peixes de água doce - fresco/inteiro;Pescados;Peixes de água doce;Média;ok;;9;"";1.1205;120;12.2537;0.0245;0.0307;11072;0.8039;1.4371;0.0172;0.0318;1.2042
2017-2018;Regiões metropolitanas;09204;Peixes de água doce - filé/postas;Pescados;Peixes de água doce;Média;ok;;9;"";0.1311;13;1.2754;0.0025;0.0032;11072;0.0382;0.224;7e-04;0.0044;0.1253
2017-2018;Regiões metropolitanas;09205;Peixes de água doce - salgado/conserva;Pescados;Peixes de água doce;Média;compartilhado;09203;9;1995;;;;;;11072;;;;;
2017-2018;Regiões metropolitanas;09401;Camarão;Pescados;Crustáceos;Alta;ok;;9;"";0.5646;61;7.2871;0.0146;0.0183;11072;0.3973;0.7319;0.0092;0.0199;0.7161
2017-2018;Regiões metropolitanas;09402;Camarão processado;Pescados;Crustáceos;Média;ok;;9;1987, 1995;0.031;3;0.1191;2e-04;3e-04;11072;0;0.0681;0;5e-04;0.0117
2017-2018;Regiões metropolitanas;09403;Lagosta;Pescados;Crustáceos;Alta;sem_compra;;9;"";0;0;0;0;0;11072;0;0;0;0;0
2017-2018;Regiões metropolitanas;09404;Caranguejo e siri;Pescados;Crustáceos;Alta;ok;;9;"";0.0072;1;0.054;1e-04;1e-04;11072;0;0.0212;0;3e-04;0.0053
2017-2018;Regiões metropolitanas;09501;Ostras, mariscos e mexilhões;Pescados;Moluscos;Alta;ok;;9;"";0.0339;7;0.2317;5e-04;6e-04;11072;0.008;0.0598;1e-04;9e-04;0.0228
2017-2018;Regiões metropolitanas;09502;Lula e polvo;Pescados;Moluscos;Alta;sem_compra;;9;"";0;0;0;0;0;11072;0;0;0;0;0
2017-2018;Regiões metropolitanas;09601;Rã;Pescados;Outros pescados e preparações;Alta;sem_compra;;9;"";0;0;0;0;0;11072;0;0;0;0;0
2017-2018;Regiões metropolitanas;10101;Asa de frango;Aves e ovos;Aves;Alta;ok;;10;"";2.4644;284;4.7622;0.0305;0.0382;11072;2.111;2.8179;0.0251;0.0358;1.4989
2017-2018;Regiões metropolitanas;10102;Carne de frango não especificada;Aves e ovos;Aves;Alta;ok;;10;"";3.2471;313;4.9428;0.0316;0.0397;11072;2.7615;3.7327;0.0261;0.0372;1.5557
2017-2018;Regiões metropolitanas;10103;Coxa de frango;Aves e ovos;Aves;Alta;ok;;10;"";7.0911;715;12.2454;0.0784;0.0983;11072;6.3768;7.8054;0.069;0.0877;3.8541
2017-2018;Regiões metropolitanas;10104;Frango abatido (inteiro);Aves e ovos;Aves;Alta;ok;;10;"";8.2469;1209;22.1964;0.142;0.1782;11072;7.6274;8.8664;0.127;0.157;6.9861
2017-2018;Regiões metropolitanas;10105;Frango vivo;Aves e ovos;Aves;Alta;ok;;10;"";0.0355;5;0.1682;0.0011;0.0014;11072;0.0042;0.0668;0;0.0022;0.0529
2017-2018;Regiões metropolitanas;10106;Peito de frango;Aves e ovos;Aves;Alta;ok;;10;"";12.7394;1311;26.664;0.1706;0.214;11072;11.8466;13.6322;0.1554;0.1858;8.3923
2017-2018;Regiões metropolitanas;10107;Outras;Aves e ovos;Aves;Alta;ok;;10;"";4.295;436;5.9166;0.0379;0.0475;11072;3.6871;4.903;0.0307;0.045;1.8622
2017-2018;Regiões metropolitanas;10201;Ovo de galinha;Aves e ovos;Ovos;Alta;ok;;10;"";19.6956;2248;22.6835;0.1452;0.1821;11072;18.5948;20.7964;0.1341;0.1563;7.1395
2017-2018;Regiões metropolitanas;10202;Outros;Aves e ovos;Ovos;Alta;ok;;10;"";0.5267;70;0.4208;0.0027;0.0034;11072;0.386;0.6674;0.0018;0.0036;0.1324
2017-2018;Regiões metropolitanas;11101;Creme de leite;Laticínios;Leite e creme de leite;Alta;ok;;11;"";6.8907;732;2.8826;0.0325;0.0408;11072;6.2477;7.5338;0.0274;0.0376;1.5983
2017-2018;Regiões metropolitanas;11102;Leite condensado;Laticínios;Leite e creme de leite;Alta;ok;;11;"";6.6947;684;3.498;0.0394;0.0495;11072;6.0843;7.305;0.0346;0.0443;1.9395
2017-2018;Regiões metropolitanas;11103;Leite de vaca fresco;Laticínios;Leite e creme de leite;Alta;ok;;11;"";25.2903;2689;21.6457;0.244;0.3061;11072;24.0072;26.5734;0.221;0.267;12.0016
2017-2018;Regiões metropolitanas;11104;Leite de vaca pasteurizado;Laticínios;Leite e creme de leite;Alta;ok;;11;"";6.0707;594;4.6852;0.0528;0.0662;11072;5.3368;6.8045;0.0441;0.0615;2.5978
2017-2018;Regiões metropolitanas;11105;Leite em pó integral;Laticínios;Leite e creme de leite;Alta;ok;;11;"";7.243;973;10.1598;0.1145;0.1437;11072;6.6292;7.8569;0.0986;0.1304;5.6332
2017-2018;Regiões metropolitanas;11106;Outros;Laticínios;Leite e creme de leite;Alta;ok;;11;"";8.1682;850;5.632;0.0635;0.0796;11072;7.394;8.9424;0.0558;0.0712;3.1227
2017-2018;Regiões metropolitanas;11201;Queijo minas;Laticínios;Queijos e requeijão;Alta;ok;;11;"";6.7883;765;8.2852;0.0934;0.1171;11072;6.0593;7.5174;0.08;0.1068;4.5938
2017-2018;Regiões metropolitanas;11202;Queijo mozarela;Laticínios;Queijos e requeijão;Alta;ok;;11;"";13.6984;1308;10.4969;0.1183;0.1484;11072;12.7115;14.6852;0.1073;0.1294;5.8201
2017-2018;Regiões metropolitanas;11203;Queijo prato;Laticínios;Queijos e requeijão;Alta;ok;;11;"";5.9739;609;4.5426;0.0512;0.0642;11072;5.266;6.6818;0.0428;0.0596;2.5187
2017-2018;Regiões metropolitanas;11204;Outros queijos;Laticínios;Queijos e requeijão;Alta;ok;;11;"";7.1995;705;6.5976;0.0744;0.0933;11072;6.5063;7.8927;0.065;0.0838;3.6581
2017-2018;Regiões metropolitanas;11205;Requeijão;Laticínios;Queijos e requeijão;Alta;ok;;11;"";6.7583;659;3.9614;0.0447;0.056;11072;6.0633;7.4533;0.0388;0.0505;2.1964
2017-2018;Regiões metropolitanas;11301;Iogurte;Laticínios;Outros laticínios;Alta;ok;;11;"";12.4108;1310;8.5441;0.0963;0.1208;11072;11.552;13.2697;0.0875;0.1051;4.7373
2017-2018;Regiões metropolitanas;11302;Leite fermentado;Laticínios;Outros laticínios;Alta;ok;;11;"";5.7649;592;3.5143;0.0396;0.0497;11072;5.1487;6.3811;0.0334;0.0459;1.9485
2017-2018;Regiões metropolitanas;11303;Manteiga;Laticínios;Outros laticínios;Alta;ok;;11;"";5.5595;610;5.1715;0.0583;0.0731;11072;4.9828;6.1362;0.0509;0.0657;2.8674
2017-2018;Regiões metropolitanas;11304;Outros;Laticínios;Outros laticínios;Alta;ok;;11;"";0.8008;91;0.3831;0.0043;0.0054;11072;0.5893;1.0124;0.0032;0.0055;0.2124
2017-2018;Regiões metropolitanas;12101;Açúcar cristal;Açúcares e produtos de confeitaria;Açúcares, doces e produtos de confeitaria;Alta;ok;;12;"";6.7085;942;7.5742;0.0353;0.0443;11072;6.131;7.286;0.0312;0.0394;1.7367
2017-2018;Regiões metropolitanas;12102;Açúcar refinado;Açúcares e produtos de confeitaria;Açúcares, doces e produtos de confeitaria;Alta;ok;;12;"";9.8272;920;11.5822;0.054;0.0677;11072;8.9045;10.7499;0.0475;0.0605;2.6557
2017-2018;Regiões metropolitanas;12103;Outros;Açúcares e produtos de confeitaria;Açúcares, doces e produtos de confeitaria;Alta;ok;;12;"";2.0778;218;3.2681;0.0152;0.0191;11072;1.745;2.4107;0.0121;0.0184;0.7493
2017-2018;Regiões metropolitanas;12201;Doce a base de leite;Açúcares e produtos de confeitaria;Doces e derivados;Alta;ok;;12;"";2.423;252;4.1342;0.0193;0.0242;11072;2.0038;2.8423;0.0152;0.0233;0.9479
2017-2018;Regiões metropolitanas;12202;Doce de fruta;Açúcares e produtos de confeitaria;Doces e derivados;Alta;ok;;12;"";2.9666;349;4.4581;0.0208;0.0261;11072;2.543;3.3901;0.0166;0.025;1.0222
2017-2018;Regiões metropolitanas;12203;Sorvete;Açúcares e produtos de confeitaria;Doces e derivados;Alta;ok;;12;"";4.0952;394;13.3839;0.0624;0.0783;11072;3.4902;4.7002;0.0534;0.0714;3.0688
2017-2018;Regiões metropolitanas;12204;Outros;Açúcares e produtos de confeitaria;Doces e derivados;Alta;ok;;12;"";17.8604;1861;43.8444;0.2044;0.2564;11072;16.7812;18.9396;0.1783;0.2305;10.0532
2017-2018;Regiões metropolitanas;12301;Chocolate em pó;Açúcares e produtos de confeitaria;Outros açucares e produtos de confeitaria;Alta;ok;;12;"";0.0283;4;0.0414;2e-04;2e-04;11072;0;0.0565;0;4e-04;0.0095
2017-2018;Regiões metropolitanas;12302;Outros;Açúcares e produtos de confeitaria;Outros açucares e produtos de confeitaria;Alta;ok;;12;"";6.0827;636;11.7135;0.0546;0.0685;11072;5.2558;6.9096;0.0463;0.0629;2.6858
2017-2018;Regiões metropolitanas;13101;Sal grosso;Sais e condimentos;Sais;Alta;ok;;13;"";0.6736;71;0.573;0.001;0.0013;11072;0.4575;0.8896;7e-04;0.0014;0.0514
2017-2018;Regiões metropolitanas;13102;Sal refinado;Sais e condimentos;Sais;Alta;ok;;13;"";5.0849;561;4.886;0.0089;0.0112;11072;4.5314;5.6384;0.0077;0.0102;0.4384
2017-2018;Regiões metropolitanas;13103;Outros;Sais e condimentos;Sais;Alta;ok;;13;"";0.7413;63;1.5404;0.0028;0.0035;11072;0.5002;0.9824;0.0018;0.0038;0.1382
2017-2018;Regiões metropolitanas;13201;Caldo de carne em tablete;Sais e condimentos;Condimentos;Alta;ok;;13;"";1.2698;152;1.9435;0.0035;0.0044;11072;1.0077;1.5319;0.0023;0.0048;0.1744
2017-2018;Regiões metropolitanas;13202;Caldo de galinha em tablete;Sais e condimentos;Condimentos;Alta;ok;;13;"";1.747;213;2.4917;0.0045;0.0057;11072;1.4381;2.0558;0.0035;0.0056;0.2236
2017-2018;Regiões metropolitanas;13203;Fermento;Sais e condimentos;Condimentos;Alta;ok;;13;"";2.4732;220;3.9693;0.0072;0.0091;11072;1.9603;2.9861;0.0054;0.0091;0.3562
2017-2018;Regiões metropolitanas;13204;Maionese;Sais e condimentos;Condimentos;Alta;ok;;13;"";4.6772;487;11.7083;0.0214;0.0268;11072;4.1901;5.1643;0.0185;0.0242;1.0506
2017-2018;Regiões metropolitanas;13205;Massa de tomate;Sais e condimentos;Condimentos;Alta;ok;;13;"";3.4409;410;6.6131;0.0121;0.0151;11072;3.0244;3.8575;0.0103;0.0139;0.5934
2017-2018;Regiões metropolitanas;13206;Molho de tomate;Sais e condimentos;Condimentos;Alta;ok;;13;"";10.3419;997;22.5007;0.0411;0.0515;11072;9.4984;11.1854;0.0353;0.0468;2.0191
2017-2018;Regiões metropolitanas;13207;Tempero misto;Sais e condimentos;Condimentos;Alta;ok;;13;"";4.1607;519;9.2889;0.0169;0.0213;11072;3.7082;4.6131;0.0141;0.0198;0.8335
2017-2018;Regiões metropolitanas;13208;Vinagre de álcool;Sais e condimentos;Condimentos;Alta;ok;;13;"";1.9788;251;2.4041;0.0044;0.0055;11072;1.6809;2.2767;0.0035;0.0052;0.2157
2017-2018;Regiões metropolitanas;13209;Vinagre de vinho;Sais e condimentos;Condimentos;Alta;ok;;13;"";0.5062;42;0.8408;0.0015;0.0019;11072;0.3079;0.7044;9e-04;0.0022;0.0754
2017-2018;Regiões metropolitanas;13210;Outros;Sais e condimentos;Condimentos;Alta;ok;;13;"";10.943;1125;31.2402;0.057;0.0715;11072;10.1692;11.7167;0.0513;0.0627;2.8033
2017-2018;Regiões metropolitanas;14101;Azeite de oliva;Óleos e gorduras;Óleos;Alta;ok;;14;"";4.2653;411;29.0168;0.0626;0.0786;11072;3.6487;4.8819;0.0527;0.0726;3.0811
2017-2018;Regiões metropolitanas;14102;Óleo de milho;Óleos e gorduras;Óleos;Alta;ok;;14;"";0.564;58;2.1279;0.0046;0.0058;11072;0.3659;0.7621;0.0028;0.0064;0.2259
2017-2018;Regiões metropolitanas;14103;Óleo de soja;Óleos e gorduras;Óleos;Alta;ok;;14;"";12.1545;1379;32.244;0.0696;0.0873;11072;11.3172;12.9918;0.0621;0.0771;3.4238
2017-2018;Regiões metropolitanas;14104;Óleo não especificado;Óleos e gorduras;Óleos;Alta;ok;;14;"";1.5088;177;7.6929;0.0166;0.0208;11072;1.2262;1.7915;0.0105;0.0227;0.8169
2017-2018;Regiões metropolitanas;14201;Margarina vegetal;Óleos e gorduras;Gorduras;Alta;ok;;14;"";13.0761;1481;27.945;0.0603;0.0757;11072;12.232;13.9202;0.0545;0.0661;2.9673
2017-2018;Regiões metropolitanas;14202;Outras;Óleos e gorduras;Gorduras;Alta;ok;;14;"";0.2158;25;0.9735;0.0021;0.0026;11072;0.1174;0.3143;0.0011;0.0031;0.1034
2017-2018;Regiões metropolitanas;15101;Outras aguardentes;Bebidas e infusões;Bebidas alcoólicas;Alta;ok;;15;"";1.3263;124;1.1248;0.0162;0.0203;11072;1.0221;1.6305;0.011;0.0214;0.7961
2017-2018;Regiões metropolitanas;15102;Cerveja;Bebidas e infusões;Bebidas alcoólicas;Alta;ok;;15;"";13.1675;1352;27.6319;0.3976;0.4987;11072;12.1283;14.2068;0.3574;0.4378;19.5556
2017-2018;Regiões metropolitanas;15103;Vinho;Bebidas e infusões;Bebidas alcoólicas;Média;ok;;15;1995;2.9421;261;6.6461;0.0956;0.1199;11072;2.3576;3.5266;0.0534;0.1378;4.7036
2017-2018;Regiões metropolitanas;15104;Outras;Bebidas e infusões;Bebidas alcoólicas;Alta;ok;;15;"";1.3299;130;3.9195;0.0564;0.0707;11072;1.002;1.6577;0.0227;0.0901;2.7739
2017-2018;Regiões metropolitanas;15201;Água mineral;Bebidas e infusões;Bebidas não alcoólicas;Alta;ok;;15;"";11.8509;1472;6.1003;0.0878;0.1101;11072;10.9295;12.7722;0.0785;0.0971;4.3173
2017-2018;Regiões metropolitanas;15202;Refrigerante de cola;Bebidas e infusões;Bebidas não alcoólicas;Alta;ok;;15;"";12.524;1404;7.9967;0.1151;0.1443;11072;11.6855;13.3625;0.1036;0.1265;5.6594
2017-2018;Regiões metropolitanas;15203;Refrigerante de guaraná;Bebidas e infusões;Bebidas não alcoólicas;Alta;ok;;15;"";6.6679;742;3.3367;0.048;0.0602;11072;5.9551;7.3806;0.0406;0.0555;2.3614
2017-2018;Regiões metropolitanas;15204;Refrigerante de laranja;Bebidas e infusões;Bebidas não alcoólicas;Alta;ok;;15;"";2.707;268;0.9298;0.0134;0.0168;11072;2.2528;3.1613;0.0107;0.0161;0.6581
2017-2018;Regiões metropolitanas;15205;Refrigerante de limão;Bebidas e infusões;Bebidas não alcoólicas;Alta;ok;;15;"";1.7282;156;0.6728;0.0097;0.0121;11072;1.3911;2.0653;0.0071;0.0123;0.4761
2017-2018;Regiões metropolitanas;15206;Outros refrigerantes;Bebidas e infusões;Bebidas não alcoólicas;Alta;ok;;15;"";5.3059;542;3.1449;0.0453;0.0568;11072;4.6642;5.9475;0.0375;0.053;2.2257
2017-2018;Regiões metropolitanas;15207;Suco de fruta em pó;Bebidas e infusões;Bebidas não alcoólicas;Alta;ok;;15;"";8.8937;901;2.6246;0.0378;0.0474;11072;8.1258;9.6616;0.0328;0.0427;1.8575
2017-2018;Regiões metropolitanas;15208;Suco de fruta envasado;Bebidas e infusões;Bebidas não alcoólicas;Alta;ok;;15;"";15.5914;1594;10.6909;0.1538;0.1929;11072;14.4732;16.7095;0.1369;0.1708;7.5662
2017-2018;Regiões metropolitanas;15209;Outras;Bebidas e infusões;Bebidas não alcoólicas;Alta;ok;;15;"";3.3804;277;2.5433;0.0366;0.0459;11072;2.8213;3.9396;0.0275;0.0457;1.8
2017-2018;Regiões metropolitanas;15301;Café moído;Bebidas e infusões;Cafés;Alta;ok;;15;"";18.2887;2055;13.486;0.1941;0.2434;11072;17.2965;19.2809;0.1777;0.2104;9.5443
2017-2018;Regiões metropolitanas;15302;Café solúvel;Bebidas e infusões;Cafés;Alta;ok;;15;"";2.6351;362;1.5191;0.0219;0.0274;11072;2.2907;2.9794;0.0165;0.0272;1.0751
2017-2018;Regiões metropolitanas;15303;Outros;Bebidas e infusões;Cafés;Alta;ok;;15;"";9.4679;930;5.1779;0.0745;0.0934;11072;8.5922;10.3437;0.0632;0.0858;3.6645
2017-2018;Regiões metropolitanas;15401;Chá-mate;Bebidas e infusões;Chás;Alta;ok;;15;"";2.0247;196;1.2944;0.0186;0.0234;11072;1.6733;2.3761;0.0143;0.023;0.9161
2017-2018;Regiões metropolitanas;15402;Outros;Bebidas e infusões;Chás;Alta;ok;;15;"";2.3831;222;1.1605;0.0167;0.0209;11072;1.9508;2.8153;0.0123;0.0211;0.8213
2017-2018;Regiões metropolitanas;16101;Frango assado ou defumado;Outros produtos;Outros produtos;Baixa;ausente;;16;2002, 2008, 2017;;;;;;11072;;;;;
2017-2018;Regiões metropolitanas;16102;Massa;Outros produtos;Outros produtos;Média;ausente;;16;2017;;;;;;11072;;;;;
2017-2018;Regiões metropolitanas;16103;Outros produtos;Outros produtos;Outros produtos;Alta;ok;;16;"";10.8199;1235;16.3819;0.9707;1.2176;11072;9.9468;11.6931;0.8388;1.1026;47.7451
2017-2018;Regiões metropolitanas;16104;Refeição;Outros produtos;Outros produtos;Alta;ok;;16;"";58.2663;6509;78.6755;4.6621;5.8475;11072;56.8569;59.6756;4.4345;4.8897;229.3002
2017-2018;Regiões metropolitanas;16105;Salgadinho;Outros produtos;Outros produtos;Alta;ok;;16;"";18.8988;2093;4.7672;0.2825;0.3543;11072;17.6804;20.1172;0.2475;0.3174;13.8941
2017-2018;Regiões metropolitanas;16106;Mistura para bolo;Outros produtos;Outros produtos;Alta;ok;;16;"";1.8681;201;0.1754;0.0104;0.013;11072;1.5499;2.1863;0.0082;0.0126;0.5113
2017-2018;Regiões metropolitanas;17101;Aluguel;Serviços e taxas de habitação;Habitação e utilidades;Alta;ok;;17;"";98.4829;10896;64.5517;20.2717;;11072;98.191;98.7748;19.7001;20.8432;997.0427
2017-2018;Regiões metropolitanas;17102;Energia elétrica;Serviços e taxas de habitação;Habitação e utilidades;Alta;ok;;17;"";92.0252;10107;8.423;2.6451;3.3177;11072;91.017;93.0334;2.5276;2.7627;130.0979
2017-2018;Regiões metropolitanas;17103;Gás doméstico;Serviços e taxas de habitação;Habitação e utilidades;Alta;ok;;17;"";88.3268;9846;2.4863;0.7808;0.9793;11072;87.2976;89.3559;0.7431;0.8185;38.4027
2017-2018;Regiões metropolitanas;17104;Água e esgoto;Serviços e taxas de habitação;Habitação e utilidades;Alta;ok;;17;"";67.4111;7537;3.4485;1.083;1.3583;11072;65.4137;69.4085;1.0094;1.1565;53.2649
2017-2018;Regiões metropolitanas;17201;Telefone fixo;Serviços e taxas de habitação;Telefonia e comunicações;Alta;ok;;17;"";33.0344;3220;3.9902;1.2531;1.5717;11072;31.3177;34.7511;1.1902;1.316;61.6319
2017-2018;Regiões metropolitanas;17202;Telefone celular (plano/serviço);Serviços e taxas de habitação;Telefonia e comunicações;Média (ausência histórica esperada);ok;;17;1987;80.8883;9029;6.116;1.9207;2.409;11072;79.6168;82.1597;1.8488;1.9925;94.4654
2017-2018;Regiões metropolitanas;17301;Outros serviços e taxas de habitação;Serviços e taxas de habitação;Outros serviços de habitação;Alta;ok;;17;"";61.075;7109;10.9842;3.4495;4.3265;11072;59.2858;62.8641;3.1473;3.7516;169.6582
2017-2018;Regiões metropolitanas;18101;Manutenção do lar;Habitação;Manutenção e limpeza;Alta;ok;;18;"";37.6859;4070;51.5802;3.6621;4.5932;11072;36.0573;39.3146;3.2447;4.0795;180.1173
2017-2018;Regiões metropolitanas;18102;Artigos de limpeza doméstica;Habitação;Manutenção e limpeza;Alta;ok;;18;"";29.5914;3229;6.8867;0.4889;0.6133;11072;28.3911;30.7916;0.4532;0.5247;24.0481
2017-2018;Regiões metropolitanas;18103;Consertos de artigos do lar;Habitação;Manutenção e limpeza;Alta;ok;;18;"";16.7085;1900;1.5247;0.1082;0.1358;11072;15.6932;17.7237;0.0914;0.1251;5.3241
2017-2018;Regiões metropolitanas;18201;Mobiliários e artigos do lar;Habitação;Mobiliário e eletrodomésticos;Alta;ok;;18;"";64.6843;7302;21.878;1.5533;1.9482;11072;63.3246;66.0439;1.4555;1.6511;76.3977
2017-2018;Regiões metropolitanas;18202;Eletrodomésticos;Habitação;Mobiliário e eletrodomésticos;Alta;ok;;18;"";60.5603;6809;18.1304;1.2872;1.6145;11072;59.0736;62.0471;1.2152;1.3593;63.3112
2017-2018;Regiões metropolitanas;19101;Roupa de homem;Vestuário;Roupas;Alta;ok;;19;"";47.0342;5216;23.8354;0.9002;1.1291;11072;45.6187;48.4497;0.8491;0.9513;44.2755
2017-2018;Regiões metropolitanas;19102;Roupa de mulher;Vestuário;Roupas;Alta;ok;;19;"";56.0082;6173;30.4518;1.1501;1.4425;11072;54.5699;57.4466;1.0878;1.2124;56.5658
2017-2018;Regiões metropolitanas;19103;Roupa de criança;Vestuário;Roupas;Alta;ok;;19;"";32.865;3681;12.6894;0.4792;0.6011;11072;31.5719;34.1581;0.4457;0.5128;23.5711
2017-2018;Regiões metropolitanas;19104;Tecidos e armarinhos;Vestuário;Roupas;Alta;ok;;19;"";5.9056;699;0.6381;0.0241;0.0302;11072;5.3415;6.4697;0.0199;0.0282;1.1852
2017-2018;Regiões metropolitanas;19201;Calçados e apetrechos;Vestuário;Calçados e acessórios;Alta;ok;;19;"";61.5616;6863;28.4421;1.0742;1.3473;11072;60.0625;63.0607;1.0158;1.1325;52.8325
2017-2018;Regiões metropolitanas;19202;Joias e bijuterias;Vestuário;Calçados e acessórios;Alta;ok;;19;"";14.4105;1737;3.9432;0.1489;0.1868;11072;13.4888;15.3323;0.1209;0.1769;7.3248
2017-2018;Regiões metropolitanas;20101;Transporte urbano e coletivo;Transporte;Transporte coletivo;Alta;ok;;20;"";49.7734;5591;11.7787;2.2209;2.7856;11072;48.2775;51.2692;2.0509;2.3909;109.2323
2017-2018;Regiões metropolitanas;20201;Gasolina para veículo próprio;Transporte;Veículo próprio;Alta;ok;;20;"";33.486;3764;17.6614;3.3301;4.1768;11072;32.1177;34.8543;3.1683;3.4919;163.7868
2017-2018;Regiões metropolitanas;20202;Álcool para veículo próprio;Transporte;Veículo próprio;Alta;ok;;20;"";4.4253;367;2.0706;0.3904;0.4897;11072;3.8663;4.9843;0.3218;0.459;19.2019
2017-2018;Regiões metropolitanas;20203;Manutenção de veículo próprio;Transporte;Veículo próprio;Alta;ok;;20;"";39.9232;4469;9.8247;1.8525;2.3235;11072;38.3147;41.5318;1.687;2.0179;91.111
2017-2018;Regiões metropolitanas;20301;Aquisição de veículos;Transporte;Aquisição e outros;Alta;ok;;20;"";19.173;2111;31.9857;6.0309;7.5644;11072;17.9464;20.3995;5.4964;6.5655;296.6261
2017-2018;Regiões metropolitanas;20302;Viagens esporádicas;Transporte;Aquisição e outros;Alta;ok;;20;"";32.9692;3637;18.3592;3.4617;4.3418;11072;31.3662;34.5722;3.0511;3.8722;170.2579
2017-2018;Regiões metropolitanas;20303;Outros transportes;Transporte;Aquisição e outros;Alta;ok;;20;"";36.6994;3705;8.3197;1.5687;1.9676;11072;34.9971;38.4017;1.4468;1.6906;77.1549
2017-2018;Regiões metropolitanas;21101;Perfume e colônia;Higiene e cuidados pessoais;Higiene e cuidados pessoais;Alta;ok;;21;"";28.8426;3388;25.4245;0.7499;0.9406;11072;27.5246;30.1606;0.6854;0.8144;36.8841
2017-2018;Regiões metropolitanas;21102;Produtos para cabelo;Higiene e cuidados pessoais;Higiene e cuidados pessoais;Alta;ok;;21;"";52.0738;5804;13.3852;0.3948;0.4952;11072;50.4814;53.6662;0.3693;0.4203;19.4183
2017-2018;Regiões metropolitanas;21103;Sabonete e produtos de banho;Higiene e cuidados pessoais;Higiene e cuidados pessoais;Alta;ok;;21;"";67.2509;7583;6.1458;0.1813;0.2274;11072;65.53;68.9719;0.1698;0.1928;8.9159
2017-2018;Regiões metropolitanas;21104;Outros produtos de higiene pessoal;Higiene e cuidados pessoais;Higiene e cuidados pessoais;Alta;ok;;21;"";90.018;10013;55.0445;1.6236;2.0364;11072;89.1161;90.9199;1.5433;1.7039;79.8547
2017-2018;Regiões metropolitanas;22101;Remédios e produtos farmacêuticos;Assistência à saúde;Medicamentos e materiais;Alta;ok;;22;"";87.8282;9753;39.1738;3.1914;4.0029;11072;86.9688;88.6875;3.0457;3.3371;156.9664
2017-2018;Regiões metropolitanas;22102;Material de tratamento médico;Assistência à saúde;Medicamentos e materiais;Alta;ok;;22;"";0.0862;11;0.1505;0.0123;0.0154;11072;0.0326;0.1397;0;0.0261;0.603
2017-2018;Regiões metropolitanas;22201;Consulta e tratamento dentário;Assistência à saúde;Serviços médicos;Alta;ok;;22;"";0.9474;109;0.4065;0.0331;0.0415;11072;0.6977;1.1971;0.021;0.0453;1.6289
2017-2018;Regiões metropolitanas;22202;Consulta médica;Assistência à saúde;Serviços médicos;Alta;ok;;22;"";21.9665;2435;9.5784;0.7803;0.9787;11072;20.6923;23.2408;0.6845;0.8762;38.38
2017-2018;Regiões metropolitanas;22203;Tratamento ambulatorial;Assistência à saúde;Serviços médicos;Alta;ok;;22;"";2.1467;198;3.5963;0.293;0.3675;11072;1.7247;2.5687;0.19;0.396;14.4102
2017-2018;Regiões metropolitanas;22204;Serviços de cirurgia;Assistência à saúde;Serviços médicos;Média;ausente;;22;2017;;;;;;11072;;;;;
2017-2018;Regiões metropolitanas;22205;Hospitalização;Assistência à saúde;Serviços médicos;Alta;ok;;22;"";0.1765;17;0.2102;0.0171;0.0215;11072;0.083;0.2699;0.0067;0.0275;0.8423
2017-2018;Regiões metropolitanas;22206;Exames médicos;Assistência à saúde;Serviços médicos;Alta;ok;;22;"";7.7205;991;1.7074;0.1391;0.1745;11072;7.0926;8.3483;0.1148;0.1634;6.8415
2017-2018;Regiões metropolitanas;22301;Plano e seguro de saúde;Assistência à saúde;Plano e outros;Alta;ok;;22;"";36.717;3887;41.8539;3.4098;4.2767;11072;35.0496;38.3844;3.1314;3.6881;167.7053
2017-2018;Regiões metropolitanas;22302;Outros serviços de saúde;Assistência à saúde;Plano e outros;Alta;ok;;22;"";5.9987;658;3.323;0.2707;0.3395;11072;5.3772;6.6202;0.2236;0.3178;13.3148
2017-2018;Regiões metropolitanas;23101;Cursos regulares (ensino fundamental/médio);Educação;Cursos;Média;ok;;23;1987;15.2202;1756;42.1708;2.4172;3.0318;11072;14.2045;16.2359;2.0463;2.7882;118.8884
2017-2018;Regiões metropolitanas;23102;Curso superior;Educação;Cursos;Alta;ok;;23;"";11.1916;1177;29.9152;1.7147;2.1507;11072;10.3237;12.0594;1.4541;1.9754;84.3374
2017-2018;Regiões metropolitanas;23103;Outros cursos e formação;Educação;Cursos;Média;ok;;23;1987;16.7541;1928;11.1137;0.637;0.799;11072;15.5864;17.9218;0.572;0.702;31.3319
2017-2018;Regiões metropolitanas;23201;Livros e revistas técnicas;Educação;Material e outros;Média;ausente;;23;2017;;;;;;11072;;;;;
2017-2018;Regiões metropolitanas;23202;Artigos escolares;Educação;Material e outros;Alta;ok;;23;"";32.7378;3904;2.1616;0.1239;0.1554;11072;31.3775;34.0982;0.1146;0.1332;6.0939
2017-2018;Regiões metropolitanas;23203;Outros gastos com educação;Educação;Material e outros;Alta;ok;;23;"";29.2693;3486;14.6387;0.8391;1.0524;11072;27.904;30.6346;0.7419;0.9363;41.2697
2017-2018;Regiões metropolitanas;24101;Brinquedos e jogos;Recreação e cultura;Diversões e esportes;Alta;ok;;24;"";39.2767;4337;13.8562;0.3467;0.4348;11072;37.9147;40.6387;0.3186;0.3747;17.0504
2017-2018;Regiões metropolitanas;24102;Diversões e esportes;Recreação e cultura;Diversões e esportes;Alta;ok;;24;"";16.2958;1746;9.1493;0.2289;0.2871;11072;15.074;17.5176;0.1955;0.2623;11.2584
2017-2018;Regiões metropolitanas;24201;Telefone celular e acessórios (aquisição);Recreação e cultura;Dispositivos e mídia;Média (ausência histórica esperada);ok;;24;1987, 2017;38.1921;4491;39.9904;1.0005;1.2549;11072;36.7839;39.6003;0.9091;1.0919;49.2092
2017-2018;Regiões metropolitanas;24202;Periódicos, livros e revistas não técnicas;Recreação e cultura;Dispositivos e mídia;Alta;ok;;24;"";14.79;1566;5.5645;0.1392;0.1746;11072;13.5909;15.989;0.1191;0.1594;6.8473
2017-2018;Regiões metropolitanas;24301;Outras recreações e cultura;Recreação e cultura;Outras recreações;Alta;ok;;24;"";43.4377;4667;31.4396;0.7866;0.9866;11072;41.9848;44.8906;0.7346;0.8385;38.6872
2017-2018;Regiões metropolitanas;25101;Fumo;Serviços pessoais;Serviços pessoais;Alta;ok;;25;"";16.0248;1704;24.3222;0.4342;0.5446;11072;15.1111;16.9385;0.3897;0.4788;21.3561
2017-2018;Regiões metropolitanas;25102;Cabeleireiro;Serviços pessoais;Serviços pessoais;Alta;ok;;25;"";78.4536;8591;37.5368;0.6701;0.8405;11072;77.3504;79.5568;0.6447;0.6956;32.9591
2017-2018;Regiões metropolitanas;25103;Manicure e pedicure;Serviços pessoais;Serviços pessoais;Alta;ok;;25;"";37.5034;4227;18.195;0.3248;0.4074;11072;36.1098;38.8971;0.3065;0.3432;15.9761
2017-2018;Regiões metropolitanas;25104;Consertos de artigos pessoais;Serviços pessoais;Serviços pessoais;Alta;ok;;25;"";11.7578;1279;3.4888;0.0623;0.0781;11072;10.7606;12.755;0.0531;0.0714;3.0633
2017-2018;Regiões metropolitanas;25105;Outros serviços pessoais;Serviços pessoais;Serviços pessoais;Alta;ok;;25;"";18.7243;2168;16.4571;0.2938;0.3685;11072;17.5252;19.9235;0.2534;0.3342;14.4501
2017-2018;Regiões metropolitanas;26101;Jogos e apostas;Despesas diversas;Despesas diversas;Alta;ok;;26;"";13.154;1481;7.7779;0.2357;0.2957;11072;12.2295;14.0786;0.2011;0.2704;11.5949
2017-2018;Regiões metropolitanas;26102;Comunicação (outros);Despesas diversas;Despesas diversas;Média;ok;;26;1995;9.6078;1041;2.2425;0.068;0.0853;11072;8.7439;10.4717;0.0559;0.0801;3.3431
2017-2018;Regiões metropolitanas;26103;Cerimônias e festas;Despesas diversas;Despesas diversas;Alta;ok;;26;"";10.7129;1226;16.962;0.5141;0.6448;11072;9.8349;11.5909;0.4131;0.6152;25.2861
2017-2018;Regiões metropolitanas;26104;Serviços profissionais e cartório;Despesas diversas;Despesas diversas;Média;ausente;;26;2017;;;;;;11072;;;;;
2017-2018;Regiões metropolitanas;26105;Imóveis de uso ocasional;Despesas diversas;Despesas diversas;Alta;ok;;26;"";6.5988;768;18.7293;0.5677;0.712;11072;5.9312;7.2663;0.4467;0.6887;27.9208
2017-2018;Regiões metropolitanas;26106;Outras despesas diversas;Despesas diversas;Despesas diversas;Alta;ok;;26;"";39.8173;4386;54.2883;1.6455;2.0638;11072;38.3041;41.3306;1.3961;1.8949;80.9306
